Workbook

Sheet Portada
A1: 1. ANTECEDENTES DE LA EMPRESA | F1: N° de Puestos | G1: Evaluados | H1: Pendientes
A2: Razón Social | B2: FAENADORA SAN VICENTE LTDA | C2: RUT Empresa | D2: 78483600-2 | F2: =COUNTIF(Datos!A:T,"Procesos") -> 68 | G2: =COUNTIF(Datos!T:T,"SI") -> 65 | H2: =COUNTIF(Datos!T:T,"NO") -> 3
A3: Actividad Económica | B3: Explotación de mataderos de aves y de otros tipos de animales n.c.p. | C3: Código CIIU
A4: Dirección | B4: CARRETERA H 66 G KM 19,2 | C4: Comuna | D4: SAN VICENTE
A5: Nombre Representante Legal | B5: SANDRA CALDERON
A6: Organismo administrador al que está adherido | B6: INSTITUTO SALUD DEL TRABAJADOR | C6: Fecha inicio | D6: 45440
A7: 2.- CENTRO DE TRABAJO O LUGAR DE TRABAJO
A8: Nombre del centro de trabajo | B8: Procesos | C8: Nº de trabajadores centro de trabajo
A9: Dirección | B9: CARRETERA H 66 G KM 19,2 | C9: Hombres
A10: Comuna | B10: SAN VICENTE | C10: Mujeres
A11: 3.- RESPONSABLE IMPLEMENTACIÓN PROTOCOLO
A12: Nombre responsable | B12: CONSTANZA ANDREA MUÑOZ CARO | C12: Teléfono | D12: 722312747
A13: Cargo | B13: SUPERVISORA DE ACTIVIDADES ERGONOMICAS
A14: Correo electrónico | B14: CAMUNOZC@AGROSUPER.COM

Sheet Datos
A1: N° | B1: Área de trabajo | C1: Puesto de trabajo | D1: Tareas del puesto de trabajo | E1: Descripción de la tarea | F1: Horario de funcionamiento | G1: Horas extras POR DIA | H1: Horas extras POR SEMANA | I1: N° Trabajadores Expuestos HOMBRE | J1: N° Trabajadores Expuestos MUJER | K1: Tipo de contrato | L1: Tipo de remuneración | M1: Duración (min) | N1: Pausas de Trabajo | O1: Rotación de tarea | P1: Equipos y Herramienta | Q1: Características de los ambientes y espacios de trabajo (Espacios, barreras arquitectónicas, flujo de tránsito) | R1: Características y disposición espacial del puesto de trabajo (Ubicación de los elementos de trabajo, disposición física del espacio de trabajo) | S1: Características y herramientas utilizadas (Descripción de equipos, herramientas utilizadas, herramientas vibrantes, uso de EPP) | T1: Evaluacion SI/NO
A2: 1 | B2: Procesos | C2: Deshuesado de Pechugas | D2: Postura de Pechuga | E2: Colaborador toma pechugas de forma Bimanual posicionandola en porta producto | F2: 07:05 - 15:05 - 15:05 - 00:05 | G2: N/A | H2: 2 | I2: 209 | J2: 101 | K2: Indefinido | L2: Variable | M2: 120 min | N2: Preparatorias - Compensatorias | O2: SI | P2: N/A | Q2: Flujo de transito demarcado, uso de tarimas para transito y posicion frente a puesto de trabajo | R2: Mesa de trabajo que cuenta con tarima para brindar altura, ubicación del puesto dentro de linea productiva bajo techo. | S2: EPP tales como zapatos de seguridad, Proteccion auditiva | T2: SI
A3: 2 | B3: Procesos | C3: Deshuesado de Pechugas | D3: Bajado de Pechugas | E3: Trabajadores se posicionan frente a la linea sentados en silla y de forma bimanual toman la pechuga desplazandola desde el filete, utilizan cuchillo, luego depositan el producto en chute | F3: 07:05 - 15:05 - 15:05 - 00:05 | G3: N/A | H3: 2 | I3: 209 | J3: 101 | K3: Indefinido | L3: Variable | M3: 120 min | N3: Preparatorias - Compensatorias | O3: SI | P3: Cuchillo | Q3: Flujo de transito demarcado, uso de tarimas para transito, uso de silla para posicionarse frente a la linea | R3: Puesto de trabajo con mesa a la altura correspondiente, cuenta con silla parado sentado, sin tarimas, sin exposicion a rayos uv | S3: Utiliza cuhillo para el corte del prodcuto, utilizando EPP tales como guantes anticortes, zapatos de seguridad, Proteccion auditiva | T3: SI
A4: 3 | B4: Procesos | C4: Deshuesado de Pechugas | D4: Prolijado | E4: Deben tomar pechuga que va en porta producto pasando por la linea para posicionarla en meson y con cuchillo retirar grasa | F4: 07:05 - 15:05 - 15:05 - 00:05 | G4: N/A | H4: 2 | I4: 209 | J4: 101 | K4: Indefinido | L4: Variable | M4: 60 Min | N4: Preparatorias - Compensatorias | O4: SI | P4: Cuchillo | Q4: Flujo de transito despejado, cuenta con alfombra antifatiga | R4: Puesto de trabajo sobre alformbras antifatiga, mesa de trabajo a la altura de la cadera, sin tarimas, sin exposicion a rayos uv | S4: Utiliza cuhillo para el corte del prodcuto, utilizando EPP tales como guantes anticortes, zapatos de seguridad, Proteccion auditiva | T4: SI
A5: 4 | B5: Procesos | C5: Deshuesado de Pechugas | D5: Bajado de filete | E5: Trabajadores se posicionan frente a la linea sentados en silla y de forma bimanual toman el filete desplazandola desde la carcasa del pollo depositandolo en chute | F5: 07:05 - 15:05 - 15:05 - 00:05 | G5: N/A | H5: 2 | I5: 209 | J5: 101 | K5: Indefinido | L5: Variable | M5: 60 Min | N5: Preparatorias - Compensatorias | O5: SI | P5: N/A | Q5: Flujo de transito demarcado, cuentan con sillas para posicionarse frente a linea | R5: Puesto de trabajo con mesa a la altura correspondiente, cuenta con silla parado sentado, sin tarimas, sin exposicion a rayos uv | S5: Utiliza cuhillo para el corte del prodcuto, utilizando EPP tales como guantes anticortes, zapatos de seguridad, Proteccion auditiva | T5: SI
A6: 5 | B6: Procesos | C6: Deshuesado de Pechugas | D6: Selección de filete | E6: Con Ambas mano deben rotar las pechugas para su revision de y retiro de hueso | F6: 07:05 - 15:05 - 15:05 - 00:05 | G6: N/A | H6: 2 | I6: 209 | J6: 101 | K6: Indefinido | L6: Variable | M6: 60 Min | N6: Preparatorias - Compensatorias | O6: SI | P6: N/A | Q6: Flujo de transito demarcado, cuentan con tarimas para brindar altura y posicionarse frente a la linea | R6: Puesto de trabajo con mesa a la altura correspondiente, cuenta con silla parado sentado, sobre tarima, sin exposicion a rayos uv | S6: Utiliza cuhillo para el corte del prodcuto, utilizando EPP tales como guantes anticortes, zapatos de seguridad, Proteccion auditiva | T6: SI
A7: 6 | B7: Procesos | C7: Deshuesado de Pechugas | D7: Filete | E7: Colaborador se posiciona frente a la linea, de forma visual revisa el producto, si detecta uno con hueso lo retira para depositarlo en linea | F7: 07:05 - 15:05 - 15:05 - 00:05 | G7: N/A | H7: 2 | I7: 40 | J7: 20 | K7: Indefinido | L7: Variable | M7: 60 Min | N7: Preparatorias - Compensatorias | O7: SI | P7: N/A | Q7: Flujo de transito demarcado, cuentan con silla parado sentado para posicionarse frente a la linea | R7: Puesto de trabajo con linea a la altura del torax cuenta con tarimas, sin exposicion a rayos uv | S7: Utiliza cuhillo para el corte del prodcuto, utilizando EPP tales como guantes anticortes, zapatos de seguridad, Proteccion auditiva | T7: SI
A8: 7 | B8: Procesos | C8: Deshuesado de Pechugas | D8: Tiritas | E8: Colaboradores ordenan producto en linea para que este luego pase por equipo el cual realiza el corte | F8: 07:05 - 15:05 - 15:05 - 00:05 | G8: N/A | H8: 2 | I8: 40 | J8: 20 | K8: Indefinido | L8: Variable | M8: 60 Min | N8: Preparatorias - Compensatorias | O8: SI | P8: N/A | Q8: Flujo demarcado, libre de barreras. | R8: Puesto de trabajo con mesa a la altura correspondiente, sobre tarima, sin exposicion a rayos uv | S8: Utiliza cuhillo para el corte del prodcuto, utilizando EPP tales como guantes anticortes, zapatos de seguridad, Proteccion auditiva | T8: SI
A9: 8 | B9: Procesos | C9: Deshuesado de Pechugas | D9: Piel | E9: Inspeccionar que piel no presente otras estructuras (huesos), la cual una vez inspeccionada esta es desplazada a bins de manera manual (en ocasiones se ayudan de rastrillo que pesa 80 gramos). | F9: 07:05 - 15:05 - 15:05 - 00:05 | G9: N/A | H9: 2 | I9: 40 | J9: 20 | K9: Indefinido | L9: Variable | M9: 60 Min | N9: Preparatorias - Compensatorias | O9: SI | P9: Rastrillo | Q9: Flujos de transito demarcado cuentan con tarima para brindar altura al estar revisando producto | R9: Puesto de trabajo sin mesa de trabajo, cuenta con tarima, sin exposicion a rayos uv | S9: Utiliza cuhillo para el corte del prodcuto, utilizando EPP tales como guantes anticortes, zapatos de seguridad, Proteccion auditiva | T9: SI
A10: 9 | B10: Procesos | C10: Deshuesado de Pechugas | D10: Recepcion de bins | E10: Verificar llenado de bins y cambiarlo con ayuda de tras paletero. En ocaciones se utilizan combos (cajas de carton) | F10: 07:05 - 15:05 - 15:05 - 00:05 | G10: N/A | H10: 2 | I10: 40 | J10: 20 | K10: Indefinido | L10: Variable | M10: 60 Min | N10: Preparatorias - Compensatorias | O10: SI | P10: N/A | Q10: Flujos en sala con demarcaciones | R10: Puesto de trabajo sin exposicion a rayor uv, flujo de transpaletas en puesto de trabajo | S10: Utiliza cuhillo para el corte del prodcuto, utilizando EPP tales como guantes anticortes, zapatos de seguridad, Proteccion auditiva | T10: SI
A11: 10 | B11: Procesos | C11: Deshuesado de Pechugas | D11: Reproceso | E11: Colaborador cuenta con gancho de reproceso, recorre lineas recogiendo producto que se encuentre en el piso y depositandolo en bandeja para luego lavar y reprocesarlo | F11: 07:05 - 15:05 - 15:05 - 00:05 | G11: N/A | H11: 2 | I11: 40 | J11: 20 | K11: Indefinido | L11: Variable | M11: 60 Min | N11: Preparatorias - Compensatorias | O11: SI | P11: Gancho | Q11: Flujos en sala con demarcaciones | R11: Puesto de trabajo sin exposicion a rayor uv | S11: Utiliza cuhillo para el corte del prodcuto, utilizando EPP tales como guantes anticortes, zapatos de seguridad, Proteccion auditiva | T11: SI
A12: 11 | B12: Procesos | C12: Deshuesado de Pechugas | D12: Clavicula | E12: Colaborador recolecta pechugas que presentan hueso de clavicula, lo retira con ayuda de cuchillo | F12: 07:05 - 15:05 - 15:05 - 00:05 | G12: N/A | H12: 2 | I12: 40 | J12: 20 | K12: Indefinido | L12: Variable | M12: 60 Min | N12: Preparatorias - Compensatorias | O12: SI | P12: Cuchillo | Q12: Flujos de transito demarcado cuentan con tarima para brindar altura al estar revisando producto | R12: Puesto de trabajo con linea a la altura de la cadera cuenta con tarimas, sin exposicion a rayos uv | S12: Utiliza cuhillo para el corte del prodcuto, utilizando EPP tales como guantes anticortes, zapatos de seguridad, Proteccion auditiva | T12: SI
A13: 12 | B13: Procesos | C13: Deshuesado de Pechugas | D13: Transpaletero | E13: Transportar con transpaleta eléctrica productos en pallet o bins desde y hacia distintas aéreas | F13: 07:05 - 15:05 - 15:05 - 00:05 | G13: N/A | H13: 2 | I13: 40 | J13: 20 | K13: Indefinido | L13: Variable | M13: 60 Min | N13: Preparatorias - Compensatorias | O13: SI | P13: Equipo Rodante Transpaleta | Q13: Flujo de transito demarcado para transito de transpaletas | R13: Puesto de trabajo sobre equipo rodante que recorre planta general para traslado d eproductos sin exposicion a radiacion uv | S13: Utiliza cuhillo para el corte del prodcuto, utilizando EPP tales como guantes anticortes, zapatos de seguridad, Proteccion auditiva | T13: NO
... A22: 21 | B22: Procesos | C22: Envasado | D22: alimentador Envasado multicabezal | E22: Colaboradora alimenta maquina con cajas plasticas | F22: 07:20 - 15:30 / 15:30 - 01:05 | G22: N/A | H22: 2 | I22: 36 | J22: 52 | K22: Indefinido | L22: Variable | M22: 60 Min | N22: Preparatorias - Compensatorias | O22: SI | P22: N/A | Q22: Flujo demarcado, libre de barreras. | R22: Alcance libre de productos | S22: Utiliza cuhillo para el corte del prodcuto, utilizando EPP tales como guantes anticortes, zapatos de seguridad, Proteccion auditiva | T22: SI
A23: 22 | B23: Procesos | C23: Envasado | D23: Carro materiales | E23: Personal de desplay y maquinista entran materiales de bodega con carro de cuatro ruedas o manualmente cuando es poca cantidad | F23: 07:20 - 15:30 / 15:30 - 01:05 | G23: N/A | H23: 2 | I23: 36 | J23: 52 | K23: Indefinido | L23: Variable | N23: Preparatorias - Compensatorias | O23: SI | P23: Carro transporte | Q23: Flujo demarcado, libre de barreras. | R23: Sin exposicion a UV, alcance de productos sin disficultad | S23: Utiliza cuhillo para el corte del prodcuto, utilizando EPP tales como guantes anticortes, zapatos de seguridad, Proteccion auditiva | T23: SI
A24: 23 | B24: Procesos | C24: Envasado | D24: Maquinista Termoselladora | E24: Da partida y detiene maquina,regulan, ponen rollos de desplay, traen rollos de bodega en carro de 4 ruedas mantiene limpieza de maquina, | F24: 07:00 - 15:00 / 16:00 - 01:05 | G24: N/A | H24: 2 | I24: 36 | J24: 52 | K24: Indefinido | L24: Variable | M24: 360 Min | N24: Preparatorias - Compensatorias | O24: SI | P24: Carro de transporte | Q24: Flujo demarcado, libre de barreras. | R24: Puesto de trabajo libre de obstaculos sin mesa de trabajo fija | S24: Utiliza cuhillo para el corte del prodcuto, utilizando EPP tales como guantes anticortes, zapatos de seguridad, Proteccion auditiva | T24: SI
A25: 24 | B25: Procesos | C25: Envasado | D25: Llenado de bandeja con pala | E25: Se realiza movimiento de producto desde bins a linea con pala plastica en todas las lineas envasado. | F25: 07:20 - 15:30 / 15:30 - 01:05 | G25: N/A | H25: 2 | I25: 36 | J25: 0 | K25: Indefinido | L25: Variable | M25: 120 min | N25: Preparatorias - Compensatorias | O25: SI | P25: Pala | Q25: Flujo demarcado, libre de barreras. | R25: Libre de obstaculos, sin mesa de trabajo | S25: Utiliza cuhillo para el corte del prodcuto, utilizando EPP tales como guantes anticortes, zapatos de seguridad, Proteccion auditiva | T25: SI
A26: 25 | B26: Procesos | C26: Envasado | D26: Levantamiento de bandeja | E26: Colaborador saca producto en bandeja para ser distribuida. | F26: 07:20 - 15:30 / 15:30 - 01:05 | G26: N/A | H26: 2 | I26: 36 | J26: 0 | K26: Indefinido | L26: Variable | M26: 60 Min | N26: Preparatorias - Compensatorias | O26: SI | P26: N/A | Q26: Flujo demarcado, libre de barreras. | R26: Libre de manipulacion de objetos de trabajo, sin exposicion a UV | S26: Utiliza cuhillo para el corte del prodcuto, utilizando EPP tales como guantes anticortes, zapatos de seguridad, Proteccion auditiva | T26: SI
A27: 26 | B27: Procesos | C27: Mesanina | D27: Puesto Fijo | E27: Revision visual de ave que pasa por carrusel y retiro de esta en caso de cumplir por calidad, siendo sacada y depositada en bandeja | G27: N/A | H27: 2 | I27: 32 | J27: 20 | K27: Indefinido | L27: Variable | M27: 120 Min | N27: Preparatorias - Compensatorias | O27: SI | P27: Gancho | Q27: Flujo demarcado, libre de barreras. | R27: sin mesa de trabajo linea aerea para observar aves | S27: Utiliza cuhillo para el corte del prodcuto, utilizando EPP tales como guantes anticortes, zapatos de seguridad, Proteccion auditiva | T27: SI
A28: 27 | B28: Procesos | C28: Mesanina | D28: Centro Punta | E28: Colaborador retira ala desde linea posiciona en bandeja y va separando la punta de ala desde centro de ala mediante corte con cuchillo | G28: N/A | H28: 2 | I28: 32 | J28: 20 | K28: Indefinido | L28: Variable | M28: 60 Min | N28: Preparatorias - Compensatorias | O28: SI | P28: cuchillo | Q28: Flujo demarcado, libre de barreras. | R28: Mesa de trabajo a la altura del torax, con alcances de linea adecuados. | S28: Utiliza cuhillo para el corte del prodcuto, utilizando EPP tales como guantes anticortes, zapatos de seguridad, Proteccion auditiva | T28: SI
A29: 28 | B29: Procesos | C29: Mesanina | D29: Reenganchador | E29: Inspeccion visual de ave que pasa por carrusel, revisa pollos colgados de una pata para colgar, y cuelga en ganchos vacios aves. | G29: N/A | H29: 2 | I29: 32 | J29: 20 | K29: Indefinido | L29: Variable | M29: 120 min | N29: Preparatorias - Compensatorias | O29: SI | P29: N/A | Q29: Flujo demarcado, libre de barreras. | R29: sin mesa de trabajo, libre de obstaculos. | S29: Utiliza cuhillo para el corte del prodcuto, utilizando EPP tales como guantes anticortes, zapatos de seguridad, Proteccion auditiva | T29: SI
A30: 29 | B30: Procesos | C30: Mesanina | D30: Cazuelero | E30: Pollo que es retirado de carrusel debe ser trozado de forma manual depositando diferentes partes del ave en bandejas | G30: N/A | H30: 2 | I30: 32 | J30: 20 | K30: Indefinido | L30: Variable | M30: 60 min | N30: Preparatorias - Compensatorias | O30: SI | P30: cuchillo | Q30: Flujo demarcado, libre de barreras. | R30: Mesa de trabajo con porta cuchillo | S30: Utiliza cuhillo para el corte del prodcuto, utilizando EPP tales como guantes anticortes, zapatos de seguridad, Proteccion auditiva | T30: SI
A31: 30 | B31: Procesos | C31: Mesanina | D31: Reproceso | E31: Recoge producto de piso de todas la líneas las cuales son depositadas en bandejas las cuales son trasladadas a las estación de reproceso para sanitizarlo. Utilizan gancho para acercar productos que se encuentren bajo las lineas | G31: N/A | H31: 2 | I31: 32 | J31: 20 | K31: Indefinido | L31: Variable | M31: 60 min | N31: Preparatorias - Compensatorias | O31: SI | P31: Gancho | Q31: Flujo demarcado, libre de barreras. | R31: Elementos a la altura necesaria para el alcance con porta gancho en el carro | S31: Utiliza cuhillo para el corte del prodcuto, utilizando EPP tales como guantes anticortes, zapatos de seguridad, Proteccion auditiva | T31: SI
A32: 31 | B32: Procesos | C32: Mesanina | D32: Transporte Cazuela | E32: Realiza transporte de producto (Cazuela) en carro para luego depositarlo en linea. | G32: N/A | H32: 3 | I32: 32 | J32: 20 | K32: Indefinido | L32: Variable | N32: Preparatorias - Compensatorias | O32: SI | P32: N/A | Q32: Flujo demarcado, libre de barreras. | R32: Sin mesa de trabajo, con carro de transporte de 4 ruedas y aza para manipulacion | S32: Utiliza cuhillo para el corte del prodcuto, utilizando EPP tales como guantes anticortes, zapatos de seguridad, Proteccion auditiva | T32: SI
A33: 32 | B33: Procesos | C33: Mesanina | D33: Maquinista | E33: Da partida y detiene maquina,regulan, ponen rollos de desplay, traen rollos de bodega en carro de 4 ruedas mantiene limpieza de maquina, | G33: N/A | H33: 2 | I33: 2 | J33: 0 | K33: Indefinido | L33: Variable | M33: 60 Min | N33: Preparatorias - Compensatorias | O33: SI | P33: N/A | Q33: Flujo demarcado, libre de barreras. | R33: Puesto de trabajo sin exposicion a radiacion UV | S33: Utiliza cuhillo para el corte del prodcuto, utilizando EPP tales como guantes anticortes, zapatos de seguridad, Proteccion auditiva | T33: SI
A34: 33 | B34: Procesos | C34: Paletizado Fresco | D34: Postura de bolsa y pañal | E34: Extrae cajas desde línea aérea para luego colocar bolsa y pañal en su interior | F34: 06:45 - 15:55 / 14:55 - 00:20 | G34: N/A | H34: 2 | I34: 96 | J34: 6 | K34: Indefinido | L34: Variable | M34: 150 Min | N34: Preparatorias | O34: SI | P34: N/A | Q34: Flujo demarcado, libre de barreras. | R34: Mesa de trabajo con polines para arrastre de cajas | S34: Utiliza cuhillo para el corte del zuncho, utilizando EPP tales, zapatos de seguridad, Proteccion auditiva | T34: SI
A35: 34 | B35: Procesos | C35: Paletizado Fresco | D35: PC global | E35: Con pistola verificadora de códigos captura códigos de cajas que vienen por linea, los imprime y pega en cajas | F35: 06:45 - 15:55 / 14:55 - 00:20 | G35: N/A | H35: 2 | I35: 13 | J35: 1 | K35: Indefinido | L35: Variable | M35: 300 min | N35: Preparatorias | O35: SI | P35: Computador - Pistola capturadora | Q35: Flujo demarcado, libre de barreras. | R35: Mesa de trabajo con polines para arrastre de cajas | S35: Utiliza cuhillo para el corte del prodcuto, utilizando EPP tales, zapatos de seguridad, Proteccion auditiva | T35: SI
A36: 35 | B36: Procesos | C36: Paletizado Fresco | D36: Transpaletero | E36: Transportar con transpaleta electrica productos en pallet o bins desde y hacia distintas áreas | F36: 06:45 - 15:55 / 14:55 - 00:20 | G36: N/A | H36: 2 | I36: 96 | J36: 6 | K36: Indefinido | L36: Variable | N36: Preparatorias | O36: SI | P36: Transpaleta | Q36: Flujo demarcado, libre de barreras. | S36: Utiliza cuhillo para el corte del prodcuto, utilizando EPP tales, zapatos de seguridad, Proteccion auditiva y chaleco reflectante | T36: NO
A37: 36 | B37: Procesos | C37: Paletizado Fresco | D37: Maquinista | E37: Verifica visualmente Funcionamiento de maquinas, realizar limpieza tunel semil, tunel POLYPACK 1,2 y3 y tunel selladora ROCHMAN 1 Y 2 | F37: 06:45 - 15:55 / 14:55 - 00:20 | G37: N/A | H37: 2 | I37: 96 | J37: 6 | K37: Indefinido | L37: Variable | N37: Preparatorias | O37: SI | P37: Maquina Critica | Q37: Flujo demarcado, libre de barreras. | R37: Labores desarrolladas en maquina | S37: Utiliza cuhillo para el corte del prodcuto, utilizando EPP tales, zapatos de seguridad, Proteccion auditiva | T37: SI
A38: 37 | B38: Procesos | C38: Paletizado Fresco | D38: Administrativo | E38: Realiza Digitación en PC | F38: 06:45 - 15:55 / 14:55 - 00:20 | G38: N/A | H38: 2 | I38: 96 | J38: 6 | K38: Indefinido | L38: Variable | N38: Preparatorias | O38: SI | P38: Computador | Q38: Flujo demarcado, libre de barreras. | R38: Computador en oficina, libre de filtro UV | S38: Utiliza cuhillo para el corte del prodcuto, utilizando EPP tales, zapatos de seguridad, Proteccion auditiva | T38: SI
A39: 38 | B39: Procesos | C39: Paletizado Fresco | D39: Jefe de Línea | E39: Inspeccionar y velar por el correcto funcionamiento productivo y seguridad de los trabajadores. | F39: 06:45 - 15:55 / 14:55 - 00:20 | G39: N/A | H39: 2 | I39: 96 | J39: 6 | K39: Indefinido | L39: Variable | N39: Preparatorias | O39: SI | P39: N/A | Q39: Flujo demarcado, libre de barreras. | R39: Computador en oficina, libre de filtro UV | S39: Utiliza cuhillo para el corte del prodcuto, utilizando EPP tales, zapatos de seguridad, Proteccion auditiva | T39: SI
A40: 39 | B40: Procesos | C40: Paletizado Fresco | D40: Paletizador | E40: Paletizan cajas con producto. Al terminar colocan esquineros de cartón en pallets con producto terminado, en donde también envuelven estos pallets con film manual. | F40: 06:45 - 15:55 / 14:55 - 00:20 | G40: N/A | H40: 2 | I40: 96 | J40: 6 | K40: Indefinido | L40: Variable | M40: 150 Min | N40: Preparatorias | O40: SI | P40: N/A | Q40: Flujo demarcado, libre de barreras. | R40: Libre de obstaculos con mesa de polines para deslizamiento de carga | S40: Utiliza cuhillo para el corte del prodcuto, utilizando EPP tales, zapatos de seguridad, Proteccion auditiva | T40: SI
A41: 40 | B41: Procesos | C41: Paletizado Fresco | D41: Supervisor | E41: Inspeccionar y velar por el correcto funcionamiento productivo y seguridad de los trabajadores. | F41: 06:45 - 15:55 / 14:55 - 00:20 | G41: N/A | H41: 2 | I41: 96 | J41: 6 | K41: Indefinido | L41: Variable | N41: Preparatorias | O41: SI | P41: N/A | Q41: Flujo demarcado, libre de barreras. | R41: Libre de exposicion a radiacion uv, trabajo de oficina | S41: Utiliza cuhillo para el corte del prodcuto, utilizando EPP tales, zapatos de seguridad, Proteccion auditiva | T41: SI
A42: 41 | B42: Procesos | C42: Trozado L1 | D42: Pesador de producto derecha | E42: Se llenan cajas con productos de pollos los cuales son sacados de cintas transportadoras, pesan las cajas en balanzas, se embalan para luego depositarlas en cintas. | F42: 07:05 - 15:05 15:15 - 00:15 | G42: N/A | H42: 2 | I42: 66 | J42: 73 | K42: Indefinido | L42: Variable | M42: 120 Min | N42: Preparatorias - Compensatorias | O42: SI | P42: N/A | Q42: Flujo demarcado, libre de barreras. | R42: Mesa de trabajo a la altura de la cadera alcalces adecuado | S42: Utiliza cuhillo para el corte del prodcuto, utilizando EPP tales, zapatos de seguridad, Proteccion auditiva | T42: SI
A43: 42 | B43: Procesos | C43: Trozado L2 | D43: Pesador de producto izquierda | E43: Se llenan cajas con productos de pollos los cuales son sacados de cintas transportadoras, pesan las cajas en balanzas, se embalan para luego depositarlas en cintas. | F43: 07:05 - 15:05 15:15 - 00:15 | G43: N/A | H43: 2 | I43: 66 | J43: 73 | K43: Indefinido | L43: Variable | M43: 120 Min | N43: Preparatorias - Compensatorias | O43: SI | P43: N/A | Q43: Flujo demarcado, libre de barreras. | R43: Mesa de trabajo a la altura de la cadera alcalces adecuado | S43: Utiliza cuhillo para el corte del prodcuto, utilizando EPP tales, zapatos de seguridad, Proteccion auditiva | T43: SI
A44: 43 | B44: Procesos | C44: Trozado L5 | D44: Selección de (trutro) | E44: Se extrae todo trutro que presente costilla. | F44: 07:05 - 15:05 15:15 - 00:15 | G44: N/A | H44: 2 | I44: 66 | J44: 73 | K44: Indefinido | L44: Variable | M44: 60 min | N44: Preparatorias - Compensatorias | O44: SI | P44: N/A | Q44: Flujo demarcado, libre de barreras. | R44: Sobre tarima, con sillas para trabajar linealmente | S44: Utiliza cuhillo para el corte del producto, utilizando EPP tales, zapatos de seguridad, Proteccion auditiva | T44: SI
A45: 44 | B45: Procesos | C45: Trozado L1 | D45: Embalado de producto en termoformadora | E45: Se extrae producto desde tolva y es embalado en cajas pequeñas | F45: 07:05 - 15:05 15:15 - 00:15 | G45: N/A | H45: 2 | I45: 66 | J45: 73 | K45: Indefinido | L45: Variable | M45: 60 min | N45: Preparatorias - Compensatorias | O45: SI | P45: N/A | Q45: Flujo demarcado, libre de barreras. | R45: Colaboradores sobre tarimas, con mesa de trabajo a la altura de la cadera | S45: Utiliza cuhillo para el corte del prodcuto, utilizando EPP tales, zapatos de seguridad, Proteccion auditiva | T45: SI
A46: 45 | B46: Procesos | C46: Trozado L1 | D46: Chequeador de peso | E46: Colaborador supervisa producto de forma visual y debe regular el peso establecidos con las cajas con producto, de ser necesario | F46: 07:05 - 15:05 15:15 - 00:15 | G46: N/A | H46: 2 | I46: 66 | J46: 73 | K46: Indefinido | L46: Variable | M46: 60 Min | N46: Preparatorias - Compensatorias | O46: SI | P46: N/A | Q46: Flujo demarcado, libre de barreras. | R46: Mesa con polines para arrastre de cajas | S46: Utiliza cuhillo para el corte del prodcuto, utilizando EPP tales, zapatos de seguridad, Proteccion auditiva | T46: SI
A47: 46 | B47: Procesos | C47: Trozado L2 | D47: Traslape | E47: Colaborador supervisa producto y lo tapa de ser requerido. | F47: 06:45 - 15:05 15:05 - 23:55 | G47: N/A | H47: 2 | I47: 66 | J47: 73 | K47: Indefinido | L47: Variable | M47: 60 min | N47: Preparatorias - Compensatorias | O47: SI | P47: N/A | Q47: Flujo demarcado, libre de barreras. | R47: mesa de trabajo lineal, libre de obstaculos. | S47: Utiliza cuhillo para el corte del prodcuto, utilizando EPP tales, zapatos de seguridad, Proteccion auditiva | T47: SI
A48: 47 | B48: Procesos | C48: Trozado L1 | D48: Volteador de bins | E48: Colaborado es encargado de abastecer de producto a speet batcher. Con transpaleta posicionan bins con producto en volteador automatizado. Luego retiran bins desocupando de manera manual. | F48: 07:05 - 15:05 15:15 - 00:15 | G48: N/A | H48: 2 | I48: 66 | J48: 0 | K48: Indefinido | L48: Variable | M48: 60 Min | N48: Preparatorias - Compensatorias | O48: SI | P48: Transpaleta | Q48: Flujo demarcado, libre de barreras. | R48: Sin mesa de trabajo, manipulación desde botonera | S48: Utiliza cuhillo para el corte del prodcuto, utilizando EPP tales, zapatos de seguridad, Proteccion auditiva | T48: SI
A49: 48 | B49: Procesos | C49: Mesanina | D49: Recolgado | E49: Recuelga pollo proveniente de volteador de bins | F49: 07:05 - 15:05 15:15 - 00:15 | G49: N/A | H49: 2 | I49: 66 | J49: 73 | K49: Indefinido | L49: Variable | M49: 120 Min | N49: Preparatorias - Compensatorias | O49: SI | P49: N/A | Q49: Flujo demarcado, libre de barreras. | R49: Mesa de trabajo a la altura del torax, con alcances de linea adecuados. | S49: Utiliza cuhillo para el corte del prodcuto, utilizando EPP tales, zapatos de seguridad, Proteccion auditiva | T49: SI
A50: 49 | B50: Procesos | C50: Trozado | D50: Tranferidor | E50: Retira pollos en bins y los traslada con transpaleta hacia volteador | F50: 07:05 - 15:05 15:15 - 00:15 | G50: N/A | H50: 2 | I50: 66 | J50: 0 | K50: Indefinido | L50: Variable | N50: Preparatorias - Compensatorias | O50: SI | P50: N/A | Q50: Flujo demarcado, libre de barreras. | R50: Sin mesa de trabajo manipula transpaleta desde transferidor a lineas productivas y volteador | S50: Utiliza cuhillo para el corte del prodcuto, utilizando EPP tales, zapatos de seguridad, Proteccion auditiva | T50: SI
A51: 50 | B51: Procesos | C51: Trozado | D51: Transpaletero | E51: Transportar con transpaleta eléctrica productos en pallet o bins desde y hacia distintas aéreas | F51: 07:05 - 15:05 15:15 - 00:15 | G51: N/A | H51: 2 | I51: 66 | J51: 73 | K51: Indefinido | L51: Variable | N51: Preparatorias - Compensatorias | O51: SI | P51: Transpaleta | Q51: Flujo demarcado, libre de barreras. | S51: Utiliza cuhillo para el corte del prodcuto, utilizando EPP tales, zapatos de seguridad, Proteccion auditiva | T51: NO
A52: 51 | B52: Procesos | C52: Trozado L2 | D52: Trozado manual | E52: Troza Trutros de pollo con cuchillo y los deposita en bandejas plásticas, Por contingencia se troza trutro fuera de linea en mesas y producto es depositado en Bins. Una vez terminado uso cuchillo deja en esterilizador. | F52: 07:05 - 15:05 15:15 - 00:15 | G52: N/A | H52: 2 | I52: 66 | J52: 73 | K52: Indefinido | L52: Variable | N52: Preparatorias - Compensatorias | O52: SI | P52: cuchillo | Q52: Flujo demarcado, libre de barreras. | S52: Utiliza cuhillo para el corte del prodcuto, utilizando EPP tales, zapatos de seguridad, Proteccion auditiva | T52: SI
A53: 52 | B53: Procesos | C53: Trozado | D53: Maquinista | E53: Regulan maquina, verifica partida, detienen modulos, repuestos, estado de cuchillos, en general velan por el buen funcionamiento productivo y mecánico de maquinas HC. | F53: 07:05 - 15:05 15:15 - 00:15 | G53: N/A | H53: 2 | I53: 66 | J53: 73 | K53: Indefinido | L53: Variable | N53: Preparatorias - Compensatorias | O53: SI | P53: N/A | Q53: Flujo demarcado, libre de barreras. | R53: Labores desarrolladas en maquina | S53: Utiliza cuhillo para el corte del prodcuto, utilizando EPP tales, zapatos de seguridad, Proteccion auditiva | T53: SI
A54: 53 | B54: Procesos | C54: Trozado | D54: Fechado | E54: Coloca etiquetas con códigos y fechas a bolsas de productos | F54: 07:05 - 15:05 15:15 - 00:15 | G54: N/A | H54: 2 | I54: 66 | J54: 73 | K54: Indefinido | L54: Variable | N54: Preparatorias - Compensatorias | O54: SI | P54: N/A | Q54: Flujo demarcado, libre de barreras. | S54: Utiliza cuhillo para el corte del prodcuto, utilizando EPP tales, zapatos de seguridad, Proteccion auditiva | T54: SI
A55: 54 | B55: Procesos | C55: Trozado L1 | D55: Embalado pollo personal | E55: Extraen producto de cinta y es depositado en cajas las cuales son pesadas en balanza, embaladas y depositadas en cintas transportadoras. | F55: 07:05 - 15:05 15:15 - 00:15 | G55: N/A | H55: 2 | I55: 66 | J55: 73 | K55: Indefinido | L55: Variable | N55: Preparatorias - Compensatorias | O55: SI | P55: N/A | Q55: Flujo demarcado, libre de barreras. | S55: Utiliza cuhillo para el corte del prodcuto, utilizando EPP tales, zapatos de seguridad, Proteccion auditiva | T55: SI
A56: 55 | B56: Procesos | C56: Trozado | D56: Programador | E56: Programa cortes del producto, revisa proceso, cordina movimiento de productos en bins y en ocasiones mueve bins con transpaleta manual. | F56: 07:05 - 15:05 15:15 - 00:15 | G56: N/A | H56: 2 | I56: 66 | J56: 73 | K56: Indefinido | L56: Variable | N56: Preparatorias - Compensatorias | O56: SI | P56: Transpaleta | Q56: Flujo demarcado, libre de barreras. | R56: Mesa de trabajo en PC para digitación | S56: Utiliza cuhillo para el corte del prodcuto, utilizando EPP tales, zapatos de seguridad, Proteccion auditiva | T56: SI
A57: 56 | B57: Procesos | C57: Trozado L5 | D57: Vacio espinazo | E57: Llena bins con producto cuando colapsa vacio, pone bins vacios cuando es retirado el lleno. Monitorear en forma visual el buen funcionamiento de vacio y retiro manual de materia prima, tales como: pechuga, trutro, trutro ala o pollo entero. | F57: 07:05 - 15:05 15:15 - 00:15 | G57: N/A | H57: 2 | I57: 66 | J57: 73 | K57: Indefinido | L57: Variable | N57: Preparatorias - Compensatorias | O57: SI | P57: N/A | Q57: Flujo demarcado, libre de barreras. | R57: Mesa con buen alcance para movilizacion de producto con paleta | S57: Utiliza cuhillo para el corte del prodcuto, utilizando EPP tales, zapatos de seguridad, Proteccion auditiva | T57: SI
A58: 57 | B58: Procesos | C58: Trozado L5 | D58: Vacio punta espinazo | E58: Llena bins con producto cuando colapsa vacio, pone bins vacios cuando es retirado el lleno. Monitorear en forma visual el buen funcionamiento de vacio y retiro manual de materia prima, tales como: pechuga, trutro, trutro ala o pollo entero. | F58: 07:05 - 15:05 15:15 - 00:15 | G58: N/A | H58: 2 | I58: 66 | J58: 73 | K58: Indefinido | L58: Variable | N58: Preparatorias - Compensatorias | O58: SI | P58: N/A | Q58: Flujo demarcado, libre de barreras. | R58: Mesa con buen alcance para movilizacion de producto con paleta | S58: Utiliza cuhillo para el corte del prodcuto, utilizando EPP tales, zapatos de seguridad, Proteccion auditiva | T58: SI
A59: 58 | B59: Procesos | C59: Trozado | D59: Trozado manual cazuela | E59: Extrae producto de bandejas receptoras y deposita en bandejas, retira hueso de producto con cuchillo y una vez limpio lo transporta con carro de 4 ruedas a caída correspondiente. | F59: 07:05 - 15:05 15:15 - 00:15 | G59: N/A | H59: 2 | I59: 66 | J59: 73 | K59: Indefinido | L59: Variable | N59: Preparatorias - Compensatorias | O59: SI | P59: cuchillo | Q59: Flujo demarcado, libre de barreras. | R59: Mesa de facil alcances, con chute para deposito de producto. | S59: Utiliza cuhillo para el corte del prodcuto, utilizando EPP tales, zapatos de seguridad, Proteccion auditiva | T59: SI
A60: 59 | B60: Procesos | C60: Trozado L5 | D60: Traslado de Decomiso | E60: Selección de centro de ala. Este se deposita en caja para vaciar en bins | F60: 07:05 - 15:05 15:15 - 00:15 | G60: N/A | H60: 2 | I60: 66 | J60: 73 | K60: Indefinido | L60: Variable | M60: 60 Min | N60: Preparatorias - Compensatorias | O60: SI | P60: N/A | Q60: Flujo demarcado, libre de barreras. | R60: Carro para transportar bandejas | S60: Utiliza cuhillo para el corte del prodcuto, utilizando EPP tales, zapatos de seguridad, Proteccion auditiva | T60: SI
A61: 60 | B61: Procesos | C61: Trozado L5 | D61: Selección centro ala | E61: Se debe sacar todo el centro del ala que presente choise (Ala con hematoma, centro punta, etc). Se realiza selección del centro del ala. | F61: 07:05 - 15:05 15:15 - 00:15 | G61: N/A | H61: 2 | I61: 66 | J61: 73 | K61: Indefinido | L61: Variable | N61: Preparatorias - Compensatorias | O61: SI | P61: N/A | Q61: Flujo demarcado, libre de barreras. | R61: Mesa de trabajp a la altura de los hombros | S61: Utiliza cuhillo para el corte del prodcuto, utilizando EPP tales, zapatos de seguridad, Proteccion auditiva | T61: SI
A62: 61 | B62: Procesos | C62: Trozado L5 | D62: Selección trutro ala | E62: Se debe sacar todo el trutro del ala que presente choise (Ala con hematoma, centro punta, etc). Se realiza selección del centro del ala. | F62: 07:05 - 15:05 15:15 - 00:15 | G62: N/A | H62: 2 | I62: 66 | J62: 73 | K62: Indefinido | L62: Variable | N62: Preparatorias - Compensatorias | O62: SI | P62: N/A | Q62: Flujo demarcado, libre de barreras. | R62: Linea con mesa para realizar la seleccion, cuenta con silla parado sentado para la labor | S62: Utiliza cuhillo para el corte del prodcuto, utilizando EPP tales, zapatos de seguridad, Proteccion auditiva | T62: SI
A63: 62 | B63: Procesos | C63: Trozado L5 | D63: Mezclas | E63: Cae trutro de ala a bins, a traves de una cinta transportadora. Se extrae con pala centro de ala de otro bins y se mezcla ambos de forma manual. | F63: 07:05 - 15:05 15:15 - 00:15 | G63: N/A | H63: 2 | I63: 66 | J63: 73 | K63: Indefinido | L63: Variable | N63: Preparatorias - Compensatorias | O63: SI | P63: Pala | Q63: Flujo demarcado, libre de barreras. | R63: Trabajo directo desde bins | S63: Utiliza cuhillo para el corte del prodcuto, utilizando EPP tales, zapatos de seguridad, Proteccion auditiva | T63: SI
A64: 63 | B64: Procesos | C64: Paletizado Fresco | D64: Embalaje de producto | E64: Colaborador toma productos de linea y arma cajas para luego despacharlas por lineas | F64: 06:55 - 14:55 / 14:55 - 00:20 | G64: N/A | H64: 2 | I64: 99 | J64: 6 | K64: Indefinido | L64: Variable | M64: 150 Min | N64: Preparatorias - Compensatorias | O64: SI | P64: N/A | Q64: Flujo demarcado, libre de barreras sobre tarima | R64: Sobre tarima mesa de trabajo con polines | S64: utilizando EPP tales, zapatos de seguridad, Proteccion auditiva | T64: SI
A65: 64 | B65: Procesos | C65: Deshuesado Trutro | D65: Despieladora | E65: Persona trabajadora toma desde linea trutro y lo posiciona en linea para que equipo retire piel | G65: N/A | H65: 2 | K65: Indefinido | L65: Variable | M65: 60 Min | N65: Preparatorias - Compensatorias | O65: SI | P65: N/A | Q65: Flujo demarcado, se posciona sobre tarima en altura. | R65: Mesa de trabajo con buen alcance del producto, sin barreras, sin radiacion UV | S65: EPP tales como zapatos de seguridad, Proteccion auditiva | T65: SI
A66: 65 | B66: Procesos | C66: Deshuesado Trutro | D66: Colgado Trutro | E66: Persona trabajadora toma trutro desde linea para colgarlo en linea aerea | G66: N/A | H66: 2 | K66: Indefinido | L66: Variable | M66: 60 Min | N66: Preparatorias - Compensatorias | O66: SI | P66: N/A | Q66: Flujo demarcado, se posciona sobre tarima en altura. | R66: Mesa de trabajo con buen alcance del producto, sin barreras, sin radiacion UV | S66: EPP tales como zapatos de seguridad, Proteccion auditiva | T66: SI
A67: 66 | B67: Procesos | C67: Deshuesado Trutro | D67: Prolijado | E67: Persona trabajadora toma trutro desde linea, realizando cortes para retiro de tendon y luego deposita producto en linea | G67: N/A | H67: 2 | K67: Indefinido | L67: Variable | M67: 120 min | N67: Preparatorias - Compensatorias | O67: SI | P67: N/A | Q67: Flujo demarcado, se posciona sobre tarima en altura. | R67: Mesa de trabajo con buen alcance del producto, sin barreras, sin radiacion UV | S67: EPP tales como zapatos de seguridad, Proteccion auditiva | T67: SI
A68: 67 | B68: Procesos | C68: Deshuesado Trutro | D68: Revision de trutro | E68: Persona trabajadora toma el producto que este con desviaciones y lo posiciona en bandejas | G68: N/A | H68: 2 | K68: Indefinido | L68: Variable | M68: 60 Min | N68: Preparatorias - Compensatorias | O68: SI | P68: N/A | Q68: Flujo demarcado, se posciona sobre tarima en altura. | R68: Mesa de trabajo con buen alcance del producto, sin barreras, sin radiacion UV | S68: EPP tales como zapatos de seguridad, Proteccion auditiva | T68: SI
A69: 68 | B69: Procesos | C69: Deshuesado Trutro | D69: Deshuesado Trutro | E69: Persona trabajadora toma el trutro y con ayuda del cuchillo retira hueso para luego posicionar en linea | G69: N/A | H69: 2 | K69: Indefinido | L69: Variable | M69: 60 Min | N69: Preparatorias - Compensatorias | O69: SI | P69: N/A | Q69: Flujo demarcado, se posciona sobre tarima en altura. | R69: Mesa de trabajo con buen alcance del producto, sin barreras, sin radiacion UV | S69: EPP tales como zapatos de seguridad, Proteccion auditiva | T69: SI

Sheet Inicial
A1: N° | C1: Puesto de trabajo | D1: Tareas del puesto de trabajo | E1: Horario de funcionamiento | F1: Horas extras POR DIA | G1: Horas extras POR SEMANA | H1: N° Trabajadores Expuestos HOMBRE | I1: N° Trabajadores Expuestos MUJER | J1: Trabajo repetitivo de miembros superiores. | K1: Postura de trabajo estática - Forzada | L1: MMC Levantamiento/Descenso | M1: MMC Empuje/Arrastre | N1: Manejo manual de pacientes / personas | O1: Vibración de cuerpo completo | P1: Vibración segmento mano – brazo | Q1: Resultado identificación inicial
B2: Area | J2: ¿Existe una o más tareas donde utilice las manos y miembros superiores con una duración total de una hora o más durante la jornada laboral y con un tiempo total de 5 o más horas a la semana? Por ejemplo: Donde se tenga que armar, limpiar, apretar, lanzar, cortar, presionar, desarmar, atornillar, desatornillar, digitar. 1 tarea repetitiva: conjunto de ciclos de trabajo realizados por uno o más segmentos de las extremidades superiores, donde repetitividad se caracteriza por al menos uno de los siguientes criterios: i) El tiempo de ciclo es inferior a 30 segundos en promedio. ii) Los mismos patrones biomecánicos se repiten por más del 50% del ciclo. En general, el ritmo de trabajo está determinado por factor externo al trabajador, ejemplo, líneas de producción, velocidad de una máquina, entre otros | K2: Existen posturas de trabajo estáticas de cabeza/cuello, tronco y/o miembros superiores e inferiores, mantenidas durante más de 4 segundos, en la que se pueden dar ligeras variaciones alrededor de un mismo nivel de fuerza generado por los músculos y otras estructuras corporales? Por ejemplo: Donde se observe estar con la cabeza inclinada hacia adelante o atrás, cabeza rotada permanentemente hacia algún lado, hombros situados por delante de las caderas de manera continua, tronco rotado o inclinado para sostener o movilizar objetos | L2: Para el Levantamiento/Descenso/Transporte: ¿Existe levantamiento, descenso o transporte manual de un objeto de 3kg o más? Por ejemplo: Se observa que levanta, sostiene, transporta, desplaza, moviliza, ubica con precisión ordenando, apila, paletiza. | M2: Tracción/Empuje ¿Existe empuje o arrastre de una carga utilizando el cuerpo completo con 1 o 2 manos? Se observa el empuje y/o arrastre de diferentes maneras carros, plataformas con rueda, superficies deslizantes, detención de objetos en movimiento, camillas, camas, sillas de rueda, paletizadores, grúas de uso manual mecanizadas, formas de tracción y empuje hechizas, carretillas. No se considera empuje y arrastre carros motorizados y controlados manualmente (conducción) | N2: ¿Se realiza alguna actividad que requiere fuerza para empujar, tirar, levantar, descender, transferir o de alguna manera mover o sostener una persona o parte del cuerpo de una persona? *NOTA: La condición a identificar debe incluir la actividad de manipulación, ya sea que se realice con o sin dispositivos de asistencia. Esta condición está determinada por el riesgo asociado a las características de la carga humana que requiere control sensible de la masa corporal por parte del operador. | O2: Están los trabajadores en contacto con una fuente de vibración de cuerpo entero perceptible por el trabajador/a? Se presenta en cercanía de máquinas donde se percibe la vibración, superficies vibrantes donde se está de pie o sentado como en maquinaria pesada y de conducción. | P2: Están los trabajadores/as en contacto con una fuente de vibración perceptible por el trabajador del segmento mano-brazo? Por ejemplo: Se presenta en situaciones de manejo de herramientas neumáticas o eléctricas, atornilladores o destornilladores neumáticos o eléctricos, uso de herramientas con impacto como martillos, cinceles, herramientas percutoras como taladros
A3: =Datos!A2 -> 1 | B3: =Datos!B2 -> Procesos | C3: =Datos!C2 -> Deshuesado de Pechugas | D3: =Datos!D2 -> Postura de Pechuga | E3: =Datos!F2 -> 07:05 - 15:05 - 15:05 - 00:05 | F3: =Datos!G2 -> N/A | G3: =Datos!H2 -> 2 | H3: =Datos!I2 -> 209 | I3: =Datos!J2 -> 101 | J3: SI | K3: NO | L3: NO | M3: NO | N3: NO | O3: NO | P3: NO | Q3: =IF(AND(J3="NO",K3="NO",L3="NO",M3="NO",N3="NO",O3="NO",P3="NO"),"Ausencia total del riesgo, reevaluar cada 3 años con nueva identificación inicial","Aplicar identificación avanzada-condición aceptable para cada tipo de factor de riesgo identificado") -> Aplicar identificación avanzada-condición aceptable para cada tipo de factor de riesgo identificado
A4: =Datos!A3 -> 2 | B4: =Datos!B3 -> Procesos | C4: =Datos!C3 -> Deshuesado de Pechugas | D4: =Datos!D3 -> Bajado de Pechugas | E4: =Datos!F3 -> 07:05 - 15:05 - 15:05 - 00:05 | F4: =Datos!G3 -> N/A | G4: =Datos!H3 -> 2 | H4: =Datos!I3 -> 209 | I4: =Datos!J3 -> 101 | J4: SI | K4: NO | L4: NO | M4: NO | N4: NO | O4: NO | P4: NO | Q4: =IF(AND(J4="NO",K4="NO",L4="NO",M4="NO",N4="NO",O4="NO",P4="NO"),"Ausencia total del riesgo, reevaluar cada 3 años con nueva identificación inicial","Aplicar identificación avanzada-condición aceptable para cada tipo de factor de riesgo identificado") -> Aplicar identificación avanzada-condición aceptable para cada tipo de factor de riesgo identificado
A5: =Datos!A4 -> 3 | B5: =Datos!B4 -> Procesos | C5: =Datos!C4 -> Deshuesado de Pechugas | D5: =Datos!D4 -> Prolijado | E5: =Datos!F4 -> 07:05 - 15:05 - 15:05 - 00:05 | F5: =Datos!G4 -> N/A | G5: =Datos!H4 -> 2 | H5: =Datos!I4 -> 209 | I5: =Datos!J4 -> 101 | J5: SI | K5: NO | L5: NO | M5: NO | N5: NO | O5: NO | P5: NO | Q5: =IF(AND(J5="NO",K5="NO",L5="NO",M5="NO",N5="NO",O5="NO",P5="NO"),"Ausencia total del riesgo, reevaluar cada 3 años con nueva identificación inicial","Aplicar identificación avanzada-condición aceptable para cada tipo de factor de riesgo identificado") -> Aplicar identificación avanzada-condición aceptable para cada tipo de factor de riesgo identificado
A6: =Datos!A5 -> 4 | B6: =Datos!B5 -> Procesos | C6: =Datos!C5 -> Deshuesado de Pechugas | D6: =Datos!D5 -> Bajado de filete | E6: =Datos!F5 -> 07:05 - 15:05 - 15:05 - 00:05 | F6: =Datos!G5 -> N/A | G6: =Datos!H5 -> 2 | H6: =Datos!I5 -> 209 | I6: =Datos!J5 -> 101 | J6: SI | K6: NO | L6: NO | M6: NO | N6: NO | O6: NO | P6: NO | Q6: =IF(AND(J6="NO",K6="NO",L6="NO",M6="NO",N6="NO",O6="NO",P6="NO"),"Ausencia total del riesgo, reevaluar cada 3 años con nueva identificación inicial","Aplicar identificación avanzada-condición aceptable para cada tipo de factor de riesgo identificado") -> Aplicar identificación avanzada-condición aceptable para cada tipo de factor de riesgo identificado
A7: =Datos!A6 -> 5 | B7: =Datos!B6 -> Procesos | C7: =Datos!C6 -> Deshuesado de Pechugas | D7: =Datos!D6 -> Selección de filete | E7: =Datos!F6 -> 07:05 - 15:05 - 15:05 - 00:05 | F7: =Datos!G6 -> N/A | G7: =Datos!H6 -> 2 | H7: =Datos!I6 -> 209 | I7: =Datos!J6 -> 101 | J7: SI | K7: NO | L7: NO | M7: NO | N7: NO | O7: NO | P7: NO | Q7: =IF(AND(J7="NO",K7="NO",L7="NO",M7="NO",N7="NO",O7="NO",P7="NO"),"Ausencia total del riesgo, reevaluar cada 3 años con nueva identificación inicial","Aplicar identificación avanzada-condición aceptable para cada tipo de factor de riesgo identificado") -> Aplicar identificación avanzada-condición aceptable para cada tipo de factor de riesgo identificado
A8: =Datos!A7 -> 6 | B8: =Datos!B7 -> Procesos | C8: =Datos!C7 -> Deshuesado de Pechugas | D8: =Datos!D7 -> Filete | E8: =Datos!F7 -> 07:05 - 15:05 - 15:05 - 00:05 | F8: =Datos!G7 -> N/A | G8: =Datos!H7 -> 2 | H8: =Datos!I7 -> 40 | I8: =Datos!J7 -> 20 | J8: SI | K8: NO | L8: NO | M8: NO | N8: NO | O8: NO | P8: NO | Q8: =IF(AND(J8="NO",K8="NO",L8="NO",M8="NO",N8="NO",O8="NO",P8="NO"),"Ausencia total del riesgo, reevaluar cada 3 años con nueva identificación inicial","Aplicar identificación avanzada-condición aceptable para cada tipo de factor de riesgo identificado") -> Aplicar identificación avanzada-condición aceptable para cada tipo de factor de riesgo identificado
A9: =Datos!A8 -> 7 | B9: =Datos!B8 -> Procesos | C9: =Datos!C8 -> Deshuesado de Pechugas | D9: =Datos!D8 -> Tiritas | E9: =Datos!F8 -> 07:05 - 15:05 - 15:05 - 00:05 | F9: =Datos!G8 -> N/A | G9: =Datos!H8 -> 2 | H9: =Datos!I8 -> 40 | I9: =Datos!J8 -> 20 | J9: SI | K9: NO | L9: NO | M9: NO | N9: NO | O9: NO | P9: NO | Q9: =IF(AND(J9="NO",K9="NO",L9="NO",M9="NO",N9="NO",O9="NO",P9="NO"),"Ausencia total del riesgo, reevaluar cada 3 años con nueva identificación inicial","Aplicar identificación avanzada-condición aceptable para cada tipo de factor de riesgo identificado") -> Aplicar identificación avanzada-condición aceptable para cada tipo de factor de riesgo identificado
A10: =Datos!A9 -> 8 | B10: =Datos!B9 -> Procesos | C10: =Datos!C9 -> Deshuesado de Pechugas | D10: =Datos!D9 -> Piel | E10: =Datos!F9 -> 07:05 - 15:05 - 15:05 - 00:05 | F10: =Datos!G9 -> N/A | G10: =Datos!H9 -> 2 | H10: =Datos!I9 -> 40 | I10: =Datos!J9 -> 20 | J10: SI | K10: NO | L10: NO | M10: NO | N10: NO | O10: NO | P10: NO | Q10: =IF(AND(J10="NO",K10="NO",L10="NO",M10="NO",N10="NO",O10="NO",P10="NO"),"Ausencia total del riesgo, reevaluar cada 3 años con nueva identificación inicial","Aplicar identificación avanzada-condición aceptable para cada tipo de factor de riesgo identificado") -> Aplicar identificación avanzada-condición aceptable para cada tipo de factor de riesgo identificado
A11: =Datos!A10 -> 9 | B11: =Datos!B10 -> Procesos | C11: =Datos!C10 -> Deshuesado de Pechugas | D11: =Datos!D10 -> Recepcion de bins | E11: =Datos!F10 -> 07:05 - 15:05 - 15:05 - 00:05 | F11: =Datos!G10 -> N/A | G11: =Datos!H10 -> 2 | H11: =Datos!I10 -> 40 | I11: =Datos!J10 -> 20 | J11: NO | K11: NO | L11: SI | M11: SI | N11: NO | O11: NO | P11: NO | Q11: =IF(AND(J11="NO",K11="NO",L11="NO",M11="NO",N11="NO",O11="NO",P11="NO"),"Ausencia total del riesgo, reevaluar cada 3 años con nueva identificación inicial","Aplicar identificación avanzada-condición aceptable para cada tipo de factor de riesgo identificado") -> Aplicar identificación avanzada-condición aceptable para cada tipo de factor de riesgo identificado
A12: =Datos!A11 -> 10 | B12: =Datos!B11 -> Procesos | C12: =Datos!C11 -> Deshuesado de Pechugas | D12: =Datos!D11 -> Reproceso | E12: =Datos!F11 -> 07:05 - 15:05 - 15:05 - 00:05 | F12: =Datos!G11 -> N/A | G12: =Datos!H11 -> 2 | H12: =Datos!I11 -> 40 | I12: =Datos!J11 -> 20 | J12: SI | K12: NO | L12: SI | M12: SI | N12: NO | O12: NO | P12: NO | Q12: =IF(AND(J12="NO",K12="NO",L12="NO",M12="NO",N12="NO",O12="NO",P12="NO"),"Ausencia total del riesgo, reevaluar cada 3 años con nueva identificación inicial","Aplicar identificación avanzada-condición aceptable para cada tipo de factor de riesgo identificado") -> Aplicar identificación avanzada-condición aceptable para cada tipo de factor de riesgo identificado
A13: =Datos!A12 -> 11 | B13: =Datos!B12 -> Procesos | C13: =Datos!C12 -> Deshuesado de Pechugas | D13: =Datos!D12 -> Clavicula | E13: =Datos!F12 -> 07:05 - 15:05 - 15:05 - 00:05 | F13: =Datos!G12 -> N/A | G13: =Datos!H12 -> 2 | H13: =Datos!I12 -> 40 | I13: =Datos!J12 -> 20 | J13: SI | K13: NO | L13: NO | M13: NO | N13: NO | O13: NO | P13: NO | Q13: =IF(AND(J13="NO",K13="NO",L13="NO",M13="NO",N13="NO",O13="NO",P13="NO"),"Ausencia total del riesgo, reevaluar cada 3 años con nueva identificación inicial","Aplicar identificación avanzada-condición aceptable para cada tipo de factor de riesgo identificado") -> Aplicar identificación avanzada-condición aceptable para cada tipo de factor de riesgo identificado
A14: =Datos!A13 -> 12 | B14: =Datos!B13 -> Procesos | C14: =Datos!C13 -> Deshuesado de Pechugas | D14: =Datos!D13 -> Transpaletero | E14: =Datos!F13 -> 07:05 - 15:05 - 15:05 - 00:05 | F14: =Datos!G13 -> N/A | G14: =Datos!H13 -> 2 | H14: =Datos!I13 -> 40 | I14: =Datos!J13 -> 20 | J14: NO | K14: NO | L14: NO | M14: NO | N14: NO | O14: NO | P14: NO | Q14: =IF(AND(J14="NO",K14="NO",L14="NO",M14="NO",N14="NO",O14="NO",P14="NO"),"Ausencia total del riesgo, reevaluar cada 3 años con nueva identificación inicial","Aplicar identificación avanzada-condición aceptable para cada tipo de factor de riesgo identificado") -> Ausencia total del riesgo, reevaluar cada 3 años con nueva identificación inicial
... A70: =Datos!A69 -> 68 | B70: =Datos!B69 -> Procesos | C70: =Datos!C69 -> Deshuesado Trutro | D70: =Datos!D69 -> Deshuesado Trutro | E70: =Datos!F69 -> 0 | F70: =Datos!G69 -> N/A | G70: =Datos!H69 -> 2 | H70: =Datos!I69 -> 0 | I70: =Datos!J69 -> 0 | J70: SI | K70: NO | L70: NO | M70: NO | N70: NO | O70: NO | P70: NO | Q70: =IF(AND(J70="NO",K70="NO",L70="NO",M70="NO",N70="NO",O70="NO",P70="NO"),"Ausencia total del riesgo, reevaluar cada 3 años con nueva identificación inicial","Aplicar identificación avanzada-condición aceptable para cada tipo de factor de riesgo identificado") -> Aplicar identificación avanzada-condición aceptable para cada tipo de factor de riesgo identificado
A71: =Datos!A70 -> 0 | B71: =Datos!B70 -> 0 | C71: =Datos!C70 -> 0 | D71: =Datos!D70 -> 0 | E71: =Datos!F70 -> 0 | F71: =Datos!G70 -> 0 | G71: =Datos!H70 -> 0 | H71: =Datos!I70 -> 0 | I71: =Datos!J70 -> 0

Sheet Mov. Rep.
A1: MOVIMIENTO REPETITIVO | F1: Horas extras | H1: N° Trabajadores Expuestos | J1: Tabla II. IDENTIFICACIÓN AVANZADA – Trabajo Repetitivo de Miembros Superiores– Condición Aceptable | Q1: Tabla VI. IDENTIFICACIÓN AVANZADA – Tarea(s) Repetitiva(s) de miembros superiores –– Condición Crítica | X1: Plan de acción
A2: N° | B2: Área de trabajo | C2: Puesto de trabajo | D2: Tareas del puesto de trabajo | E2: Horario de funcionamiento | F2: Por dia | G2: Por Semana | H2: HOMBRE | I2: MUJER | J2: ¿Los miembros superiores trabajan por menos del 50% de la duración total de la tarea repetitiva? | K2: ¿Los codos se mantienen por debajo del nivel de los hombros por al menos el 90% del total de la duración de la(s) tarea(s) repetitiva? | L2: ¿Existe esfuerzo moderado ejercido por el trabajador (Percepción de Esfuerzo máximo 4 según Escala de Borg CR-10) ejercidas por el trabajador por no más de 1 hora mientras dura la(s) tarea(s) repetitiva? | M2: Ausencias de esfuerzo máximo (esfuerzo percibido = 5 o más en la Escala de Borg CR-10) | N2: Presencia de pausas programadas (excluyendo la pausa para almuerzo) | O2: ¿La duración total de las tareas repetitivas no excede las 4 horas totales dentro de la jornada laboral? | P2: Condición Aceptable | Q2: ¿Las acciones técnicas del miembro superior son tan rápidas que no se pueden contar con una simple observación directa? | R2: Uno o ambos brazos están realizando la tarea con el codo sobre el nivel del hombro por el 50% o más, del tiempo total de trabajo repetitivo | S2: ¿Se utiliza agarre en “pinza" (o todo tipo de tomada usando las puntas de los dedos) por más del 80% de la duración total del trabajo repetitivo? | T2: ¿Se aplica fuerza máxima por el trabajador (esfuerzo percibido = 5 o más en la Escala de Borg CR-10) por 10% o más del tiempo total de la tarea repetitiva? | U2: ¿No hay más de una pausa (Incluyendo el almuerzo) en un turno de 8 horas? | V2: ¿La duración total de las tareas repetitivas excede 4 horas totales dentro de la jornada laboral? | W2: Condición Crítica | X2: Fecha aplicación identificación avanzada | Y2: Medidas de control (administrativas) | Z2: Medidas de control (Ingeniería) | AA2: Responsable aplicación medida | AB2: Fecha de implementación medidas (Max 90 días) | AC2: Evidencia
A3: =Inicial!A3 -> 1 | B3: =Inicial!B3 -> Procesos | C3: =Inicial!C3 -> Deshuesado de Pechugas | D3: =Inicial!D3 -> Postura de Pechuga | E3: =IF(Inicial!J3="SI",Inicial!E3,"N/A") -> 07:05 - 15:05 - 15:05 - 00:05 | F3: =IF(Inicial!J3="SI",Inicial!F3,"N/A") -> N/A | G3: =IF(Inicial!J3="SI",Inicial!G3,"N/A") -> 2 | H3: =IF(Inicial!J3="SI",Inicial!H3,"N/A") -> 209 | I3: =IF(Inicial!J3="SI",Inicial!I3,"N/A") -> 101 | J3: NO | K3: SI | L3: SI | M3: SI | N3: SI | O3: SI | P3: =IF(OR(J3="NO",K3="NO",L3="NO",M3="NO",N3="NO",O3="NO"),"No Aceptable","Aceptable") -> No Aceptable | Q3: NO | R3: NO | S3: NO | T3: NO | U3: NO | V3: NO | W3: =IF(AND(Q3="NO",R3="NO",S3="NO",T3="NO",U3="NO",V3="NO"),"No Critico","Critico") -> No Critico
A4: =Inicial!A4 -> 2 | B4: =Inicial!B4 -> Procesos | C4: =Inicial!C4 -> Deshuesado de Pechugas | D4: =Inicial!D4 -> Bajado de Pechugas | E4: =IF(Inicial!J4="SI",Inicial!E4,"N/A") -> 07:05 - 15:05 - 15:05 - 00:05 | F4: =IF(Inicial!J4="SI",Inicial!F4,"N/A") -> N/A | G4: =IF(Inicial!J4="SI",Inicial!G4,"N/A") -> 2 | H4: =IF(Inicial!J4="SI",Inicial!H4,"N/A") -> 209 | I4: =IF(Inicial!J4="SI",Inicial!I4,"N/A") -> 101 | J4: NO | K4: SI | L4: SI | M4: SI | N4: SI | O4: SI | P4: =IF(OR(J4="NO",K4="NO",L4="NO",M4="NO",N4="NO",O4="NO"),"No Aceptable","Aceptable") -> No Aceptable | Q4: NO | R4: NO | S4: NO | T4: NO | U4: NO | V4: NO | W4: =IF(AND(Q4="NO",R4="NO",S4="NO",T4="NO",U4="NO",V4="NO"),"No Critico","Critico") -> No Critico
A5: =Inicial!A5 -> 3 | B5: =Inicial!B5 -> Procesos | C5: =Inicial!C5 -> Deshuesado de Pechugas | D5: =Inicial!D5 -> Prolijado | E5: =IF(Inicial!J5="SI",Inicial!E5,"N/A") -> 07:05 - 15:05 - 15:05 - 00:05 | F5: =IF(Inicial!J5="SI",Inicial!F5,"N/A") -> N/A | G5: =IF(Inicial!J5="SI",Inicial!G5,"N/A") -> 2 | H5: =IF(Inicial!J5="SI",Inicial!H5,"N/A") -> 209 | I5: =IF(Inicial!J5="SI",Inicial!I5,"N/A") -> 101 | J5: NO | K5: SI | L5: SI | M5: SI | N5: SI | O5: SI | P5: =IF(OR(J5="NO",K5="NO",L5="NO",M5="NO",N5="NO",O5="NO"),"No Aceptable","Aceptable") -> No Aceptable | Q5: NO | R5: NO | S5: NO | T5: NO | U5: NO | V5: NO | W5: =IF(AND(Q5="NO",R5="NO",S5="NO",T5="NO",U5="NO",V5="NO"),"No Critico","Critico") -> No Critico
A6: =Inicial!A6 -> 4 | B6: =Inicial!B6 -> Procesos | C6: =Inicial!C6 -> Deshuesado de Pechugas | D6: =Inicial!D6 -> Bajado de filete | E6: =IF(Inicial!J6="SI",Inicial!E6,"N/A") -> 07:05 - 15:05 - 15:05 - 00:05 | F6: =IF(Inicial!J6="SI",Inicial!F6,"N/A") -> N/A | G6: =IF(Inicial!J6="SI",Inicial!G6,"N/A") -> 2 | H6: =IF(Inicial!J6="SI",Inicial!H6,"N/A") -> 209 | I6: =IF(Inicial!J6="SI",Inicial!I6,"N/A") -> 101 | J6: NO | K6: SI | L6: SI | M6: SI | N6: SI | O6: SI | P6: =IF(OR(J6="NO",K6="NO",L6="NO",M6="NO",N6="NO",O6="NO"),"No Aceptable","Aceptable") -> No Aceptable | Q6: NO | R6: NO | S6: NO | T6: NO | U6: NO | V6: NO | W6: =IF(AND(Q6="NO",R6="NO",S6="NO",T6="NO",U6="NO",V6="NO"),"No Critico","Critico") -> No Critico
A7: =Inicial!A7 -> 5 | B7: =Inicial!B7 -> Procesos | C7: =Inicial!C7 -> Deshuesado de Pechugas | D7: =Inicial!D7 -> Selección de filete | E7: =IF(Inicial!J7="SI",Inicial!E7,"N/A") -> 07:05 - 15:05 - 15:05 - 00:05 | F7: =IF(Inicial!J7="SI",Inicial!F7,"N/A") -> N/A | G7: =IF(Inicial!J7="SI",Inicial!G7,"N/A") -> 2 | H7: =IF(Inicial!J7="SI",Inicial!H7,"N/A") -> 209 | I7: =IF(Inicial!J7="SI",Inicial!I7,"N/A") -> 101 | J7: NO | K7: SI | L7: SI | M7: SI | N7: SI | O7: SI | P7: =IF(OR(J7="NO",K7="NO",L7="NO",M7="NO",N7="NO",O7="NO"),"No Aceptable","Aceptable") -> No Aceptable | Q7: NO | R7: NO | S7: NO | T7: NO | U7: NO | V7: NO | W7: =IF(AND(Q7="NO",R7="NO",S7="NO",T7="NO",U7="NO",V7="NO"),"No Critico","Critico") -> No Critico
A8: =Inicial!A8 -> 6 | B8: =Inicial!B8 -> Procesos | C8: =Inicial!C8 -> Deshuesado de Pechugas | D8: =Inicial!D8 -> Filete | E8: =IF(Inicial!J8="SI",Inicial!E8,"N/A") -> 07:05 - 15:05 - 15:05 - 00:05 | F8: =IF(Inicial!J8="SI",Inicial!F8,"N/A") -> N/A | G8: =IF(Inicial!J8="SI",Inicial!G8,"N/A") -> 2 | H8: =IF(Inicial!J8="SI",Inicial!H8,"N/A") -> 40 | I8: =IF(Inicial!J8="SI",Inicial!I8,"N/A") -> 20 | J8: NO | K8: SI | L8: SI | M8: SI | N8: SI | O8: SI | P8: =IF(OR(J8="NO",K8="NO",L8="NO",M8="NO",N8="NO",O8="NO"),"No Aceptable","Aceptable") -> No Aceptable | Q8: NO | R8: NO | S8: NO | T8: NO | U8: NO | V8: NO | W8: =IF(AND(Q8="NO",R8="NO",S8="NO",T8="NO",U8="NO",V8="NO"),"No Critico","Critico") -> No Critico
A9: =Inicial!A9 -> 7 | B9: =Inicial!B9 -> Procesos | C9: =Inicial!C9 -> Deshuesado de Pechugas | D9: =Inicial!D9 -> Tiritas | E9: =IF(Inicial!J9="SI",Inicial!E9,"N/A") -> 07:05 - 15:05 - 15:05 - 00:05 | F9: =IF(Inicial!J9="SI",Inicial!F9,"N/A") -> N/A | G9: =IF(Inicial!J9="SI",Inicial!G9,"N/A") -> 2 | H9: =IF(Inicial!J9="SI",Inicial!H9,"N/A") -> 40 | I9: =IF(Inicial!J9="SI",Inicial!I9,"N/A") -> 20 | J9: NO | K9: SI | L9: SI | M9: SI | N9: SI | O9: SI | P9: =IF(OR(J9="NO",K9="NO",L9="NO",M9="NO",N9="NO",O9="NO"),"No Aceptable","Aceptable") -> No Aceptable | Q9: NO | R9: NO | S9: NO | T9: NO | U9: NO | V9: NO | W9: =IF(AND(Q9="NO",R9="NO",S9="NO",T9="NO",U9="NO",V9="NO"),"No Critico","Critico") -> No Critico
A10: =Inicial!A10 -> 8 | B10: =Inicial!B10 -> Procesos | C10: =Inicial!C10 -> Deshuesado de Pechugas | D10: =Inicial!D10 -> Piel | E10: =IF(Inicial!J10="SI",Inicial!E10,"N/A") -> 07:05 - 15:05 - 15:05 - 00:05 | F10: =IF(Inicial!J10="SI",Inicial!F10,"N/A") -> N/A | G10: =IF(Inicial!J10="SI",Inicial!G10,"N/A") -> 2 | H10: =IF(Inicial!J10="SI",Inicial!H10,"N/A") -> 40 | I10: =IF(Inicial!J10="SI",Inicial!I10,"N/A") -> 20 | J10: SI | K10: SI | L10: SI | M10: SI | N10: SI | O10: SI | P10: =IF(OR(J10="NO",K10="NO",L10="NO",M10="NO",N10="NO",O10="NO"),"No Aceptable","Aceptable") -> Aceptable | Q10: NO | R10: NO | S10: NO | T10: NO | U10: NO | V10: NO | W10: =IF(AND(Q10="NO",R10="NO",S10="NO",T10="NO",U10="NO",V10="NO"),"No Critico","Critico") -> No Critico
A11: =Inicial!A11 -> 9 | B11: =Inicial!B11 -> Procesos | C11: =Inicial!C11 -> Deshuesado de Pechugas | D11: =Inicial!D11 -> Recepcion de bins | E11: =IF(Inicial!J11="SI",Inicial!E11,"N/A") -> N/A | F11: =IF(Inicial!J11="SI",Inicial!F11,"N/A") -> N/A | G11: =IF(Inicial!J11="SI",Inicial!G11,"N/A") -> N/A | H11: =IF(Inicial!J11="SI",Inicial!H11,"N/A") -> N/A | I11: =IF(Inicial!J11="SI",Inicial!I11,"N/A") -> N/A | P11: =IF(OR(J11="NO",K11="NO",L11="NO",M11="NO",N11="NO",O11="NO"),"No Aceptable","Aceptable") -> Aceptable | W11: =IF(AND(Q11="NO",R11="NO",S11="NO",T11="NO",U11="NO",V11="NO"),"No Critico","Critico") -> Critico
A12: =Inicial!A12 -> 10 | B12: =Inicial!B12 -> Procesos | C12: =Inicial!C12 -> Deshuesado de Pechugas | D12: =Inicial!D12 -> Reproceso | E12: =IF(Inicial!J12="SI",Inicial!E12,"N/A") -> 07:05 - 15:05 - 15:05 - 00:05 | F12: =IF(Inicial!J12="SI",Inicial!F12,"N/A") -> N/A | G12: =IF(Inicial!J12="SI",Inicial!G12,"N/A") -> 2 | H12: =IF(Inicial!J12="SI",Inicial!H12,"N/A") -> 40 | I12: =IF(Inicial!J12="SI",Inicial!I12,"N/A") -> 20 | J12: NO | K12: SI | L12: SI | M12: SI | N12: SI | O12: SI | P12: =IF(OR(J12="NO",K12="NO",L12="NO",M12="NO",N12="NO",O12="NO"),"No Aceptable","Aceptable") -> No Aceptable | Q12: NO | R12: NO | S12: NO | T12: NO | U12: NO | V12: NO | W12: =IF(AND(Q12="NO",R12="NO",S12="NO",T12="NO",U12="NO",V12="NO"),"No Critico","Critico") -> No Critico
A13: =Inicial!A13 -> 11 | B13: =Inicial!B13 -> Procesos | C13: =Inicial!C13 -> Deshuesado de Pechugas | D13: =Inicial!D13 -> Clavicula | E13: =IF(Inicial!J13="SI",Inicial!E13,"N/A") -> 07:05 - 15:05 - 15:05 - 00:05 | F13: =IF(Inicial!J13="SI",Inicial!F13,"N/A") -> N/A | G13: =IF(Inicial!J13="SI",Inicial!G13,"N/A") -> 2 | H13: =IF(Inicial!J13="SI",Inicial!H13,"N/A") -> 40 | I13: =IF(Inicial!J13="SI",Inicial!I13,"N/A") -> 20 | J13: NO | K13: SI | L13: SI | M13: SI | N13: SI | O13: SI | P13: =IF(OR(J13="NO",K13="NO",L13="NO",M13="NO",N13="NO",O13="NO"),"No Aceptable","Aceptable") -> No Aceptable | Q13: NO | R13: NO | S13: NO | T13: NO | U13: NO | V13: NO | W13: =IF(AND(Q13="NO",R13="NO",S13="NO",T13="NO",U13="NO",V13="NO"),"No Critico","Critico") -> No Critico
A14: =Inicial!A14 -> 12 | B14: =Inicial!B14 -> Procesos | C14: =Inicial!C14 -> Deshuesado de Pechugas | D14: =Inicial!D14 -> Transpaletero | E14: =IF(Inicial!J14="SI",Inicial!E14,"N/A") -> N/A | F14: =IF(Inicial!J14="SI",Inicial!F14,"N/A") -> N/A | G14: =IF(Inicial!J14="SI",Inicial!G14,"N/A") -> N/A | H14: =IF(Inicial!J14="SI",Inicial!H14,"N/A") -> N/A | I14: =IF(Inicial!J14="SI",Inicial!I14,"N/A") -> N/A | P14: =IF(OR(J14="NO",K14="NO",L14="NO",M14="NO",N14="NO",O14="NO"),"No Aceptable","Aceptable") -> Aceptable | W14: =IF(AND(Q14="NO",R14="NO",S14="NO",T14="NO",U14="NO",V14="NO"),"No Critico","Critico") -> Critico
A15: =Inicial!A15 -> 13 | B15: =Inicial!B15 -> Procesos | C15: =Inicial!C15 -> Deshuesado de Pechugas | D15: =Inicial!D15 -> Maquinista | E15: =IF(Inicial!J15="SI",Inicial!E15,"N/A") -> N/A | F15: =IF(Inicial!J15="SI",Inicial!F15,"N/A") -> N/A | G15: =IF(Inicial!J15="SI",Inicial!G15,"N/A") -> N/A | H15: =IF(Inicial!J15="SI",Inicial!H15,"N/A") -> N/A | I15: =IF(Inicial!J15="SI",Inicial!I15,"N/A") -> N/A | P15: =IF(OR(J15="NO",K15="NO",L15="NO",M15="NO",N15="NO",O15="NO"),"No Aceptable","Aceptable") -> Aceptable | W15: =IF(AND(Q15="NO",R15="NO",S15="NO",T15="NO",U15="NO",V15="NO"),"No Critico","Critico") -> Critico
A16: =Inicial!A16 -> 14 | B16: =Inicial!B16 -> Procesos | C16: =Inicial!C16 -> Deshuesado de Pechugas | D16: =Inicial!D16 -> Laminado | E16: =IF(Inicial!J16="SI",Inicial!E16,"N/A") -> 07:05 - 15:05 - 15:05 - 00:05 | F16: =IF(Inicial!J16="SI",Inicial!F16,"N/A") -> N/A | G16: =IF(Inicial!J16="SI",Inicial!G16,"N/A") -> 2 | H16: =IF(Inicial!J16="SI",Inicial!H16,"N/A") -> 40 | I16: =IF(Inicial!J16="SI",Inicial!I16,"N/A") -> 20 | J16: NO | K16: SI | L16: SI | M16: SI | N16: SI | O16: SI | P16: =IF(OR(J16="NO",K16="NO",L16="NO",M16="NO",N16="NO",O16="NO"),"No Aceptable","Aceptable") -> No Aceptable | Q16: NO | R16: NO | S16: NO | T16: NO | U16: NO | V16: NO | W16: =IF(AND(Q16="NO",R16="NO",S16="NO",T16="NO",U16="NO",V16="NO"),"No Critico","Critico") -> No Critico
A17: =Inicial!A17 -> 15 | B17: =Inicial!B17 -> Procesos | C17: =Inicial!C17 -> Deshuesado de Pechugas | D17: =Inicial!D17 -> Rectificador de cuchillos | E17: =IF(Inicial!J17="SI",Inicial!E17,"N/A") -> 07:05 - 15:05 - 15:05 - 00:05 | F17: =IF(Inicial!J17="SI",Inicial!F17,"N/A") -> N/A | G17: =IF(Inicial!J17="SI",Inicial!G17,"N/A") -> 2 | H17: =IF(Inicial!J17="SI",Inicial!H17,"N/A") -> 2 | I17: =IF(Inicial!J17="SI",Inicial!I17,"N/A") -> 0 | J17: SI | K17: SI | L17: SI | M17: SI | N17: SI | O17: SI | P17: =IF(OR(J17="NO",K17="NO",L17="NO",M17="NO",N17="NO",O17="NO"),"No Aceptable","Aceptable") -> Aceptable | W17: =IF(AND(Q17="NO",R17="NO",S17="NO",T17="NO",U17="NO",V17="NO"),"No Critico","Critico") -> Critico
A18: =Inicial!A18 -> 16 | B18: =Inicial!B18 -> Procesos | C18: =Inicial!C18 -> Deshuesado de Pechugas | D18: =Inicial!D18 -> Jefe de Línea | E18: =IF(Inicial!J18="SI",Inicial!E18,"N/A") -> N/A | F18: =IF(Inicial!J18="SI",Inicial!F18,"N/A") -> N/A | G18: =IF(Inicial!J18="SI",Inicial!G18,"N/A") -> N/A | H18: =IF(Inicial!J18="SI",Inicial!H18,"N/A") -> N/A | I18: =IF(Inicial!J18="SI",Inicial!I18,"N/A") -> N/A | P18: =IF(OR(J18="NO",K18="NO",L18="NO",M18="NO",N18="NO",O18="NO"),"No Aceptable","Aceptable") -> Aceptable | W18: =IF(AND(Q18="NO",R18="NO",S18="NO",T18="NO",U18="NO",V18="NO"),"No Critico","Critico") -> Critico
A19: =Inicial!A19 -> 17 | B19: =Inicial!B19 -> Procesos | C19: =Inicial!C19 -> Deshuesado de Pechugas | D19: =Inicial!D19 -> Supervisor | E19: =IF(Inicial!J19="SI",Inicial!E19,"N/A") -> N/A | F19: =IF(Inicial!J19="SI",Inicial!F19,"N/A") -> N/A | G19: =IF(Inicial!J19="SI",Inicial!G19,"N/A") -> N/A | H19: =IF(Inicial!J19="SI",Inicial!H19,"N/A") -> N/A | I19: =IF(Inicial!J19="SI",Inicial!I19,"N/A") -> N/A | P19: =IF(OR(J19="NO",K19="NO",L19="NO",M19="NO",N19="NO",O19="NO"),"No Aceptable","Aceptable") -> Aceptable | W19: =IF(AND(Q19="NO",R19="NO",S19="NO",T19="NO",U19="NO",V19="NO"),"No Critico","Critico") -> Critico
A20: =Inicial!A20 -> 18 | B20: =Inicial!B20 -> Procesos | C20: =Inicial!C20 -> Envasado | D20: =Inicial!D20 -> Pesador de producto | E20: =IF(Inicial!J20="SI",Inicial!E20,"N/A") -> 07:20 - 15:30 / 15:30 - 01:05 | F20: =IF(Inicial!J20="SI",Inicial!F20,"N/A") -> N/A | G20: =IF(Inicial!J20="SI",Inicial!G20,"N/A") -> 2 | H20: =IF(Inicial!J20="SI",Inicial!H20,"N/A") -> 36 | I20: =IF(Inicial!J20="SI",Inicial!I20,"N/A") -> 52 | J20: NO | K20: SI | L20: SI | M20: SI | N20: SI | O20: SI | P20: =IF(OR(J20="NO",K20="NO",L20="NO",M20="NO",N20="NO",O20="NO"),"No Aceptable","Aceptable") -> No Aceptable | Q20: NO | R20: NO | S20: NO | T20: NO | U20: NO | V20: NO | W20: =IF(AND(Q20="NO",R20="NO",S20="NO",T20="NO",U20="NO",V20="NO"),"No Critico","Critico") -> No Critico
A21: =Inicial!A21 -> 19 | B21: =Inicial!B21 -> Procesos | C21: =Inicial!C21 -> Envasado | D21: =Inicial!D21 -> Distribuidor de producto | E21: =IF(Inicial!J21="SI",Inicial!E21,"N/A") -> 07:20 - 15:30 / 15:30 - 01:05 | F21: =IF(Inicial!J21="SI",Inicial!F21,"N/A") -> N/A | G21: =IF(Inicial!J21="SI",Inicial!G21,"N/A") -> 2 | H21: =IF(Inicial!J21="SI",Inicial!H21,"N/A") -> 36 | I21: =IF(Inicial!J21="SI",Inicial!I21,"N/A") -> 0 | J21: NO | K21: SI | L21: SI | M21: SI | N21: SI | O21: SI | P21: =IF(OR(J21="NO",K21="NO",L21="NO",M21="NO",N21="NO",O21="NO"),"No Aceptable","Aceptable") -> No Aceptable | Q21: NO | R21: NO | S21: NO | T21: NO | U21: NO | V21: NO | W21: =IF(AND(Q21="NO",R21="NO",S21="NO",T21="NO",U21="NO",V21="NO"),"No Critico","Critico") -> No Critico
A22: =Inicial!A22 -> 20 | B22: =Inicial!B22 -> Procesos | C22: =Inicial!C22 -> Envasado | D22: =Inicial!D22 -> Envasador trutro corto/largo | E22: =IF(Inicial!J22="SI",Inicial!E22,"N/A") -> 07:20 - 15:30 / 15:30 - 01:05 | F22: =IF(Inicial!J22="SI",Inicial!F22,"N/A") -> N/A | G22: =IF(Inicial!J22="SI",Inicial!G22,"N/A") -> 2 | H22: =IF(Inicial!J22="SI",Inicial!H22,"N/A") -> 36 | I22: =IF(Inicial!J22="SI",Inicial!I22,"N/A") -> 52 | J22: NO | K22: SI | L22: SI | M22: SI | N22: SI | O22: SI | P22: =IF(OR(J22="NO",K22="NO",L22="NO",M22="NO",N22="NO",O22="NO"),"No Aceptable","Aceptable") -> No Aceptable | Q22: NO | R22: NO | S22: NO | T22: NO | U22: NO | V22: NO | W22: =IF(AND(Q22="NO",R22="NO",S22="NO",T22="NO",U22="NO",V22="NO"),"No Critico","Critico") -> No Critico
A23: =Inicial!A23 -> 21 | B23: =Inicial!B23 -> Procesos | C23: =Inicial!C23 -> Envasado | D23: =Inicial!D23 -> alimentador Envasado multicabezal | E23: =IF(Inicial!J23="SI",Inicial!E23,"N/A") -> 07:20 - 15:30 / 15:30 - 01:05 | F23: =IF(Inicial!J23="SI",Inicial!F23,"N/A") -> N/A | G23: =IF(Inicial!J23="SI",Inicial!G23,"N/A") -> 2 | H23: =IF(Inicial!J23="SI",Inicial!H23,"N/A") -> 36 | I23: =IF(Inicial!J23="SI",Inicial!I23,"N/A") -> 52 | J23: SI | K23: SI | L23: SI | M23: SI | N23: SI | O23: SI | P23: =IF(OR(J23="NO",K23="NO",L23="NO",M23="NO",N23="NO",O23="NO"),"No Aceptable","Aceptable") -> Aceptable | W23: =IF(AND(Q23="NO",R23="NO",S23="NO",T23="NO",U23="NO",V23="NO"),"No Critico","Critico") -> Critico
A24: =Inicial!#REF! -> #REF! | B24: =Inicial!#REF! -> #REF! | C24: =Inicial!#REF! -> #REF! | D24: =Inicial!#REF! -> #REF! | E24: =IF(Inicial!#REF!="SI",Inicial!#REF!,"N/A") -> #REF! | F24: =IF(Inicial!#REF!="SI",Inicial!#REF!,"N/A") -> #REF! | G24: =IF(Inicial!#REF!="SI",Inicial!#REF!,"N/A") -> #REF! | H24: =IF(Inicial!#REF!="SI",Inicial!#REF!,"N/A") -> #REF! | I24: =IF(Inicial!#REF!="SI",Inicial!#REF!,"N/A") -> #REF! | P24: =IF(OR(J24="NO",K24="NO",L24="NO",M24="NO",N24="NO",O24="NO"),"No Aceptable","Aceptable") -> Aceptable | W24: =IF(AND(Q24="NO",R24="NO",S24="NO",T24="NO",U24="NO",V24="NO"),"No Critico","Critico") -> Critico
A25: =Inicial!A24 -> 22 | B25: =Inicial!B24 -> Procesos | C25: =Inicial!C24 -> Envasado | D25: =Inicial!D24 -> Carro materiales | E25: =IF(Inicial!J24="SI",Inicial!E24,"N/A") -> 07:20 - 15:30 / 15:30 - 01:05 | F25: =IF(Inicial!J24="SI",Inicial!F24,"N/A") -> N/A | G25: =IF(Inicial!J24="SI",Inicial!G24,"N/A") -> 2 | H25: =IF(Inicial!J24="SI",Inicial!H24,"N/A") -> 36 | I25: =IF(Inicial!J24="SI",Inicial!I24,"N/A") -> 52 | J25: SI | K25: SI | L25: SI | M25: SI | N25: SI | O25: SI | P25: =IF(OR(J25="NO",K25="NO",L25="NO",M25="NO",N25="NO",O25="NO"),"No Aceptable","Aceptable") -> Aceptable | Q25: NO | R25: NO | S25: NO | T25: NO | U25: NO | V25: NO | W25: =IF(AND(Q25="NO",R25="NO",S25="NO",T25="NO",U25="NO",V25="NO"),"No Critico","Critico") -> No Critico
A26: =Inicial!A25 -> 23 | B26: =Inicial!B25 -> Procesos | C26: =Inicial!C25 -> Envasado | D26: =Inicial!D25 -> Maquinista Termoselladora | E26: =IF(Inicial!J25="SI",Inicial!E25,"N/A") -> N/A | F26: =IF(Inicial!J25="SI",Inicial!F25,"N/A") -> N/A | G26: =IF(Inicial!J25="SI",Inicial!G25,"N/A") -> N/A | H26: =IF(Inicial!J25="SI",Inicial!H25,"N/A") -> N/A | I26: =IF(Inicial!J25="SI",Inicial!I25,"N/A") -> N/A | P26: =IF(OR(J26="NO",K26="NO",L26="NO",M26="NO",N26="NO",O26="NO"),"No Aceptable","Aceptable") -> Aceptable | W26: =IF(AND(Q26="NO",R26="NO",S26="NO",T26="NO",U26="NO",V26="NO"),"No Critico","Critico") -> Critico
A27: =Inicial!A26 -> 24 | B27: =Inicial!B26 -> Procesos | C27: =Inicial!C26 -> Envasado | D27: =Inicial!D26 -> Llenado de bandeja con pala | E27: =IF(Inicial!J26="SI",Inicial!E26,"N/A") -> 07:20 - 15:30 / 15:30 - 01:05 | F27: =IF(Inicial!J26="SI",Inicial!F26,"N/A") -> N/A | G27: =IF(Inicial!J26="SI",Inicial!G26,"N/A") -> 2 | H27: =IF(Inicial!J26="SI",Inicial!H26,"N/A") -> 36 | I27: =IF(Inicial!J26="SI",Inicial!I26,"N/A") -> 0 | J27: NO | K27: SI | L27: NO | M27: SI | N27: SI | O27: SI | P27: =IF(OR(J27="NO",K27="NO",L27="NO",M27="NO",N27="NO",O27="NO"),"No Aceptable","Aceptable") -> No Aceptable | Q27: NO | R27: NO | S27: NO | T27: NO | U27: NO | V27: NO | W27: =IF(AND(Q27="NO",R27="NO",S27="NO",T27="NO",U27="NO",V27="NO"),"No Critico","Critico") -> No Critico
A28: =Inicial!A27 -> 25 | B28: =Inicial!B27 -> Procesos | C28: =Inicial!C27 -> Envasado | D28: =Inicial!D27 -> Levantamiento de bandeja | E28: =IF(Inicial!J27="SI",Inicial!E27,"N/A") -> N/A | F28: =IF(Inicial!J27="SI",Inicial!F27,"N/A") -> N/A | G28: =IF(Inicial!J27="SI",Inicial!G27,"N/A") -> N/A | H28: =IF(Inicial!J27="SI",Inicial!H27,"N/A") -> N/A | I28: =IF(Inicial!J27="SI",Inicial!I27,"N/A") -> N/A | J28: NO | K28: SI | L28: SI | M28: SI | N28: SI | O28: SI | P28: =IF(OR(J28="NO",K28="NO",L28="NO",M28="NO",N28="NO",O28="NO"),"No Aceptable","Aceptable") -> No Aceptable | Q28: NO | R28: NO | S28: NO | T28: NO | U28: NO | V28: NO | W28: =IF(AND(Q28="NO",R28="NO",S28="NO",T28="NO",U28="NO",V28="NO"),"No Critico","Critico") -> No Critico
A29: =Inicial!A28 -> 26 | B29: =Inicial!B28 -> Procesos | C29: =Inicial!C28 -> Mesanina | D29: =Inicial!D28 -> Puesto Fijo | E29: =IF(Inicial!J28="SI",Inicial!E28,"N/A") -> 0 | F29: =IF(Inicial!J28="SI",Inicial!F28,"N/A") -> N/A | G29: =IF(Inicial!J28="SI",Inicial!G28,"N/A") -> 2 | H29: =IF(Inicial!J28="SI",Inicial!H28,"N/A") -> 32 | I29: =IF(Inicial!J28="SI",Inicial!I28,"N/A") -> 20 | J29: SI | K29: SI | L29: SI | M29: SI | N29: SI | O29: SI | P29: =IF(OR(J29="NO",K29="NO",L29="NO",M29="NO",N29="NO",O29="NO"),"No Aceptable","Aceptable") -> Aceptable | Q29: NO | R29: NO | S29: NO | T29: NO | U29: NO | V29: NO | W29: =IF(AND(Q29="NO",R29="NO",S29="NO",T29="NO",U29="NO",V29="NO"),"No Critico","Critico") -> No Critico
A30: =Inicial!A29 -> 27 | B30: =Inicial!B29 -> Procesos | C30: =Inicial!C29 -> Mesanina | D30: =Inicial!D29 -> Centro Punta | E30: =IF(Inicial!J29="SI",Inicial!E29,"N/A") -> 0 | F30: =IF(Inicial!J29="SI",Inicial!F29,"N/A") -> N/A | G30: =IF(Inicial!J29="SI",Inicial!G29,"N/A") -> 2 | H30: =IF(Inicial!J29="SI",Inicial!H29,"N/A") -> 32 | I30: =IF(Inicial!J29="SI",Inicial!I29,"N/A") -> 20 | J30: NO | K30: SI | L30: SI | M30: SI | N30: SI | O30: SI | P30: =IF(OR(J30="NO",K30="NO",L30="NO",M30="NO",N30="NO",O30="NO"),"No Aceptable","Aceptable") -> No Aceptable | Q30: NO | R30: NO | S30: NO | T30: NO | U30: NO | V30: NO | W30: =IF(AND(Q30="NO",R30="NO",S30="NO",T30="NO",U30="NO",V30="NO"),"No Critico","Critico") -> No Critico
A31: =Inicial!A30 -> 28 | B31: =Inicial!B30 -> Procesos | C31: =Inicial!C30 -> Mesanina | D31: =Inicial!D30 -> Reenganchador | E31: =IF(Inicial!J30="SI",Inicial!E30,"N/A") -> 0 | F31: =IF(Inicial!J30="SI",Inicial!F30,"N/A") -> N/A | G31: =IF(Inicial!J30="SI",Inicial!G30,"N/A") -> 2 | H31: =IF(Inicial!J30="SI",Inicial!H30,"N/A") -> 32 | I31: =IF(Inicial!J30="SI",Inicial!I30,"N/A") -> 20 | J31: NO | K31: SI | L31: SI | M31: SI | N31: SI | O31: SI | P31: =IF(OR(J31="NO",K31="NO",L31="NO",M31="NO",N31="NO",O31="NO"),"No Aceptable","Aceptable") -> No Aceptable | Q31: NO | R31: NO | S31: NO | T31: NO | U31: NO | V31: NO | W31: =IF(AND(Q31="NO",R31="NO",S31="NO",T31="NO",U31="NO",V31="NO"),"No Critico","Critico") -> No Critico
A32: =Inicial!A31 -> 29 | B32: =Inicial!B31 -> Procesos | C32: =Inicial!C31 -> Mesanina | D32: =Inicial!D31 -> Cazuelero | E32: =IF(Inicial!J31="SI",Inicial!E31,"N/A") -> 0 | F32: =IF(Inicial!J31="SI",Inicial!F31,"N/A") -> N/A | G32: =IF(Inicial!J31="SI",Inicial!G31,"N/A") -> 2 | H32: =IF(Inicial!J31="SI",Inicial!H31,"N/A") -> 32 | I32: =IF(Inicial!J31="SI",Inicial!I31,"N/A") -> 20 | J32: NO | K32: SI | L32: SI | M32: SI | N32: SI | O32: SI | P32: =IF(OR(J32="NO",K32="NO",L32="NO",M32="NO",N32="NO",O32="NO"),"No Aceptable","Aceptable") -> No Aceptable | Q32: NO | R32: NO | S32: NO | T32: NO | U32: NO | V32: NO | W32: =IF(AND(Q32="NO",R32="NO",S32="NO",T32="NO",U32="NO",V32="NO"),"No Critico","Critico") -> No Critico
A33: =Inicial!A32 -> 30 | B33: =Inicial!B32 -> Procesos | C33: =Inicial!C32 -> Mesanina | D33: =Inicial!D32 -> Reproceso | E33: =IF(Inicial!J32="SI",Inicial!E32,"N/A") -> 0 | F33: =IF(Inicial!J32="SI",Inicial!F32,"N/A") -> N/A | G33: =IF(Inicial!J32="SI",Inicial!G32,"N/A") -> 2 | H33: =IF(Inicial!J32="SI",Inicial!H32,"N/A") -> 32 | I33: =IF(Inicial!J32="SI",Inicial!I32,"N/A") -> 20 | J33: SI | K33: SI | L33: SI | M33: SI | N33: SI | O33: SI | P33: =IF(OR(J33="NO",K33="NO",L33="NO",M33="NO",N33="NO",O33="NO"),"No Aceptable","Aceptable") -> Aceptable | Q33: NO | R33: NO | S33: NO | T33: NO | U33: NO | V33: NO | W33: =IF(AND(Q33="NO",R33="NO",S33="NO",T33="NO",U33="NO",V33="NO"),"No Critico","Critico") -> No Critico
A34: =Inicial!A33 -> 31 | B34: =Inicial!B33 -> Procesos | C34: =Inicial!C33 -> Mesanina | D34: =Inicial!D33 -> Transporte Cazuela | E34: =IF(Inicial!J33="SI",Inicial!E33,"N/A") -> 0 | F34: =IF(Inicial!J33="SI",Inicial!F33,"N/A") -> N/A | G34: =IF(Inicial!J33="SI",Inicial!G33,"N/A") -> 3 | H34: =IF(Inicial!J33="SI",Inicial!H33,"N/A") -> 32 | I34: =IF(Inicial!J33="SI",Inicial!I33,"N/A") -> 20 | J34: SI | K34: SI | L34: SI | M34: SI | N34: SI | O34: SI | P34: =IF(OR(J34="NO",K34="NO",L34="NO",M34="NO",N34="NO",O34="NO"),"No Aceptable","Aceptable") -> Aceptable | Q34: NO | R34: NO | S34: NO | T34: NO | U34: NO | V34: NO | W34: =IF(AND(Q34="NO",R34="NO",S34="NO",T34="NO",U34="NO",V34="NO"),"No Critico","Critico") -> No Critico
A35: =Inicial!A34 -> 32 | B35: =Inicial!B34 -> Procesos | C35: =Inicial!C34 -> Mesanina | D35: =Inicial!D34 -> Maquinista | E35: =IF(Inicial!J34="SI",Inicial!E34,"N/A") -> N/A | F35: =IF(Inicial!J34="SI",Inicial!F34,"N/A") -> N/A | G35: =IF(Inicial!J34="SI",Inicial!G34,"N/A") -> N/A | H35: =IF(Inicial!J34="SI",Inicial!H34,"N/A") -> N/A | I35: =IF(Inicial!J34="SI",Inicial!I34,"N/A") -> N/A | P35: =IF(OR(J35="NO",K35="NO",L35="NO",M35="NO",N35="NO",O35="NO"),"No Aceptable","Aceptable") -> Aceptable | W35: =IF(AND(Q35="NO",R35="NO",S35="NO",T35="NO",U35="NO",V35="NO"),"No Critico","Critico") -> Critico
A36: =Inicial!A35 -> 33 | B36: =Inicial!B35 -> Procesos | C36: =Inicial!C35 -> Paletizado Fresco | D36: =Inicial!D35 -> Postura de bolsa y pañal | E36: =IF(Inicial!J35="SI",Inicial!E35,"N/A") -> 06:45 - 15:55 / 14:55 - 00:20 | F36: =IF(Inicial!J35="SI",Inicial!F35,"N/A") -> N/A | G36: =IF(Inicial!J35="SI",Inicial!G35,"N/A") -> 2 | H36: =IF(Inicial!J35="SI",Inicial!H35,"N/A") -> 96 | I36: =IF(Inicial!J35="SI",Inicial!I35,"N/A") -> 6 | J36: NO | K36: SI | L36: SI | M36: SI | N36: NO | O36: SI | P36: =IF(OR(J36="NO",K36="NO",L36="NO",M36="NO",N36="NO",O36="NO"),"No Aceptable","Aceptable") -> No Aceptable | Q36: NO | R36: NO | S36: NO | T36: NO | U36: NO | V36: NO | W36: =IF(AND(Q36="NO",R36="NO",S36="NO",T36="NO",U36="NO",V36="NO"),"No Critico","Critico") -> No Critico
A37: =Inicial!A36 -> 34 | B37: =Inicial!B36 -> Procesos | C37: =Inicial!C36 -> Paletizado Fresco | D37: =Inicial!D36 -> PC global | E37: =IF(Inicial!J36="SI",Inicial!E36,"N/A") -> 06:45 - 15:55 / 14:55 - 00:20 | F37: =IF(Inicial!J36="SI",Inicial!F36,"N/A") -> N/A | G37: =IF(Inicial!J36="SI",Inicial!G36,"N/A") -> 2 | H37: =IF(Inicial!J36="SI",Inicial!H36,"N/A") -> 13 | I37: =IF(Inicial!J36="SI",Inicial!I36,"N/A") -> 1 | J37: NO | K37: SI | L37: SI | M37: SI | N37: SI | O37: NO | P37: =IF(OR(J37="NO",K37="NO",L37="NO",M37="NO",N37="NO",O37="NO"),"No Aceptable","Aceptable") -> No Aceptable | Q37: NO | R37: NO | S37: NO | T37: NO | U37: NO | V37: SI | W37: =IF(AND(Q37="NO",R37="NO",S37="NO",T37="NO",U37="NO",V37="NO"),"No Critico","Critico") -> Critico
A38: =Inicial!A37 -> 35 | B38: =Inicial!B37 -> Procesos | C38: =Inicial!C37 -> Paletizado Fresco | D38: =Inicial!D37 -> Transpaletero | E38: =IF(Inicial!J37="SI",Inicial!E37,"N/A") -> N/A | F38: =IF(Inicial!J37="SI",Inicial!F37,"N/A") -> N/A | G38: =IF(Inicial!J37="SI",Inicial!G37,"N/A") -> N/A | H38: =IF(Inicial!J37="SI",Inicial!H37,"N/A") -> N/A | I38: =IF(Inicial!J37="SI",Inicial!I37,"N/A") -> N/A | P38: =IF(OR(J38="NO",K38="NO",L38="NO",M38="NO",N38="NO",O38="NO"),"No Aceptable","Aceptable") -> Aceptable | W38: =IF(AND(Q38="NO",R38="NO",S38="NO",T38="NO",U38="NO",V38="NO"),"No Critico","Critico") -> Critico
A39: =Inicial!A38 -> 36 | B39: =Inicial!B38 -> Procesos | C39: =Inicial!C38 -> Paletizado Fresco | D39: =Inicial!D38 -> Maquinista | E39: =IF(Inicial!J38="SI",Inicial!E38,"N/A") -> N/A | F39: =IF(Inicial!J38="SI",Inicial!F38,"N/A") -> N/A | G39: =IF(Inicial!J38="SI",Inicial!G38,"N/A") -> N/A | H39: =IF(Inicial!J38="SI",Inicial!H38,"N/A") -> N/A | I39: =IF(Inicial!J38="SI",Inicial!I38,"N/A") -> N/A | P39: =IF(OR(J39="NO",K39="NO",L39="NO",M39="NO",N39="NO",O39="NO"),"No Aceptable","Aceptable") -> Aceptable | W39: =IF(AND(Q39="NO",R39="NO",S39="NO",T39="NO",U39="NO",V39="NO"),"No Critico","Critico") -> Critico
A40: =Inicial!A39 -> 37 | B40: =Inicial!B39 -> Procesos | C40: =Inicial!C39 -> Paletizado Fresco | D40: =Inicial!D39 -> Administrativo | E40: =IF(Inicial!J39="SI",Inicial!E39,"N/A") -> N/A | F40: =IF(Inicial!J39="SI",Inicial!F39,"N/A") -> N/A | G40: =IF(Inicial!J39="SI",Inicial!G39,"N/A") -> N/A | H40: =IF(Inicial!J39="SI",Inicial!H39,"N/A") -> N/A | I40: =IF(Inicial!J39="SI",Inicial!I39,"N/A") -> N/A | J40: SI | K40: SI | L40: SI | M40: SI | N40: SI | O40: SI | P40: =IF(OR(J40="NO",K40="NO",L40="NO",M40="NO",N40="NO",O40="NO"),"No Aceptable","Aceptable") -> Aceptable | W40: =IF(AND(Q40="NO",R40="NO",S40="NO",T40="NO",U40="NO",V40="NO"),"No Critico","Critico") -> Critico
A41: =Inicial!A40 -> 38 | B41: =Inicial!B40 -> Procesos | C41: =Inicial!C40 -> Paletizado Fresco | D41: =Inicial!D40 -> Jefe de Línea | E41: =IF(Inicial!J40="SI",Inicial!E40,"N/A") -> N/A | F41: =IF(Inicial!J40="SI",Inicial!F40,"N/A") -> N/A | G41: =IF(Inicial!J40="SI",Inicial!G40,"N/A") -> N/A | H41: =IF(Inicial!J40="SI",Inicial!H40,"N/A") -> N/A | I41: =IF(Inicial!J40="SI",Inicial!I40,"N/A") -> N/A | P41: =IF(OR(J41="NO",K41="NO",L41="NO",M41="NO",N41="NO",O41="NO"),"No Aceptable","Aceptable") -> Aceptable | W41: =IF(AND(Q41="NO",R41="NO",S41="NO",T41="NO",U41="NO",V41="NO"),"No Critico","Critico") -> Critico
A42: =Inicial!A41 -> 39 | B42: =Inicial!B41 -> Procesos | C42: =Inicial!C41 -> Paletizado Fresco | D42: =Inicial!D41 -> Paletizador | E42: =IF(Inicial!J41="SI",Inicial!E41,"N/A") -> 06:45 - 15:55 / 14:55 - 00:20 | F42: =IF(Inicial!J41="SI",Inicial!F41,"N/A") -> N/A | G42: =IF(Inicial!J41="SI",Inicial!G41,"N/A") -> 2 | H42: =IF(Inicial!J41="SI",Inicial!H41,"N/A") -> 96 | I42: =IF(Inicial!J41="SI",Inicial!I41,"N/A") -> 6 | J42: NO | K42: SI | L42: SI | M42: SI | N42: NO | O42: SI | P42: =IF(OR(J42="NO",K42="NO",L42="NO",M42="NO",N42="NO",O42="NO"),"No Aceptable","Aceptable") -> No Aceptable | Q42: NO | R42: NO | S42: NO | T42: NO | U42: NO | V42: NO | W42: =IF(AND(Q42="NO",R42="NO",S42="NO",T42="NO",U42="NO",V42="NO"),"No Critico","Critico") -> No Critico
A43: =Inicial!A42 -> 40 | B43: =Inicial!B42 -> Procesos | C43: =Inicial!C42 -> Paletizado Fresco | D43: =Inicial!D42 -> Supervisor | E43: =IF(Inicial!J42="SI",Inicial!E42,"N/A") -> N/A | F43: =IF(Inicial!J42="SI",Inicial!F42,"N/A") -> N/A | G43: =IF(Inicial!J42="SI",Inicial!G42,"N/A") -> N/A | H43: =IF(Inicial!J42="SI",Inicial!H42,"N/A") -> N/A | I43: =IF(Inicial!J42="SI",Inicial!I42,"N/A") -> N/A | P43: =IF(OR(J43="NO",K43="NO",L43="NO",M43="NO",N43="NO",O43="NO"),"No Aceptable","Aceptable") -> Aceptable | W43: =IF(AND(Q43="NO",R43="NO",S43="NO",T43="NO",U43="NO",V43="NO"),"No Critico","Critico") -> Critico
A44: =Inicial!A43 -> 41 | B44: =Inicial!B43 -> Procesos | C44: =Inicial!C43 -> Trozado L1 | D44: =Inicial!D43 -> Pesador de producto derecha | E44: =IF(Inicial!J43="SI",Inicial!E43,"N/A") -> 07:05 - 15:05 15:15 - 00:15 | F44: =IF(Inicial!J43="SI",Inicial!F43,"N/A") -> N/A | G44: =IF(Inicial!J43="SI",Inicial!G43,"N/A") -> 2 | H44: =IF(Inicial!J43="SI",Inicial!H43,"N/A") -> 66 | I44: =IF(Inicial!J43="SI",Inicial!I43,"N/A") -> 73 | J44: NO | K44: SI | L44: SI | M44: SI | N44: SI | O44: SI | P44: =IF(OR(J44="NO",K44="NO",L44="NO",M44="NO",N44="NO",O44="NO"),"No Aceptable","Aceptable") -> No Aceptable | Q44: NO | R44: NO | S44: NO | T44: NO | U44: NO | V44: NO | W44: =IF(AND(Q44="NO",R44="NO",S44="NO",T44="NO",U44="NO",V44="NO"),"No Critico","Critico") -> No Critico
A45: =Inicial!A44 -> 42 | B45: =Inicial!B44 -> Procesos | C45: =Inicial!C44 -> Trozado L2 | D45: =Inicial!D44 -> Pesador de producto izquierda | E45: =IF(Inicial!J44="SI",Inicial!E44,"N/A") -> 07:05 - 15:05 15:15 - 00:15 | F45: =IF(Inicial!J44="SI",Inicial!F44,"N/A") -> N/A | G45: =IF(Inicial!J44="SI",Inicial!G44,"N/A") -> 2 | H45: =IF(Inicial!J44="SI",Inicial!H44,"N/A") -> 66 | I45: =IF(Inicial!J44="SI",Inicial!I44,"N/A") -> 73 | J45: NO | K45: SI | L45: SI | M45: SI | N45: SI | O45: SI | P45: =IF(OR(J45="NO",K45="NO",L45="NO",M45="NO",N45="NO",O45="NO"),"No Aceptable","Aceptable") -> No Aceptable | Q45: NO | R45: NO | S45: NO | T45: NO | U45: NO | V45: NO | W45: =IF(AND(Q45="NO",R45="NO",S45="NO",T45="NO",U45="NO",V45="NO"),"No Critico","Critico") -> No Critico
A46: =Inicial!A45 -> 43 | B46: =Inicial!B45 -> Procesos | C46: =Inicial!C45 -> Trozado L5 | D46: =Inicial!D45 -> Selección de (trutro) | E46: =IF(Inicial!J45="SI",Inicial!E45,"N/A") -> 07:05 - 15:05 15:15 - 00:15 | F46: =IF(Inicial!J45="SI",Inicial!F45,"N/A") -> N/A | G46: =IF(Inicial!J45="SI",Inicial!G45,"N/A") -> 2 | H46: =IF(Inicial!J45="SI",Inicial!H45,"N/A") -> 66 | I46: =IF(Inicial!J45="SI",Inicial!I45,"N/A") -> 73 | J46: NO | K46: SI | L46: SI | M46: SI | N46: SI | O46: SI | P46: =IF(OR(J46="NO",K46="NO",L46="NO",M46="NO",N46="NO",O46="NO"),"No Aceptable","Aceptable") -> No Aceptable | Q46: NO | R46: NO | S46: NO | T46: NO | U46: NO | V46: NO | W46: =IF(AND(Q46="NO",R46="NO",S46="NO",T46="NO",U46="NO",V46="NO"),"No Critico","Critico") -> No Critico
A47: =Inicial!A46 -> 44 | B47: =Inicial!B46 -> Procesos | C47: =Inicial!C46 -> Trozado L1 | D47: =Inicial!D46 -> Embalado de producto en termoformadora | E47: =IF(Inicial!J46="SI",Inicial!E46,"N/A") -> 07:05 - 15:05 15:15 - 00:15 | F47: =IF(Inicial!J46="SI",Inicial!F46,"N/A") -> N/A | G47: =IF(Inicial!J46="SI",Inicial!G46,"N/A") -> 2 | H47: =IF(Inicial!J46="SI",Inicial!H46,"N/A") -> 66 | I47: =IF(Inicial!J46="SI",Inicial!I46,"N/A") -> 73 | J47: NO | K47: SI | L47: SI | M47: SI | N47: SI | O47: SI | P47: =IF(OR(J47="NO",K47="NO",L47="NO",M47="NO",N47="NO",O47="NO"),"No Aceptable","Aceptable") -> No Aceptable | Q47: NO | R47: NO | S47: NO | T47: NO | U47: NO | V47: NO | W47: =IF(AND(Q47="NO",R47="NO",S47="NO",T47="NO",U47="NO",V47="NO"),"No Critico","Critico") -> No Critico
A48: =Inicial!A47 -> 45 | B48: =Inicial!B47 -> Procesos | C48: =Inicial!C47 -> Trozado L1 | D48: =Inicial!D47 -> Chequeador de peso | E48: =IF(Inicial!J47="SI",Inicial!E47,"N/A") -> 07:05 - 15:05 15:15 - 00:15 | F48: =IF(Inicial!J47="SI",Inicial!F47,"N/A") -> N/A | G48: =IF(Inicial!J47="SI",Inicial!G47,"N/A") -> 2 | H48: =IF(Inicial!J47="SI",Inicial!H47,"N/A") -> 66 | I48: =IF(Inicial!J47="SI",Inicial!I47,"N/A") -> 73 | J48: SI | K48: SI | L48: SI | M48: SI | N48: SI | O48: SI | P48: =IF(OR(J48="NO",K48="NO",L48="NO",M48="NO",N48="NO",O48="NO"),"No Aceptable","Aceptable") -> Aceptable | Q48: NO | R48: NO | S48: NO | T48: NO | U48: NO | V48: NO | W48: =IF(AND(Q48="NO",R48="NO",S48="NO",T48="NO",U48="NO",V48="NO"),"No Critico","Critico") -> No Critico
A49: =Inicial!A48 -> 46 | B49: =Inicial!B48 -> Procesos | C49: =Inicial!C48 -> Trozado L2 | D49: =Inicial!D48 -> Traslape | E49: =IF(Inicial!J48="SI",Inicial!E48,"N/A") -> 06:45 - 15:05 15:05 - 23:55 | F49: =IF(Inicial!J48="SI",Inicial!F48,"N/A") -> N/A | G49: =IF(Inicial!J48="SI",Inicial!G48,"N/A") -> 2 | H49: =IF(Inicial!J48="SI",Inicial!H48,"N/A") -> 66 | I49: =IF(Inicial!J48="SI",Inicial!I48,"N/A") -> 73 | J49: SI | K49: SI | L49: SI | M49: SI | N49: SI | O49: SI | P49: =IF(OR(J49="NO",K49="NO",L49="NO",M49="NO",N49="NO",O49="NO"),"No Aceptable","Aceptable") -> Aceptable | Q49: NO | R49: NO | S49: NO | T49: NO | U49: NO | V49: NO | W49: No Critico
A50: =Inicial!A49 -> 47 | B50: =Inicial!B49 -> Procesos | C50: =Inicial!C49 -> Trozado L1 | D50: =Inicial!D49 -> Volteador de bins | E50: =IF(Inicial!J49="SI",Inicial!E49,"N/A") -> 07:05 - 15:05 15:15 - 00:15 | F50: =IF(Inicial!J49="SI",Inicial!F49,"N/A") -> N/A | G50: =IF(Inicial!J49="SI",Inicial!G49,"N/A") -> 2 | H50: =IF(Inicial!J49="SI",Inicial!H49,"N/A") -> 66 | I50: =IF(Inicial!J49="SI",Inicial!I49,"N/A") -> 0 | J50: SI | K50: SI | L50: SI | M50: SI | N50: SI | O50: SI | P50: =IF(OR(J50="NO",K50="NO",L50="NO",M50="NO",N50="NO",O50="NO"),"No Aceptable","Aceptable") -> Aceptable | Q50: NO | R50: NO | S50: NO | T50: NO | U50: NO | V50: NO | W50: =IF(AND(Q50="NO",R50="NO",S50="NO",T50="NO",U50="NO",V50="NO"),"No Critico","Critico") -> No Critico
A51: =Inicial!#REF! -> #REF! | B51: =Inicial!#REF! -> #REF! | C51: =Inicial!#REF! -> #REF! | D51: =Inicial!#REF! -> #REF! | E51: =IF(Inicial!#REF!="SI",Inicial!#REF!,"N/A") -> #REF! | F51: =IF(Inicial!#REF!="SI",Inicial!#REF!,"N/A") -> #REF! | G51: =IF(Inicial!#REF!="SI",Inicial!#REF!,"N/A") -> #REF! | H51: =IF(Inicial!#REF!="SI",Inicial!#REF!,"N/A") -> #REF! | I51: =IF(Inicial!#REF!="SI",Inicial!#REF!,"N/A") -> #REF! | P51: =IF(OR(J51="NO",K51="NO",L51="NO",M51="NO",N51="NO",O51="NO"),"No Aceptable","Aceptable") -> Aceptable | W51: =IF(AND(Q51="NO",R51="NO",S51="NO",T51="NO",U51="NO",V51="NO"),"No Critico","Critico") -> Critico
A52: =Inicial!#REF! -> #REF! | B52: =Inicial!#REF! -> #REF! | C52: =Inicial!#REF! -> #REF! | D52: =Inicial!#REF! -> #REF! | E52: =IF(Inicial!#REF!="SI",Inicial!#REF!,"N/A") -> #REF! | F52: =IF(Inicial!#REF!="SI",Inicial!#REF!,"N/A") -> #REF! | G52: =IF(Inicial!#REF!="SI",Inicial!#REF!,"N/A") -> #REF! | H52: =IF(Inicial!#REF!="SI",Inicial!#REF!,"N/A") -> #REF! | I52: =IF(Inicial!#REF!="SI",Inicial!#REF!,"N/A") -> #REF! | P52: =IF(OR(J52="NO",K52="NO",L52="NO",M52="NO",N52="NO",O52="NO"),"No Aceptable","Aceptable") -> Aceptable | W52: =IF(AND(Q52="NO",R52="NO",S52="NO",T52="NO",U52="NO",V52="NO"),"No Critico","Critico") -> Critico
A53: =Inicial!A50 -> 48 | B53: =Inicial!B50 -> Procesos | C53: =Inicial!C50 -> Mesanina | D53: =Inicial!D50 -> Recolgado | E53: =IF(Inicial!J50="SI",Inicial!E50,"N/A") -> 07:05 - 15:05 15:15 - 00:15 | F53: =IF(Inicial!J50="SI",Inicial!F50,"N/A") -> N/A | G53: =IF(Inicial!J50="SI",Inicial!G50,"N/A") -> 2 | H53: =IF(Inicial!J50="SI",Inicial!H50,"N/A") -> 66 | I53: =IF(Inicial!J50="SI",Inicial!I50,"N/A") -> 73 | J53: NO | K53: SI | L53: NO | M53: SI | N53: SI | O53: SI | P53: =IF(OR(J53="NO",K53="NO",L53="NO",M53="NO",N53="NO",O53="NO"),"No Aceptable","Aceptable") -> No Aceptable | Q53: NO | R53: NO | S53: NO | T53: NO | U53: NO | V53: NO | W53: =IF(AND(Q53="NO",R53="NO",S53="NO",T53="NO",U53="NO",V53="NO"),"No Critico","Critico") -> No Critico
A54: =Inicial!#REF! -> #REF! | B54: =Inicial!#REF! -> #REF! | C54: =Inicial!#REF! -> #REF! | D54: =Inicial!#REF! -> #REF! | E54: =IF(Inicial!#REF!="SI",Inicial!#REF!,"N/A") -> #REF! | F54: =IF(Inicial!#REF!="SI",Inicial!#REF!,"N/A") -> #REF! | G54: =IF(Inicial!#REF!="SI",Inicial!#REF!,"N/A") -> #REF! | H54: =IF(Inicial!#REF!="SI",Inicial!#REF!,"N/A") -> #REF! | I54: =IF(Inicial!#REF!="SI",Inicial!#REF!,"N/A") -> #REF! | P54: =IF(OR(J54="NO",K54="NO",L54="NO",M54="NO",N54="NO",O54="NO"),"No Aceptable","Aceptable") -> Aceptable | W54: =IF(AND(Q54="NO",R54="NO",S54="NO",T54="NO",U54="NO",V54="NO"),"No Critico","Critico") -> Critico
A55: =Inicial!A51 -> 49 | B55: =Inicial!B51 -> Procesos | C55: =Inicial!C51 -> Trozado | D55: =Inicial!D51 -> Tranferidor | E55: =IF(Inicial!J51="SI",Inicial!E51,"N/A") -> 07:05 - 15:05 15:15 - 00:15 | F55: =IF(Inicial!J51="SI",Inicial!F51,"N/A") -> N/A | G55: =IF(Inicial!J51="SI",Inicial!G51,"N/A") -> 2 | H55: =IF(Inicial!J51="SI",Inicial!H51,"N/A") -> 66 | I55: =IF(Inicial!J51="SI",Inicial!I51,"N/A") -> 0 | J55: SI | K55: SI | L55: SI | M55: SI | N55: SI | O55: SI | P55: =IF(OR(J55="NO",K55="NO",L55="NO",M55="NO",N55="NO",O55="NO"),"No Aceptable","Aceptable") -> Aceptable | Q55: NO | R55: NO | S55: NO | T55: NO | U55: NO | V55: NO | W55: =IF(AND(Q55="NO",R55="NO",S55="NO",T55="NO",U55="NO",V55="NO"),"No Critico","Critico") -> No Critico
A56: =Inicial!A52 -> 50 | B56: =Inicial!B52 -> Procesos | C56: =Inicial!C52 -> Trozado | D56: =Inicial!D52 -> Transpaletero | E56: =IF(Inicial!J52="SI",Inicial!E52,"N/A") -> N/A | F56: =IF(Inicial!J52="SI",Inicial!F52,"N/A") -> N/A | G56: =IF(Inicial!J52="SI",Inicial!G52,"N/A") -> N/A | H56: =IF(Inicial!J52="SI",Inicial!H52,"N/A") -> N/A | I56: =IF(Inicial!J52="SI",Inicial!I52,"N/A") -> N/A | P56: =IF(OR(J56="NO",K56="NO",L56="NO",M56="NO",N56="NO",O56="NO"),"No Aceptable","Aceptable") -> Aceptable | W56: =IF(AND(Q56="NO",R56="NO",S56="NO",T56="NO",U56="NO",V56="NO"),"No Critico","Critico") -> Critico
A57: =Inicial!A53 -> 51 | B57: =Inicial!B53 -> Procesos | C57: =Inicial!C53 -> Trozado L2 | D57: =Inicial!D53 -> Trozado manual | E57: =IF(Inicial!J53="SI",Inicial!E53,"N/A") -> 07:05 - 15:05 15:15 - 00:15 | F57: =IF(Inicial!J53="SI",Inicial!F53,"N/A") -> N/A | G57: =IF(Inicial!J53="SI",Inicial!G53,"N/A") -> 2 | H57: =IF(Inicial!J53="SI",Inicial!H53,"N/A") -> 66 | I57: =IF(Inicial!J53="SI",Inicial!I53,"N/A") -> 73 | J57: NO | K57: SI | L57: SI | M57: SI | N57: SI | O57: SI | P57: =IF(OR(J57="NO",K57="NO",L57="NO",M57="NO",N57="NO",O57="NO"),"No Aceptable","Aceptable") -> No Aceptable | Q57: NO | R57: NO | S57: NO | T57: NO | U57: NO | V57: NO | W57: =IF(AND(Q57="NO",R57="NO",S57="NO",T57="NO",U57="NO",V57="NO"),"No Critico","Critico") -> No Critico
A58: =Inicial!A54 -> 52 | B58: =Inicial!B54 -> Procesos | C58: =Inicial!C54 -> Trozado | D58: =Inicial!D54 -> Maquinista | E58: =IF(Inicial!J54="SI",Inicial!E54,"N/A") -> N/A | F58: =IF(Inicial!J54="SI",Inicial!F54,"N/A") -> N/A | G58: =IF(Inicial!J54="SI",Inicial!G54,"N/A") -> N/A | H58: =IF(Inicial!J54="SI",Inicial!H54,"N/A") -> N/A | I58: =IF(Inicial!J54="SI",Inicial!I54,"N/A") -> N/A | P58: =IF(OR(J58="NO",K58="NO",L58="NO",M58="NO",N58="NO",O58="NO"),"No Aceptable","Aceptable") -> Aceptable | W58: =IF(AND(Q58="NO",R58="NO",S58="NO",T58="NO",U58="NO",V58="NO"),"No Critico","Critico") -> Critico
A59: =Inicial!A55 -> 53 | B59: =Inicial!B55 -> Procesos | C59: =Inicial!C55 -> Trozado | D59: =Inicial!D55 -> Fechado | E59: =IF(Inicial!J55="SI",Inicial!E55,"N/A") -> 07:05 - 15:05 15:15 - 00:15 | F59: =IF(Inicial!J55="SI",Inicial!F55,"N/A") -> N/A | G59: =IF(Inicial!J55="SI",Inicial!G55,"N/A") -> 2 | H59: =IF(Inicial!J55="SI",Inicial!H55,"N/A") -> 66 | I59: =IF(Inicial!J55="SI",Inicial!I55,"N/A") -> 73 | J59: NO | K59: SI | L59: SI | M59: SI | N59: SI | O59: SI | P59: =IF(OR(J59="NO",K59="NO",L59="NO",M59="NO",N59="NO",O59="NO"),"No Aceptable","Aceptable") -> No Aceptable | Q59: NO | R59: NO | S59: NO | T59: NO | U59: NO | V59: NO | W59: =IF(AND(Q59="NO",R59="NO",S59="NO",T59="NO",U59="NO",V59="NO"),"No Critico","Critico") -> No Critico
A60: =Inicial!A56 -> 54 | B60: =Inicial!B56 -> Procesos | C60: =Inicial!C56 -> Trozado L1 | D60: =Inicial!D56 -> Embalado pollo personal | E60: =IF(Inicial!J56="SI",Inicial!E56,"N/A") -> 07:05 - 15:05 15:15 - 00:15 | F60: =IF(Inicial!J56="SI",Inicial!F56,"N/A") -> N/A | G60: =IF(Inicial!J56="SI",Inicial!G56,"N/A") -> 2 | H60: =IF(Inicial!J56="SI",Inicial!H56,"N/A") -> 66 | I60: =IF(Inicial!J56="SI",Inicial!I56,"N/A") -> 73 | J60: NO | K60: SI | L60: SI | M60: SI | N60: SI | O60: SI | P60: =IF(OR(J60="NO",K60="NO",L60="NO",M60="NO",N60="NO",O60="NO"),"No Aceptable","Aceptable") -> No Aceptable | Q60: NO | R60: NO | S60: NO | T60: NO | U60: NO | V60: NO | W60: No Critico
A61: =Inicial!A57 -> 55 | B61: =Inicial!B57 -> Procesos | C61: =Inicial!C57 -> Trozado | D61: =Inicial!D57 -> Programador | E61: =IF(Inicial!J57="SI",Inicial!E57,"N/A") -> N/A | F61: =IF(Inicial!J57="SI",Inicial!F57,"N/A") -> N/A | G61: =IF(Inicial!J57="SI",Inicial!G57,"N/A") -> N/A | H61: =IF(Inicial!J57="SI",Inicial!H57,"N/A") -> N/A | I61: =IF(Inicial!J57="SI",Inicial!I57,"N/A") -> N/A | P61: =IF(OR(J61="NO",K61="NO",L61="NO",M61="NO",N61="NO",O61="NO"),"No Aceptable","Aceptable") -> Aceptable | W61: =IF(AND(Q61="NO",R61="NO",S61="NO",T61="NO",U61="NO",V61="NO"),"No Critico","Critico") -> Critico
A62: =Inicial!A58 -> 56 | B62: =Inicial!B58 -> Procesos | C62: =Inicial!C58 -> Trozado L5 | D62: =Inicial!D58 -> Vacio espinazo | E62: =IF(Inicial!J58="SI",Inicial!E58,"N/A") -> 07:05 - 15:05 15:15 - 00:15 | F62: =IF(Inicial!J58="SI",Inicial!F58,"N/A") -> N/A | G62: =IF(Inicial!J58="SI",Inicial!G58,"N/A") -> 2 | H62: =IF(Inicial!J58="SI",Inicial!H58,"N/A") -> 66 | I62: =IF(Inicial!J58="SI",Inicial!I58,"N/A") -> 73 | J62: NO | K62: SI | L62: SI | M62: SI | N62: SI | O62: SI | P62: =IF(OR(J62="NO",K62="NO",L62="NO",M62="NO",N62="NO",O62="NO"),"No Aceptable","Aceptable") -> No Aceptable | Q62: NO | R62: NO | S62: NO | T62: NO | U62: NO | V62: NO | W62: =IF(AND(Q62="NO",R62="NO",S62="NO",T62="NO",U62="NO",V62="NO"),"No Critico","Critico") -> No Critico
A63: =Inicial!A59 -> 57 | B63: =Inicial!B59 -> Procesos | C63: =Inicial!C59 -> Trozado L5 | D63: =Inicial!D59 -> Vacio punta espinazo | E63: =IF(Inicial!J59="SI",Inicial!E59,"N/A") -> 07:05 - 15:05 15:15 - 00:15 | F63: =IF(Inicial!J59="SI",Inicial!F59,"N/A") -> N/A | G63: =IF(Inicial!J59="SI",Inicial!G59,"N/A") -> 2 | H63: =IF(Inicial!J59="SI",Inicial!H59,"N/A") -> 66 | I63: =IF(Inicial!J59="SI",Inicial!I59,"N/A") -> 73 | J63: NO | K63: SI | L63: SI | M63: SI | N63: SI | O63: SI | P63: =IF(OR(J63="NO",K63="NO",L63="NO",M63="NO",N63="NO",O63="NO"),"No Aceptable","Aceptable") -> No Aceptable | Q63: NO | R63: NO | S63: NO | T63: NO | U63: NO | V63: NO | W63: =IF(AND(Q63="NO",R63="NO",S63="NO",T63="NO",U63="NO",V63="NO"),"No Critico","Critico") -> No Critico
A64: =Inicial!A60 -> 58 | B64: =Inicial!B60 -> Procesos | C64: =Inicial!C60 -> Trozado | D64: =Inicial!D60 -> Trozado manual cazuela | E64: =IF(Inicial!J60="SI",Inicial!E60,"N/A") -> N/A | F64: =IF(Inicial!J60="SI",Inicial!F60,"N/A") -> N/A | G64: =IF(Inicial!J60="SI",Inicial!G60,"N/A") -> N/A | H64: =IF(Inicial!J60="SI",Inicial!H60,"N/A") -> N/A | I64: =IF(Inicial!J60="SI",Inicial!I60,"N/A") -> N/A | P64: =IF(OR(J64="NO",K64="NO",L64="NO",M64="NO",N64="NO",O64="NO"),"No Aceptable","Aceptable") -> Aceptable | W64: =IF(AND(Q64="NO",R64="NO",S64="NO",T64="NO",U64="NO",V64="NO"),"No Critico","Critico") -> Critico
A65: =Inicial!A61 -> 59 | B65: =Inicial!B61 -> Procesos | C65: =Inicial!C61 -> Trozado L5 | D65: =Inicial!D61 -> Traslado de Decomiso | E65: =IF(Inicial!J61="SI",Inicial!E61,"N/A") -> N/A | F65: =IF(Inicial!J61="SI",Inicial!F61,"N/A") -> N/A | G65: =IF(Inicial!J61="SI",Inicial!G61,"N/A") -> N/A | H65: =IF(Inicial!J61="SI",Inicial!H61,"N/A") -> N/A | I65: =IF(Inicial!J61="SI",Inicial!I61,"N/A") -> N/A | P65: =IF(OR(J65="NO",K65="NO",L65="NO",M65="NO",N65="NO",O65="NO"),"No Aceptable","Aceptable") -> Aceptable | W65: =IF(AND(Q65="NO",R65="NO",S65="NO",T65="NO",U65="NO",V65="NO"),"No Critico","Critico") -> Critico
A66: =Inicial!A62 -> 60 | B66: =Inicial!B62 -> Procesos | C66: =Inicial!C62 -> Trozado L5 | D66: =Inicial!D62 -> Selección centro ala | E66: =IF(Inicial!J62="SI",Inicial!E62,"N/A") -> 07:05 - 15:05 15:15 - 00:15 | F66: =IF(Inicial!J62="SI",Inicial!F62,"N/A") -> N/A | G66: =IF(Inicial!J62="SI",Inicial!G62,"N/A") -> 2 | H66: =IF(Inicial!J62="SI",Inicial!H62,"N/A") -> 66 | I66: =IF(Inicial!J62="SI",Inicial!I62,"N/A") -> 73 | J66: NO | K66: SI | L66: SI | M66: SI | N66: SI | O66: SI | P66: =IF(OR(J66="NO",K66="NO",L66="NO",M66="NO",N66="NO",O66="NO"),"No Aceptable","Aceptable") -> No Aceptable | Q66: NO | R66: NO | S66: NO | T66: NO | U66: NO | V66: NO | W66: =IF(AND(Q66="NO",R66="NO",S66="NO",T66="NO",U66="NO",V66="NO"),"No Critico","Critico") -> No Critico
A67: =Inicial!#REF! -> #REF! | B67: =Inicial!#REF! -> #REF! | C67: =Inicial!#REF! -> #REF! | D67: =Inicial!#REF! -> #REF! | E67: =IF(Inicial!#REF!="SI",Inicial!#REF!,"N/A") -> #REF! | F67: =IF(Inicial!#REF!="SI",Inicial!#REF!,"N/A") -> #REF! | G67: =IF(Inicial!#REF!="SI",Inicial!#REF!,"N/A") -> #REF! | H67: =IF(Inicial!#REF!="SI",Inicial!#REF!,"N/A") -> #REF! | I67: =IF(Inicial!#REF!="SI",Inicial!#REF!,"N/A") -> #REF! | P67: =IF(OR(J67="NO",K67="NO",L67="NO",M67="NO",N67="NO",O67="NO"),"No Aceptable","Aceptable") -> Aceptable | W67: =IF(AND(Q67="NO",R67="NO",S67="NO",T67="NO",U67="NO",V67="NO"),"No Critico","Critico") -> Critico
A68: =Inicial!#REF! -> #REF! | B68: =Inicial!#REF! -> #REF! | C68: =Inicial!#REF! -> #REF! | D68: =Inicial!#REF! -> #REF! | E68: =IF(Inicial!#REF!="SI",Inicial!#REF!,"N/A") -> #REF! | F68: =IF(Inicial!#REF!="SI",Inicial!#REF!,"N/A") -> #REF! | G68: =IF(Inicial!#REF!="SI",Inicial!#REF!,"N/A") -> #REF! | H68: =IF(Inicial!#REF!="SI",Inicial!#REF!,"N/A") -> #REF! | I68: =IF(Inicial!#REF!="SI",Inicial!#REF!,"N/A") -> #REF! | P68: =IF(OR(J68="NO",K68="NO",L68="NO",M68="NO",N68="NO",O68="NO"),"No Aceptable","Aceptable") -> Aceptable | W68: =IF(AND(Q68="NO",R68="NO",S68="NO",T68="NO",U68="NO",V68="NO"),"No Critico","Critico") -> Critico
A69: =Inicial!#REF! -> #REF! | B69: =Inicial!#REF! -> #REF! | C69: =Inicial!#REF! -> #REF! | D69: =Inicial!#REF! -> #REF! | E69: =IF(Inicial!#REF!="SI",Inicial!#REF!,"N/A") -> #REF! | F69: =IF(Inicial!#REF!="SI",Inicial!#REF!,"N/A") -> #REF! | G69: =IF(Inicial!#REF!="SI",Inicial!#REF!,"N/A") -> #REF! | H69: =IF(Inicial!#REF!="SI",Inicial!#REF!,"N/A") -> #REF! | I69: =IF(Inicial!#REF!="SI",Inicial!#REF!,"N/A") -> #REF! | P69: =IF(OR(J69="NO",K69="NO",L69="NO",M69="NO",N69="NO",O69="NO"),"No Aceptable","Aceptable") -> Aceptable | W69: =IF(AND(Q69="NO",R69="NO",S69="NO",T69="NO",U69="NO",V69="NO"),"No Critico","Critico") -> Critico
A70: =Inicial!#REF! -> #REF! | B70: =Inicial!#REF! -> #REF! | C70: =Inicial!#REF! -> #REF! | D70: =Inicial!#REF! -> #REF! | E70: =IF(Inicial!#REF!="SI",Inicial!#REF!,"N/A") -> #REF! | F70: =IF(Inicial!#REF!="SI",Inicial!#REF!,"N/A") -> #REF! | G70: =IF(Inicial!#REF!="SI",Inicial!#REF!,"N/A") -> #REF! | H70: =IF(Inicial!#REF!="SI",Inicial!#REF!,"N/A") -> #REF! | I70: =IF(Inicial!#REF!="SI",Inicial!#REF!,"N/A") -> #REF! | P70: =IF(OR(J70="NO",K70="NO",L70="NO",M70="NO",N70="NO",O70="NO"),"No Aceptable","Aceptable") -> Aceptable | W70: =IF(AND(Q70="NO",R70="NO",S70="NO",T70="NO",U70="NO",V70="NO"),"No Critico","Critico") -> Critico
A71: =Inicial!#REF! -> #REF! | B71: =Inicial!#REF! -> #REF! | C71: =Inicial!#REF! -> #REF! | D71: =Inicial!#REF! -> #REF! | E71: =IF(Inicial!#REF!="SI",Inicial!#REF!,"N/A") -> #REF! | F71: =IF(Inicial!#REF!="SI",Inicial!#REF!,"N/A") -> #REF! | G71: =IF(Inicial!#REF!="SI",Inicial!#REF!,"N/A") -> #REF! | H71: =IF(Inicial!#REF!="SI",Inicial!#REF!,"N/A") -> #REF! | I71: =IF(Inicial!#REF!="SI",Inicial!#REF!,"N/A") -> #REF! | P71: =IF(OR(J71="NO",K71="NO",L71="NO",M71="NO",N71="NO",O71="NO"),"No Aceptable","Aceptable") -> Aceptable | W71: =IF(AND(Q71="NO",R71="NO",S71="NO",T71="NO",U71="NO",V71="NO"),"No Critico","Critico") -> Critico
A72: =Inicial!#REF! -> #REF! | B72: =Inicial!#REF! -> #REF! | C72: =Inicial!#REF! -> #REF! | D72: =Inicial!#REF! -> #REF! | E72: =IF(Inicial!#REF!="SI",Inicial!#REF!,"N/A") -> #REF! | F72: =IF(Inicial!#REF!="SI",Inicial!#REF!,"N/A") -> #REF! | G72: =IF(Inicial!#REF!="SI",Inicial!#REF!,"N/A") -> #REF! | H72: =IF(Inicial!#REF!="SI",Inicial!#REF!,"N/A") -> #REF! | I72: =IF(Inicial!#REF!="SI",Inicial!#REF!,"N/A") -> #REF! | P72: =IF(OR(J72="NO",K72="NO",L72="NO",M72="NO",N72="NO",O72="NO"),"No Aceptable","Aceptable") -> Aceptable | W72: =IF(AND(Q72="NO",R72="NO",S72="NO",T72="NO",U72="NO",V72="NO"),"No Critico","Critico") -> Critico
A73: =Inicial!#REF! -> #REF! | B73: =Inicial!#REF! -> #REF! | C73: =Inicial!#REF! -> #REF! | D73: =Inicial!#REF! -> #REF! | E73: =IF(Inicial!#REF!="SI",Inicial!#REF!,"N/A") -> #REF! | F73: =IF(Inicial!#REF!="SI",Inicial!#REF!,"N/A") -> #REF! | G73: =IF(Inicial!#REF!="SI",Inicial!#REF!,"N/A") -> #REF! | H73: =IF(Inicial!#REF!="SI",Inicial!#REF!,"N/A") -> #REF! | I73: =IF(Inicial!#REF!="SI",Inicial!#REF!,"N/A") -> #REF! | P73: =IF(OR(J73="NO",K73="NO",L73="NO",M73="NO",N73="NO",O73="NO"),"No Aceptable","Aceptable") -> Aceptable | W73: =IF(AND(Q73="NO",R73="NO",S73="NO",T73="NO",U73="NO",V73="NO"),"No Critico","Critico") -> Critico
A74: =Inicial!#REF! -> #REF! | B74: =Inicial!#REF! -> #REF! | C74: =Inicial!#REF! -> #REF! | D74: =Inicial!#REF! -> #REF! | E74: =IF(Inicial!#REF!="SI",Inicial!#REF!,"N/A") -> #REF! | F74: =IF(Inicial!#REF!="SI",Inicial!#REF!,"N/A") -> #REF! | G74: =IF(Inicial!#REF!="SI",Inicial!#REF!,"N/A") -> #REF! | H74: =IF(Inicial!#REF!="SI",Inicial!#REF!,"N/A") -> #REF! | I74: =IF(Inicial!#REF!="SI",Inicial!#REF!,"N/A") -> #REF! | P74: =IF(OR(J74="NO",K74="NO",L74="NO",M74="NO",N74="NO",O74="NO"),"No Aceptable","Aceptable") -> Aceptable | W74: =IF(AND(Q74="NO",R74="NO",S74="NO",T74="NO",U74="NO",V74="NO"),"No Critico","Critico") -> Critico
A75: =Inicial!#REF! -> #REF! | B75: =Inicial!#REF! -> #REF! | C75: =Inicial!#REF! -> #REF! | D75: =Inicial!#REF! -> #REF! | E75: =IF(Inicial!#REF!="SI",Inicial!#REF!,"N/A") -> #REF! | F75: =IF(Inicial!#REF!="SI",Inicial!#REF!,"N/A") -> #REF! | G75: =IF(Inicial!#REF!="SI",Inicial!#REF!,"N/A") -> #REF! | H75: =IF(Inicial!#REF!="SI",Inicial!#REF!,"N/A") -> #REF! | I75: =IF(Inicial!#REF!="SI",Inicial!#REF!,"N/A") -> #REF! | P75: =IF(OR(J75="NO",K75="NO",L75="NO",M75="NO",N75="NO",O75="NO"),"No Aceptable","Aceptable") -> Aceptable | W75: =IF(AND(Q75="NO",R75="NO",S75="NO",T75="NO",U75="NO",V75="NO"),"No Critico","Critico") -> Critico
A76: =Inicial!#REF! -> #REF! | B76: =Inicial!#REF! -> #REF! | C76: =Inicial!#REF! -> #REF! | D76: =Inicial!#REF! -> #REF! | E76: =IF(Inicial!#REF!="SI",Inicial!#REF!,"N/A") -> #REF! | F76: =IF(Inicial!#REF!="SI",Inicial!#REF!,"N/A") -> #REF! | G76: =IF(Inicial!#REF!="SI",Inicial!#REF!,"N/A") -> #REF! | H76: =IF(Inicial!#REF!="SI",Inicial!#REF!,"N/A") -> #REF! | I76: =IF(Inicial!#REF!="SI",Inicial!#REF!,"N/A") -> #REF! | P76: =IF(OR(J76="NO",K76="NO",L76="NO",M76="NO",N76="NO",O76="NO"),"No Aceptable","Aceptable") -> Aceptable | W76: =IF(AND(Q76="NO",R76="NO",S76="NO",T76="NO",U76="NO",V76="NO"),"No Critico","Critico") -> Critico
A77: =Inicial!A63 -> 61 | B77: =Inicial!B63 -> Procesos | C77: =Inicial!C63 -> Trozado L5 | D77: =Inicial!D63 -> Selección trutro ala | E77: =IF(Inicial!J63="SI",Inicial!E63,"N/A") -> N/A | F77: =IF(Inicial!J63="SI",Inicial!F63,"N/A") -> N/A | G77: =IF(Inicial!J63="SI",Inicial!G63,"N/A") -> N/A | H77: =IF(Inicial!J63="SI",Inicial!H63,"N/A") -> N/A | I77: =IF(Inicial!J63="SI",Inicial!I63,"N/A") -> N/A | J77: NO | K77: SI | L77: SI | M77: SI | N77: SI | O77: SI | P77: =IF(OR(J77="NO",K77="NO",L77="NO",M77="NO",N77="NO",O77="NO"),"No Aceptable","Aceptable") -> No Aceptable | Q77: NO | R77: NO | S77: NO | T77: NO | U77: NO | V77: NO | W77: =IF(AND(Q77="NO",R77="NO",S77="NO",T77="NO",U77="NO",V77="NO"),"No Critico","Critico") -> No Critico
A78: =Inicial!#REF! -> #REF! | B78: =Inicial!#REF! -> #REF! | C78: =Inicial!#REF! -> #REF! | D78: =Inicial!#REF! -> #REF! | E78: =IF(Inicial!#REF!="SI",Inicial!#REF!,"N/A") -> #REF! | F78: =IF(Inicial!#REF!="SI",Inicial!#REF!,"N/A") -> #REF! | G78: =IF(Inicial!#REF!="SI",Inicial!#REF!,"N/A") -> #REF! | H78: =IF(Inicial!#REF!="SI",Inicial!#REF!,"N/A") -> #REF! | I78: =IF(Inicial!#REF!="SI",Inicial!#REF!,"N/A") -> #REF! | P78: =IF(OR(J78="NO",K78="NO",L78="NO",M78="NO",N78="NO",O78="NO"),"No Aceptable","Aceptable") -> Aceptable | W78: =IF(AND(Q78="NO",R78="NO",S78="NO",T78="NO",U78="NO",V78="NO"),"No Critico","Critico") -> Critico
A79: =Inicial!A64 -> 62 | B79: =Inicial!B64 -> Procesos | C79: =Inicial!C64 -> Trozado L5 | D79: =Inicial!D64 -> Mezclas | E79: =IF(Inicial!J64="SI",Inicial!E64,"N/A") -> 07:05 - 15:05 15:15 - 00:15 | F79: =IF(Inicial!J64="SI",Inicial!F64,"N/A") -> N/A | G79: =IF(Inicial!J64="SI",Inicial!G64,"N/A") -> 2 | H79: =IF(Inicial!J64="SI",Inicial!H64,"N/A") -> 66 | I79: =IF(Inicial!J64="SI",Inicial!I64,"N/A") -> 73 | J79: NO | K79: SI | L79: SI | M79: SI | N79: SI | O79: SI | P79: =IF(OR(J79="NO",K79="NO",L79="NO",M79="NO",N79="NO",O79="NO"),"No Aceptable","Aceptable") -> No Aceptable | Q79: NO | R79: NO | S79: NO | T79: NO | U79: NO | V79: NO | W79: =IF(AND(Q79="NO",R79="NO",S79="NO",T79="NO",U79="NO",V79="NO"),"No Critico","Critico") -> No Critico
A80: =Inicial!#REF! -> #REF! | B80: =Inicial!#REF! -> #REF! | C80: =Inicial!#REF! -> #REF! | D80: =Inicial!#REF! -> #REF! | E80: =IF(Inicial!#REF!="SI",Inicial!#REF!,"N/A") -> #REF! | F80: =IF(Inicial!#REF!="SI",Inicial!#REF!,"N/A") -> #REF! | G80: =IF(Inicial!#REF!="SI",Inicial!#REF!,"N/A") -> #REF! | H80: =IF(Inicial!#REF!="SI",Inicial!#REF!,"N/A") -> #REF! | I80: =IF(Inicial!#REF!="SI",Inicial!#REF!,"N/A") -> #REF! | P80: =IF(OR(J80="NO",K80="NO",L80="NO",M80="NO",N80="NO",O80="NO"),"No Aceptable","Aceptable") -> Aceptable | W80: =IF(AND(Q80="NO",R80="NO",S80="NO",T80="NO",U80="NO",V80="NO"),"No Critico","Critico") -> Critico
A81: =Inicial!#REF! -> #REF! | B81: =Inicial!#REF! -> #REF! | C81: =Inicial!#REF! -> #REF! | D81: =Inicial!#REF! -> #REF! | E81: =IF(Inicial!#REF!="SI",Inicial!#REF!,"N/A") -> #REF! | F81: =IF(Inicial!#REF!="SI",Inicial!#REF!,"N/A") -> #REF! | G81: =IF(Inicial!#REF!="SI",Inicial!#REF!,"N/A") -> #REF! | H81: =IF(Inicial!#REF!="SI",Inicial!#REF!,"N/A") -> #REF! | I81: =IF(Inicial!#REF!="SI",Inicial!#REF!,"N/A") -> #REF! | P81: =IF(OR(J81="NO",K81="NO",L81="NO",M81="NO",N81="NO",O81="NO"),"No Aceptable","Aceptable") -> Aceptable | W81: =IF(AND(Q81="NO",R81="NO",S81="NO",T81="NO",U81="NO",V81="NO"),"No Critico","Critico") -> Critico
A82: =Inicial!#REF! -> #REF! | B82: =Inicial!#REF! -> #REF! | C82: =Inicial!#REF! -> #REF! | D82: =Inicial!#REF! -> #REF! | E82: =IF(Inicial!#REF!="SI",Inicial!#REF!,"N/A") -> #REF! | F82: =IF(Inicial!#REF!="SI",Inicial!#REF!,"N/A") -> #REF! | G82: =IF(Inicial!#REF!="SI",Inicial!#REF!,"N/A") -> #REF! | H82: =IF(Inicial!#REF!="SI",Inicial!#REF!,"N/A") -> #REF! | I82: =IF(Inicial!#REF!="SI",Inicial!#REF!,"N/A") -> #REF! | P82: =IF(OR(J82="NO",K82="NO",L82="NO",M82="NO",N82="NO",O82="NO"),"No Aceptable","Aceptable") -> Aceptable | W82: =IF(AND(Q82="NO",R82="NO",S82="NO",T82="NO",U82="NO",V82="NO"),"No Critico","Critico") -> Critico
A83: =Inicial!#REF! -> #REF! | B83: =Inicial!#REF! -> #REF! | C83: =Inicial!#REF! -> #REF! | D83: =Inicial!#REF! -> #REF! | E83: =IF(Inicial!#REF!="SI",Inicial!#REF!,"N/A") -> #REF! | F83: =IF(Inicial!#REF!="SI",Inicial!#REF!,"N/A") -> #REF! | G83: =IF(Inicial!#REF!="SI",Inicial!#REF!,"N/A") -> #REF! | H83: =IF(Inicial!#REF!="SI",Inicial!#REF!,"N/A") -> #REF! | I83: =IF(Inicial!#REF!="SI",Inicial!#REF!,"N/A") -> #REF! | P83: =IF(OR(J83="NO",K83="NO",L83="NO",M83="NO",N83="NO",O83="NO"),"No Aceptable","Aceptable") -> Aceptable | W83: =IF(AND(Q83="NO",R83="NO",S83="NO",T83="NO",U83="NO",V83="NO"),"No Critico","Critico") -> Critico
A84: =Inicial!#REF! -> #REF! | B84: =Inicial!#REF! -> #REF! | C84: =Inicial!#REF! -> #REF! | D84: =Inicial!#REF! -> #REF! | E84: =IF(Inicial!#REF!="SI",Inicial!#REF!,"N/A") -> #REF! | F84: =IF(Inicial!#REF!="SI",Inicial!#REF!,"N/A") -> #REF! | G84: =IF(Inicial!#REF!="SI",Inicial!#REF!,"N/A") -> #REF! | H84: =IF(Inicial!#REF!="SI",Inicial!#REF!,"N/A") -> #REF! | I84: =IF(Inicial!#REF!="SI",Inicial!#REF!,"N/A") -> #REF! | P84: =IF(OR(J84="NO",K84="NO",L84="NO",M84="NO",N84="NO",O84="NO"),"No Aceptable","Aceptable") -> Aceptable | W84: =IF(AND(Q84="NO",R84="NO",S84="NO",T84="NO",U84="NO",V84="NO"),"No Critico","Critico") -> Critico
A85: =Inicial!A65 -> 63 | B85: =Inicial!B65 -> Procesos | C85: =Inicial!C65 -> Paletizado Fresco | D85: =Inicial!D65 -> Embalaje de producto | E85: =IF(Inicial!J65="SI",Inicial!E65,"N/A") -> 06:55 - 14:55 / 14:55 - 00:20 | F85: =IF(Inicial!J65="SI",Inicial!F65,"N/A") -> N/A | G85: =IF(Inicial!J65="SI",Inicial!G65,"N/A") -> 2 | H85: =IF(Inicial!J65="SI",Inicial!H65,"N/A") -> 99 | I85: =IF(Inicial!J65="SI",Inicial!I65,"N/A") -> 6 | J85: NO | K85: SI | L85: SI | M85: SI | N85: NO | O85: SI | P85: =IF(OR(J85="NO",K85="NO",L85="NO",M85="NO",N85="NO",O85="NO"),"No Aceptable","Aceptable") -> No Aceptable | Q85: NO | R85: NO | S85: NO | T85: NO | U85: NO | V85: NO | W85: =IF(AND(Q85="NO",R85="NO",S85="NO",T85="NO",U85="NO",V85="NO"),"No Critico","Critico") -> No Critico
A86: =Inicial!A66 -> 64 | B86: =Inicial!B66 -> Procesos | C86: =Inicial!C66 -> Deshuesado Trutro | D86: =Inicial!D66 -> Despieladora | E86: =IF(Inicial!J66="SI",Inicial!E66,"N/A") -> 0 | F86: =IF(Inicial!J66="SI",Inicial!F66,"N/A") -> N/A | G86: =IF(Inicial!J66="SI",Inicial!G66,"N/A") -> 2 | H86: =IF(Inicial!J66="SI",Inicial!H66,"N/A") -> 0 | I86: =IF(Inicial!J66="SI",Inicial!I66,"N/A") -> 0 | J86: NO | K86: SI | L86: SI | M86: SI | N86: SI | O86: SI | P86: =IF(OR(J86="NO",K86="NO",L86="NO",M86="NO",N86="NO",O86="NO"),"No Aceptable","Aceptable") -> No Aceptable | Q86: NO | R86: NO | S86: NO | T86: NO | U86: NO | V86: NO | W86: =IF(AND(Q86="NO",R86="NO",S86="NO",T86="NO",U86="NO",V86="NO"),"No Critico","Critico") -> No Critico
A87: =Inicial!A67 -> 65 | B87: =Inicial!B67 -> Procesos | C87: =Inicial!C67 -> Deshuesado Trutro | D87: =Inicial!D67 -> Colgado Trutro | E87: =IF(Inicial!J67="SI",Inicial!E67,"N/A") -> 0 | F87: =IF(Inicial!J67="SI",Inicial!F67,"N/A") -> N/A | G87: =IF(Inicial!J67="SI",Inicial!G67,"N/A") -> 2 | H87: =IF(Inicial!J67="SI",Inicial!H67,"N/A") -> 0 | I87: =IF(Inicial!J67="SI",Inicial!I67,"N/A") -> 0 | J87: NO | K87: SI | L87: SI | M87: SI | N87: SI | O87: SI | P87: =IF(OR(J87="NO",K87="NO",L87="NO",M87="NO",N87="NO",O87="NO"),"No Aceptable","Aceptable") -> No Aceptable | Q87: NO | R87: NO | S87: NO | T87: NO | U87: NO | V87: NO | W87: =IF(AND(Q87="NO",R87="NO",S87="NO",T87="NO",U87="NO",V87="NO"),"No Critico","Critico") -> No Critico
A88: =Inicial!A68 -> 66 | B88: =Inicial!B68 -> Procesos | C88: =Inicial!C68 -> Deshuesado Trutro | D88: =Inicial!D68 -> Prolijado | E88: =IF(Inicial!J68="SI",Inicial!E68,"N/A") -> 0 | F88: =IF(Inicial!J68="SI",Inicial!F68,"N/A") -> N/A | G88: =IF(Inicial!J68="SI",Inicial!G68,"N/A") -> 2 | H88: =IF(Inicial!J68="SI",Inicial!H68,"N/A") -> 0 | I88: =IF(Inicial!J68="SI",Inicial!I68,"N/A") -> 0 | J88: NO | K88: SI | L88: SI | M88: SI | N88: SI | O88: SI | P88: =IF(OR(J88="NO",K88="NO",L88="NO",M88="NO",N88="NO",O88="NO"),"No Aceptable","Aceptable") -> No Aceptable | Q88: NO | R88: NO | S88: NO | T88: NO | U88: NO | V88: NO | W88: =IF(AND(Q88="NO",R88="NO",S88="NO",T88="NO",U88="NO",V88="NO"),"No Critico","Critico") -> No Critico
A89: =Inicial!A69 -> 67 | B89: =Inicial!B69 -> Procesos | C89: =Inicial!C69 -> Deshuesado Trutro | D89: =Inicial!D69 -> Revision de trutro | E89: =IF(Inicial!J69="SI",Inicial!E69,"N/A") -> N/A | F89: =IF(Inicial!J69="SI",Inicial!F69,"N/A") -> N/A | G89: =IF(Inicial!J69="SI",Inicial!G69,"N/A") -> N/A | H89: =IF(Inicial!J69="SI",Inicial!H69,"N/A") -> N/A | I89: =IF(Inicial!J69="SI",Inicial!I69,"N/A") -> N/A | J89: SI | K89: SI | L89: SI | M89: SI | N89: SI | O89: SI | P89: =IF(OR(J89="NO",K89="NO",L89="NO",M89="NO",N89="NO",O89="NO"),"No Aceptable","Aceptable") -> Aceptable | W89: =IF(AND(Q89="NO",R89="NO",S89="NO",T89="NO",U89="NO",V89="NO"),"No Critico","Critico") -> Critico
A90: =Inicial!A70 -> 68 | B90: =Inicial!B70 -> Procesos | C90: =Inicial!C70 -> Deshuesado Trutro | D90: =Inicial!D70 -> Deshuesado Trutro | E90: =IF(Inicial!J70="SI",Inicial!E70,"N/A") -> 0 | F90: =IF(Inicial!J70="SI",Inicial!F70,"N/A") -> N/A | G90: =IF(Inicial!J70="SI",Inicial!G70,"N/A") -> 2 | H90: =IF(Inicial!J70="SI",Inicial!H70,"N/A") -> 0 | I90: =IF(Inicial!J70="SI",Inicial!I70,"N/A") -> 0 | J90: NO | K90: SI | L90: SI | M90: SI | N90: SI | O90: SI | P90: =IF(OR(J90="NO",K90="NO",L90="NO",M90="NO",N90="NO",O90="NO"),"No Aceptable","Aceptable") -> No Aceptable | Q90: NO | R90: NO | S90: NO | T90: NO | U90: NO | V90: NO | W90: =IF(AND(Q90="NO",R90="NO",S90="NO",T90="NO",U90="NO",V90="NO"),"No Critico","Critico") -> No Critico
A91: =Inicial!A71 -> 0 | B91: =Inicial!B71 -> 0 | C91: =Inicial!C71 -> 0 | D91: =Inicial!D71 -> 0 | E91: =IF(Inicial!J71="SI",Inicial!E71,"N/A") -> N/A | F91: =IF(Inicial!J71="SI",Inicial!F71,"N/A") -> N/A | G91: =IF(Inicial!J71="SI",Inicial!G71,"N/A") -> N/A | H91: =IF(Inicial!J71="SI",Inicial!H71,"N/A") -> N/A | I91: =IF(Inicial!J71="SI",Inicial!I71,"N/A") -> N/A | P91: =IF(OR(J91="NO",K91="NO",L91="NO",M91="NO",N91="NO",O91="NO"),"No Aceptable","Aceptable") -> Aceptable | W91: =IF(AND(Q91="NO",R91="NO",S91="NO",T91="NO",U91="NO",V91="NO"),"No Critico","Critico") -> Critico
A92: =Inicial!A72 -> 0 | B92: =Inicial!B72 -> 0 | C92: =Inicial!C72 -> 0 | D92: =Inicial!D72 -> 0 | E92: =IF(Inicial!J72="SI",Inicial!E72,"N/A") -> N/A | F92: =IF(Inicial!J72="SI",Inicial!F72,"N/A") -> N/A | G92: =IF(Inicial!J72="SI",Inicial!G72,"N/A") -> N/A | H92: =IF(Inicial!J72="SI",Inicial!H72,"N/A") -> N/A | I92: =IF(Inicial!J72="SI",Inicial!I72,"N/A") -> N/A | P92: =IF(OR(J92="NO",K92="NO",L92="NO",M92="NO",N92="NO",O92="NO"),"No Aceptable","Aceptable") -> Aceptable | W92: =IF(AND(Q92="NO",R92="NO",S92="NO",T92="NO",U92="NO",V92="NO"),"No Critico","Critico") -> Critico
A93: =Inicial!A73 -> 0 | B93: =Inicial!B73 -> 0 | C93: =Inicial!C73 -> 0 | D93: =Inicial!D73 -> 0 | E93: =IF(Inicial!J73="SI",Inicial!E73,"N/A") -> N/A | F93: =IF(Inicial!J73="SI",Inicial!F73,"N/A") -> N/A | G93: =IF(Inicial!J73="SI",Inicial!G73,"N/A") -> N/A | H93: =IF(Inicial!J73="SI",Inicial!H73,"N/A") -> N/A | I93: =IF(Inicial!J73="SI",Inicial!I73,"N/A") -> N/A | P93: =IF(OR(J93="NO",K93="NO",L93="NO",M93="NO",N93="NO",O93="NO"),"No Aceptable","Aceptable") -> Aceptable | W93: =IF(AND(Q93="NO",R93="NO",S93="NO",T93="NO",U93="NO",V93="NO"),"No Critico","Critico") -> Critico
A94: =Inicial!A74 -> 0 | B94: =Inicial!B74 -> 0 | C94: =Inicial!C74 -> 0 | D94: =Inicial!D74 -> 0 | E94: =IF(Inicial!J74="SI",Inicial!E74,"N/A") -> N/A | F94: =IF(Inicial!J74="SI",Inicial!F74,"N/A") -> N/A | G94: =IF(Inicial!J74="SI",Inicial!G74,"N/A") -> N/A | H94: =IF(Inicial!J74="SI",Inicial!H74,"N/A") -> N/A | I94: =IF(Inicial!J74="SI",Inicial!I74,"N/A") -> N/A | P94: =IF(OR(J94="NO",K94="NO",L94="NO",M94="NO",N94="NO",O94="NO"),"No Aceptable","Aceptable") -> Aceptable | W94: =IF(AND(Q94="NO",R94="NO",S94="NO",T94="NO",U94="NO",V94="NO"),"No Critico","Critico") -> Critico
A95: =Inicial!A75 -> 0 | B95: =Inicial!B75 -> 0 | C95: =Inicial!C75 -> 0 | D95: =Inicial!D75 -> 0 | E95: =IF(Inicial!J75="SI",Inicial!E75,"N/A") -> N/A | F95: =IF(Inicial!J75="SI",Inicial!F75,"N/A") -> N/A | G95: =IF(Inicial!J75="SI",Inicial!G75,"N/A") -> N/A | H95: =IF(Inicial!J75="SI",Inicial!H75,"N/A") -> N/A | I95: =IF(Inicial!J75="SI",Inicial!I75,"N/A") -> N/A | P95: =IF(OR(J95="NO",K95="NO",L95="NO",M95="NO",N95="NO",O95="NO"),"No Aceptable","Aceptable") -> Aceptable | W95: =IF(AND(Q95="NO",R95="NO",S95="NO",T95="NO",U95="NO",V95="NO"),"No Critico","Critico") -> Critico
A96: =Inicial!A76 -> 0 | B96: =Inicial!B76 -> 0 | C96: =Inicial!C76 -> 0 | D96: =Inicial!D76 -> 0 | E96: =IF(Inicial!J76="SI",Inicial!E76,"N/A") -> N/A | F96: =IF(Inicial!J76="SI",Inicial!F76,"N/A") -> N/A | G96: =IF(Inicial!J76="SI",Inicial!G76,"N/A") -> N/A | H96: =IF(Inicial!J76="SI",Inicial!H76,"N/A") -> N/A | I96: =IF(Inicial!J76="SI",Inicial!I76,"N/A") -> N/A | P96: =IF(OR(J96="NO",K96="NO",L96="NO",M96="NO",N96="NO",O96="NO"),"No Aceptable","Aceptable") -> Aceptable | W96: =IF(AND(Q96="NO",R96="NO",S96="NO",T96="NO",U96="NO",V96="NO"),"No Critico","Critico") -> Critico
A97: =Inicial!A77 -> 0 | B97: =Inicial!B77 -> 0 | C97: =Inicial!C77 -> 0 | D97: =Inicial!D77 -> 0 | E97: =IF(Inicial!J77="SI",Inicial!E77,"N/A") -> N/A | F97: =IF(Inicial!J77="SI",Inicial!F77,"N/A") -> N/A | G97: =IF(Inicial!J77="SI",Inicial!G77,"N/A") -> N/A | H97: =IF(Inicial!J77="SI",Inicial!H77,"N/A") -> N/A | I97: =IF(Inicial!J77="SI",Inicial!I77,"N/A") -> N/A | P97: =IF(OR(J97="NO",K97="NO",L97="NO",M97="NO",N97="NO",O97="NO"),"No Aceptable","Aceptable") -> Aceptable | W97: =IF(AND(Q97="NO",R97="NO",S97="NO",T97="NO",U97="NO",V97="NO"),"No Critico","Critico") -> Critico
A98: =Inicial!A78 -> 0 | B98: =Inicial!B78 -> 0 | C98: =Inicial!C78 -> 0 | D98: =Inicial!D78 -> 0 | E98: =IF(Inicial!J78="SI",Inicial!E78,"N/A") -> N/A | F98: =IF(Inicial!J78="SI",Inicial!F78,"N/A") -> N/A | G98: =IF(Inicial!J78="SI",Inicial!G78,"N/A") -> N/A | H98: =IF(Inicial!J78="SI",Inicial!H78,"N/A") -> N/A | I98: =IF(Inicial!J78="SI",Inicial!I78,"N/A") -> N/A | P98: =IF(OR(J98="NO",K98="NO",L98="NO",M98="NO",N98="NO",O98="NO"),"No Aceptable","Aceptable") -> Aceptable | W98: =IF(AND(Q98="NO",R98="NO",S98="NO",T98="NO",U98="NO",V98="NO"),"No Critico","Critico") -> Critico
A99: =Inicial!A79 -> 0 | B99: =Inicial!B79 -> 0 | C99: =Inicial!C79 -> 0 | D99: =Inicial!D79 -> 0 | E99: =IF(Inicial!J79="SI",Inicial!E79,"N/A") -> N/A | F99: =IF(Inicial!J79="SI",Inicial!F79,"N/A") -> N/A | G99: =IF(Inicial!J79="SI",Inicial!G79,"N/A") -> N/A | H99: =IF(Inicial!J79="SI",Inicial!H79,"N/A") -> N/A | I99: =IF(Inicial!J79="SI",Inicial!I79,"N/A") -> N/A | P99: =IF(OR(J99="NO",K99="NO",L99="NO",M99="NO",N99="NO",O99="NO"),"No Aceptable","Aceptable") -> Aceptable | W99: =IF(AND(Q99="NO",R99="NO",S99="NO",T99="NO",U99="NO",V99="NO"),"No Critico","Critico") -> Critico
A100: =Inicial!A80 -> 0 | B100: =Inicial!B80 -> 0 | C100: =Inicial!C80 -> 0 | D100: =Inicial!D80 -> 0 | E100: =IF(Inicial!J80="SI",Inicial!E80,"N/A") -> N/A | F100: =IF(Inicial!J80="SI",Inicial!F80,"N/A") -> N/A | G100: =IF(Inicial!J80="SI",Inicial!G80,"N/A") -> N/A | H100: =IF(Inicial!J80="SI",Inicial!H80,"N/A") -> N/A | I100: =IF(Inicial!J80="SI",Inicial!I80,"N/A") -> N/A | P100: =IF(OR(J100="NO",K100="NO",L100="NO",M100="NO",N100="NO",O100="NO"),"No Aceptable","Aceptable") -> Aceptable | W100: =IF(AND(Q100="NO",R100="NO",S100="NO",T100="NO",U100="NO",V100="NO"),"No Critico","Critico") -> Critico
...

Sheet Postura estatica
A1: Postura Estatica | F1: Horas extras | H1: N° Trabajadores Expuestos | J1: Tabla III. IDENTIFICACIÓN AVANZADA – Tarea(s) con Posturas Estáticas e incómodas de Trabajo – Condición Aceptable (CABEZA Y TRONCO) | Q1: Tabla III. IDENTIFICACIÓN AVANZADA – Tarea(s) con Posturas Estáticas e incómodas de Trabajo – Condición Aceptable Identificación de posturas de miembros superiores (Evaluar miembro con mayor exigencia) | X1: Tabla III. IDENTIFICACIÓN AVANZADA – Tarea(s) con Posturas Estáticas e incómodas de Trabajo – Condición Aceptable Identificación de posturas de Miembros Inferiores (Evaluar miembro con mayor exigencia) | AE1: Tabla VII. IDENTIFICACIÓN AVANZADA – Tarea(s) con Posturas Estáticas de Trabajo – Condición Crítica (CABEZA Y TRONCO) | AL1: Identificación de posturas de miembros superiores (Evaluar miembro con mayor exigencia) | AQ1: Identificación de posturas de Miembros Inferiores (Evaluar miembro con mayor exigencia) | AW1: Plan Acción
A2: N° | B2: Área de trabajo | C2: Puesto de trabajo | D2: Tareas del puesto de trabajo | E2: Horario de funcionamiento | F2: Por dia | G2: Por Semana | H2: HOMBRE | I2: MUJER | J2: ¿Las posturas de tronco y cuello son simétricas? | K2: En caso de haber flexión de tronco (inclinación hacia delante), ¿es menor a 20º?, o en caso de existir extensión (inclinación hacia atrás), ¿el tronco está totalmente apoyado? | L2: Si existe flexión de tronco entre 20º y 60º, ¿este se encuentra totalmente apoyado? | M2: ¿Está ausente la extensión de cuello? | N2: En caso de que exista flexión de cuello, ¿no supera los 25º? | O2: Estando la cabeza inclinada hacia atrás (extensión), ¿se encuentra totalmente apoyada | P2: Si está sentado, ¿la curvatura de la espalda se mantiene no forzada? | Q2: Miembro con mayor exigencia | R2: ¿Están ausentes las posturas forzadas de MMSS (Miembros Superiores)? | S2: ¿Los hombros no se encuentran levantados? | T2: Estando el brazo sin apoyo completo, ¿La elevación del miembro superior es menor a 20°? | U2: Con el brazo totalmente apoyado, ¿la elevación del miembro superior no supera los 60°? | V2: ¿Están ausentes la flexión / extensión extrema de codo? | W2: ¿Está ausente el giro extremo de muñeca? | X2: Miembro con mayor exigencia | Y2: ¿Está ausente la flexión extrema de rodilla? | Z2: En postura de pie ¿La rodilla no está en flexión? | AA2: ¿El tobillo está en posición neutra? | AB2: ¿Están ausentes las posiciones cuclillas y arrodillado? | AC2: Cuando está sentado, ¿El ángulo de la rodilla está entre 90º y 135º? | AD2: Condición Aceptable | AE2: ¿La postura de tronco o la postura de cuello están en rangos extremos? | AF2: ¿Existe flexión de tronco (inclinación hacia adelante) de 60° o más? | AG2: ¿Existe flexión de tronco (aun cuando sea levemente) durante más de 4 minutos continuos? | AH2: ¿Está la cabeza extendida (inclinada hacia atrás) sin apoyo? | AI2: ¿Está la cabeza en flexión (inclinacion hacia adelante) de 25° o mas? | AJ2: ¿Está la cabeza en flexión (aunque sea levemente ) durante mas de 8 minutos continuos? | AK2: Si está sentado, ¿la espalda (región lumbar) está forzada y no logra mantener la curvatura natural? | AL2: ¿Hay posturas de brazos que los trabajadores relaten como muy incomodas y que les impiden el normal desenvolvimiento? | AM2: ¿Los hombros se encuentran levantados sobre los 60°? | AN2: ¿Los hombros se encuentran levantados (aún cuando sea levemente) durante más de 3 minutos continuos? | AO2: ¿Hay flexión / extensión extrema de codo y rotación extrema de antebrazo? | AP2: ¿Hay giro extremo de muñeca? | AQ2: ¿Hay flexión extrema de rodilla (posición de cuclillas o sentado en los talones)? | AR2: Estando en postura de pie, ¿la rodilla se encuentra en flexión leve sostenida? | AS2: ¿El tobillo se encuentra en una posición extrema de flexión o extensión? | AT2: ¿Se adoptan posiciones en cuclillas y/o arrodillado de la rodilla? | AU2: Estando sentado, ¿la angulación de rodilla es menor de 90° y mayor de 135°? | AV2: Condición Crítica | AW2: Fecha aplicación identificación avanzada | AX2: Medidas de control (administrativas) | AY2: Medidas de control (Ingeniería) | AZ2: Responsable aplicación medida | BA2: Fecha de implementación medidas (Max 90 días) | BB2: Evidencia
A3: =Inicial!A3 -> 1 | B3: =Inicial!B3 -> Procesos | C3: =Inicial!C3 -> Deshuesado de Pechugas | D3: =Inicial!D3 -> Postura de Pechuga | E3: =IF(Inicial!K3="SI",Inicial!E3,"N/A") -> N/A | F3: =IF(Inicial!K3="SI",Inicial!F3,"N/A") -> N/A | G3: =IF(Inicial!K3="SI",Inicial!G3,"N/A") -> N/A | H3: =IF(Inicial!K3="SI",Inicial!H3,"N/A") -> N/A | I3: =IF(Inicial!K3="SI",Inicial!I3,"N/A") -> N/A | AD3: =IF(OR(J3="NO",K3="NO",L3="NO",M3="NO",N3="NO",O3="NO",P3="NO",R3="NO",S3="NO",T3="NO",U3="NO", V3="NO",W3="NO",Y3="NO",Z3="NO",AA3="NO",AB3="NO",AC3="NO"),"No aceptable","Aceptable") -> Aceptable | AV3: {=IF(OR(AE3:AU3="SI"),"Critico","No critico")} -> No critico
A4: =Inicial!A4 -> 2 | B4: =Inicial!B4 -> Procesos | C4: =Inicial!C4 -> Deshuesado de Pechugas | D4: =Inicial!D4 -> Bajado de Pechugas | E4: =IF(Inicial!K4="SI",Inicial!E4,"N/A") -> N/A | F4: =IF(Inicial!K4="SI",Inicial!F4,"N/A") -> N/A | G4: =IF(Inicial!K4="SI",Inicial!G4,"N/A") -> N/A | H4: =IF(Inicial!K4="SI",Inicial!H4,"N/A") -> N/A | I4: =IF(Inicial!K4="SI",Inicial!I4,"N/A") -> N/A | AD4: =IF(OR(J4="NO",K4="NO",L4="NO",M4="NO",N4="NO",O4="NO",P4="NO",R4="NO",S4="NO",T4="NO",U4="NO", V4="NO",W4="NO",Y4="NO",Z4="NO",AA4="NO",AB4="NO",AC4="NO"),"No aceptable","Aceptable") -> Aceptable | AV4: {=IF(OR(AE4:AU4="SI"),"Critico","No critico")} -> No critico
A5: =Inicial!A5 -> 3 | B5: =Inicial!B5 -> Procesos | C5: =Inicial!C5 -> Deshuesado de Pechugas | D5: =Inicial!D5 -> Prolijado | E5: =IF(Inicial!K5="SI",Inicial!E5,"N/A") -> N/A | F5: =IF(Inicial!K5="SI",Inicial!F5,"N/A") -> N/A | G5: =IF(Inicial!K5="SI",Inicial!G5,"N/A") -> N/A | H5: =IF(Inicial!K5="SI",Inicial!H5,"N/A") -> N/A | I5: =IF(Inicial!K5="SI",Inicial!I5,"N/A") -> N/A | AD5: =IF(OR(J5="NO",K5="NO",L5="NO",M5="NO",N5="NO",O5="NO",P5="NO",R5="NO",S5="NO",T5="NO",U5="NO", V5="NO",W5="NO",Y5="NO",Z5="NO",AA5="NO",AB5="NO",AC5="NO"),"No aceptable","Aceptable") -> Aceptable | AV5: {=IF(OR(AE5:AU5="SI"),"Critico","No critico")} -> No critico
A6: =Inicial!A6 -> 4 | B6: =Inicial!B6 -> Procesos | C6: =Inicial!C6 -> Deshuesado de Pechugas | D6: =Inicial!D6 -> Bajado de filete | E6: =IF(Inicial!K6="SI",Inicial!E6,"N/A") -> N/A | F6: =IF(Inicial!K6="SI",Inicial!F6,"N/A") -> N/A | G6: =IF(Inicial!K6="SI",Inicial!G6,"N/A") -> N/A | H6: =IF(Inicial!K6="SI",Inicial!H6,"N/A") -> N/A | I6: =IF(Inicial!K6="SI",Inicial!I6,"N/A") -> N/A | AD6: =IF(OR(J6="NO",K6="NO",L6="NO",M6="NO",N6="NO",O6="NO",P6="NO",R6="NO",S6="NO",T6="NO",U6="NO", V6="NO",W6="NO",Y6="NO",Z6="NO",AA6="NO",AB6="NO",AC6="NO"),"No aceptable","Aceptable") -> Aceptable | AV6: {=IF(OR(AE6:AU6="SI"),"Critico","No critico")} -> No critico
A7: =Inicial!A7 -> 5 | B7: =Inicial!B7 -> Procesos | C7: =Inicial!C7 -> Deshuesado de Pechugas | D7: =Inicial!D7 -> Selección de filete | E7: =IF(Inicial!K7="SI",Inicial!E7,"N/A") -> N/A | F7: =IF(Inicial!K7="SI",Inicial!F7,"N/A") -> N/A | G7: =IF(Inicial!K7="SI",Inicial!G7,"N/A") -> N/A | H7: =IF(Inicial!K7="SI",Inicial!H7,"N/A") -> N/A | I7: =IF(Inicial!K7="SI",Inicial!I7,"N/A") -> N/A | AD7: =IF(OR(J7="NO",K7="NO",L7="NO",M7="NO",N7="NO",O7="NO",P7="NO",R7="NO",S7="NO",T7="NO",U7="NO", V7="NO",W7="NO",Y7="NO",Z7="NO",AA7="NO",AB7="NO",AC7="NO"),"No aceptable","Aceptable") -> Aceptable | AV7: {=IF(OR(AE7:AU7="SI"),"Critico","No critico")} -> No critico
A8: =Inicial!A8 -> 6 | B8: =Inicial!B8 -> Procesos | C8: =Inicial!C8 -> Deshuesado de Pechugas | D8: =Inicial!D8 -> Filete | E8: =IF(Inicial!K8="SI",Inicial!E8,"N/A") -> N/A | F8: =IF(Inicial!K8="SI",Inicial!F8,"N/A") -> N/A | G8: =IF(Inicial!K8="SI",Inicial!G8,"N/A") -> N/A | H8: =IF(Inicial!K8="SI",Inicial!H8,"N/A") -> N/A | I8: =IF(Inicial!K8="SI",Inicial!I8,"N/A") -> N/A | AD8: =IF(OR(J8="NO",K8="NO",L8="NO",M8="NO",N8="NO",O8="NO",P8="NO",R8="NO",S8="NO",T8="NO",U8="NO", V8="NO",W8="NO",Y8="NO",Z8="NO",AA8="NO",AB8="NO",AC8="NO"),"No aceptable","Aceptable") -> Aceptable | AV8: {=IF(OR(AE8:AU8="SI"),"Critico","No critico")} -> No critico
A9: =Inicial!A9 -> 7 | B9: =Inicial!B9 -> Procesos | C9: =Inicial!C9 -> Deshuesado de Pechugas | D9: =Inicial!D9 -> Tiritas | E9: =IF(Inicial!K9="SI",Inicial!E9,"N/A") -> N/A | F9: =IF(Inicial!K9="SI",Inicial!F9,"N/A") -> N/A | G9: =IF(Inicial!K9="SI",Inicial!G9,"N/A") -> N/A | H9: =IF(Inicial!K9="SI",Inicial!H9,"N/A") -> N/A | I9: =IF(Inicial!K9="SI",Inicial!I9,"N/A") -> N/A | AD9: =IF(OR(J9="NO",K9="NO",L9="NO",M9="NO",N9="NO",O9="NO",P9="NO",R9="NO",S9="NO",T9="NO",U9="NO", V9="NO",W9="NO",Y9="NO",Z9="NO",AA9="NO",AB9="NO",AC9="NO"),"No aceptable","Aceptable") -> Aceptable | AV9: {=IF(OR(AE9:AU9="SI"),"Critico","No critico")} -> No critico
A10: =Inicial!A10 -> 8 | B10: =Inicial!B10 -> Procesos | C10: =Inicial!C10 -> Deshuesado de Pechugas | D10: =Inicial!D10 -> Piel | E10: =IF(Inicial!K10="SI",Inicial!E10,"N/A") -> N/A | F10: =IF(Inicial!K10="SI",Inicial!F10,"N/A") -> N/A | G10: =IF(Inicial!K10="SI",Inicial!G10,"N/A") -> N/A | H10: =IF(Inicial!K10="SI",Inicial!H10,"N/A") -> N/A | I10: =IF(Inicial!K10="SI",Inicial!I10,"N/A") -> N/A | AD10: =IF(OR(J10="NO",K10="NO",L10="NO",M10="NO",N10="NO",O10="NO",P10="NO",R10="NO",S10="NO",T10="NO",U10="NO", V10="NO",W10="NO",Y10="NO",Z10="NO",AA10="NO",AB10="NO",AC10="NO"),"No aceptable","Aceptable") -> Aceptable | AV10: {=IF(OR(AE10:AU10="SI"),"Critico","No critico")} -> No critico
A11: =Inicial!A11 -> 9 | B11: =Inicial!B11 -> Procesos | C11: =Inicial!C11 -> Deshuesado de Pechugas | D11: =Inicial!D11 -> Recepcion de bins | E11: =IF(Inicial!K11="SI",Inicial!E11,"N/A") -> N/A | F11: =IF(Inicial!K11="SI",Inicial!F11,"N/A") -> N/A | G11: =IF(Inicial!K11="SI",Inicial!G11,"N/A") -> N/A | H11: =IF(Inicial!K11="SI",Inicial!H11,"N/A") -> N/A | I11: =IF(Inicial!K11="SI",Inicial!I11,"N/A") -> N/A | AD11: =IF(OR(J11="NO",K11="NO",L11="NO",M11="NO",N11="NO",O11="NO",P11="NO",R11="NO",S11="NO",T11="NO",U11="NO", V11="NO",W11="NO",Y11="NO",Z11="NO",AA11="NO",AB11="NO",AC11="NO"),"No aceptable","Aceptable") -> Aceptable | AV11: {=IF(OR(AE11:AU11="SI"),"Critico","No critico")} -> No critico
A12: =Inicial!A12 -> 10 | B12: =Inicial!B12 -> Procesos | C12: =Inicial!C12 -> Deshuesado de Pechugas | D12: =Inicial!D12 -> Reproceso | E12: =IF(Inicial!K12="SI",Inicial!E12,"N/A") -> N/A | F12: =IF(Inicial!K12="SI",Inicial!F12,"N/A") -> N/A | G12: =IF(Inicial!K12="SI",Inicial!G12,"N/A") -> N/A | H12: =IF(Inicial!K12="SI",Inicial!H12,"N/A") -> N/A | I12: =IF(Inicial!K12="SI",Inicial!I12,"N/A") -> N/A | AD12: =IF(OR(J12="NO",K12="NO",L12="NO",M12="NO",N12="NO",O12="NO",P12="NO",R12="NO",S12="NO",T12="NO",U12="NO", V12="NO",W12="NO",Y12="NO",Z12="NO",AA12="NO",AB12="NO",AC12="NO"),"No aceptable","Aceptable") -> Aceptable | AV12: {=IF(OR(AE12:AU12="SI"),"Critico","No critico")} -> No critico
A13: =Inicial!A13 -> 11 | B13: =Inicial!B13 -> Procesos | C13: =Inicial!C13 -> Deshuesado de Pechugas | D13: =Inicial!D13 -> Clavicula | E13: =IF(Inicial!K13="SI",Inicial!E13,"N/A") -> N/A | F13: =IF(Inicial!K13="SI",Inicial!F13,"N/A") -> N/A | G13: =IF(Inicial!K13="SI",Inicial!G13,"N/A") -> N/A | H13: =IF(Inicial!K13="SI",Inicial!H13,"N/A") -> N/A | I13: =IF(Inicial!K13="SI",Inicial!I13,"N/A") -> N/A | AD13: =IF(OR(J13="NO",K13="NO",L13="NO",M13="NO",N13="NO",O13="NO",P13="NO",R13="NO",S13="NO",T13="NO",U13="NO", V13="NO",W13="NO",Y13="NO",Z13="NO",AA13="NO",AB13="NO",AC13="NO"),"No aceptable","Aceptable") -> Aceptable | AV13: {=IF(OR(AE13:AU13="SI"),"Critico","No critico")} -> No critico
A14: =Inicial!A14 -> 12 | B14: =Inicial!B14 -> Procesos | C14: =Inicial!C14 -> Deshuesado de Pechugas | D14: =Inicial!D14 -> Transpaletero | E14: =IF(Inicial!K14="SI",Inicial!E14,"N/A") -> N/A | F14: =IF(Inicial!K14="SI",Inicial!F14,"N/A") -> N/A | G14: =IF(Inicial!K14="SI",Inicial!G14,"N/A") -> N/A | H14: =IF(Inicial!K14="SI",Inicial!H14,"N/A") -> N/A | I14: =IF(Inicial!K14="SI",Inicial!I14,"N/A") -> N/A | AD14: =IF(OR(J14="NO",K14="NO",L14="NO",M14="NO",N14="NO",O14="NO",P14="NO",R14="NO",S14="NO",T14="NO",U14="NO", V14="NO",W14="NO",Y14="NO",Z14="NO",AA14="NO",AB14="NO",AC14="NO"),"No aceptable","Aceptable") -> Aceptable | AV14: {=IF(OR(AE14:AU14="SI"),"Critico","No critico")} -> No critico
... A21: =Inicial!A21 -> 19 | B21: =Inicial!B21 -> Procesos | C21: =Inicial!C21 -> Envasado | D21: =Inicial!D21 -> Distribuidor de producto | E21: =IF(Inicial!K21="SI",Inicial!E21,"N/A") -> N/A | F21: =IF(Inicial!K21="SI",Inicial!F21,"N/A") -> N/A | G21: =IF(Inicial!K21="SI",Inicial!G21,"N/A") -> N/A | H21: =IF(Inicial!K21="SI",Inicial!H21,"N/A") -> N/A | I21: =IF(Inicial!K21="SI",Inicial!I21,"N/A") -> N/A | AD21: =IF(OR(J21="NO",K21="NO",L21="NO",M21="NO",N21="NO",O21="NO",P21="NO",R21="NO",S21="NO",T21="NO",U21="NO", V21="NO",W21="NO",Y21="NO",Z21="NO",AA21="NO",AB21="NO",AC21="NO"),"No aceptable","Aceptable") -> Aceptable | AV21: {=IF(OR(AE21:AU21="SI"),"Critico","No critico")} -> No critico
A22: =Inicial!A22 -> 20 | B22: =Inicial!B22 -> Procesos | C22: =Inicial!C22 -> Envasado | D22: =Inicial!D22 -> Envasador trutro corto/largo | E22: =IF(Inicial!K22="SI",Inicial!E22,"N/A") -> 07:20 - 15:30 / 15:30 - 01:05 | F22: =IF(Inicial!K22="SI",Inicial!F22,"N/A") -> N/A | G22: =IF(Inicial!K22="SI",Inicial!G22,"N/A") -> 2 | H22: =IF(Inicial!K22="SI",Inicial!H22,"N/A") -> 36 | I22: =IF(Inicial!K22="SI",Inicial!I22,"N/A") -> 52 | J22: SI | K22: SI | L22: SI | M22: SI | N22: SI | O22: SI | P22: SI | Q22: Derecha | R22: SI | S22: SI | T22: SI | U22: SI | V22: SI | W22: SI | X22: Derecha | Y22: SI | Z22: SI | AA22: SI | AB22: SI | AC22: SI | AD22: =IF(OR(J22="NO",K22="NO",L22="NO",M22="NO",N22="NO",O22="NO",P22="NO",Q22="NO",S22="NO",T22="NO",U22="NO", V22="NO",W22="NO",Y22="NO",Z22="NO",AA22="NO",AB22="NO",AC22="NO"),"No aceptable","Aceptable") -> Aceptable | AV22: {=IF(OR(AE22:AU22="SI"),"Critico","No critico")} -> No critico
A23: =Inicial!A23 -> 21 | B23: =Inicial!B23 -> Procesos | C23: =Inicial!C23 -> Envasado | D23: =Inicial!D23 -> alimentador Envasado multicabezal | E23: =IF(Inicial!K23="SI",Inicial!E23,"N/A") -> N/A | F23: =IF(Inicial!K23="SI",Inicial!F23,"N/A") -> N/A | G23: =IF(Inicial!K23="SI",Inicial!G23,"N/A") -> N/A | H23: =IF(Inicial!K23="SI",Inicial!H23,"N/A") -> N/A | I23: =IF(Inicial!K23="SI",Inicial!I23,"N/A") -> N/A | AD23: =IF(OR(J23="NO",K23="NO",L23="NO",M23="NO",N23="NO",O23="NO",P23="NO",R23="NO",S23="NO",T23="NO",U23="NO", V23="NO",W23="NO",Y23="NO",Z23="NO",AA23="NO",AB23="NO",AC23="NO"),"No aceptable","Aceptable") -> Aceptable | AV23: {=IF(OR(AE23:AU23="SI"),"Critico","No critico")} -> No critico
A24: =Inicial!#REF! -> #REF! | B24: =Inicial!#REF! -> #REF! | C24: =Inicial!#REF! -> #REF! | D24: =Inicial!#REF! -> #REF! | E24: =IF(Inicial!#REF!="SI",Inicial!#REF!,"N/A") -> #REF! | F24: =IF(Inicial!#REF!="SI",Inicial!#REF!,"N/A") -> #REF! | G24: =IF(Inicial!#REF!="SI",Inicial!#REF!,"N/A") -> #REF! | H24: =IF(Inicial!#REF!="SI",Inicial!#REF!,"N/A") -> #REF! | I24: =IF(Inicial!#REF!="SI",Inicial!#REF!,"N/A") -> #REF! | AD24: =IF(OR(J24="NO",K24="NO",L24="NO",M24="NO",N24="NO",O24="NO",P24="NO",R24="NO",S24="NO",T24="NO",U24="NO", V24="NO",W24="NO",Y24="NO",Z24="NO",AA24="NO",AB24="NO",AC24="NO"),"No aceptable","Aceptable") -> Aceptable | AV24: {=IF(OR(AE24:AU24="SI"),"Critico","No critico")} -> No critico
A25: =Inicial!A24 -> 22 | B25: =Inicial!B24 -> Procesos | C25: =Inicial!C24 -> Envasado | D25: =Inicial!D24 -> Carro materiales | E25: =IF(Inicial!K24="SI",Inicial!E24,"N/A") -> N/A | F25: =IF(Inicial!K24="SI",Inicial!F24,"N/A") -> N/A | G25: =IF(Inicial!K24="SI",Inicial!G24,"N/A") -> N/A | H25: =IF(Inicial!K24="SI",Inicial!H24,"N/A") -> N/A | I25: =IF(Inicial!K24="SI",Inicial!I24,"N/A") -> N/A | AD25: =IF(OR(J25="NO",K25="NO",L25="NO",M25="NO",N25="NO",O25="NO",P25="NO",R25="NO",S25="NO",T25="NO",U25="NO", V25="NO",W25="NO",Y25="NO",Z25="NO",AA25="NO",AB25="NO",AC25="NO"),"No aceptable","Aceptable") -> Aceptable | AV25: {=IF(OR(AE25:AU25="SI"),"Critico","No critico")} -> No critico
A26: =Inicial!A25 -> 23 | B26: =Inicial!B25 -> Procesos | C26: =Inicial!C25 -> Envasado | D26: =Inicial!D25 -> Maquinista Termoselladora | E26: =IF(Inicial!K25="SI",Inicial!E25,"N/A") -> N/A | F26: =IF(Inicial!K25="SI",Inicial!F25,"N/A") -> N/A | G26: =IF(Inicial!K25="SI",Inicial!G25,"N/A") -> N/A | H26: =IF(Inicial!K25="SI",Inicial!H25,"N/A") -> N/A | I26: =IF(Inicial!K25="SI",Inicial!I25,"N/A") -> N/A | AD26: =IF(OR(J26="NO",K26="NO",L26="NO",M26="NO",N26="NO",O26="NO",P26="NO",R26="NO",S26="NO",T26="NO",U26="NO", V26="NO",W26="NO",Y26="NO",Z26="NO",AA26="NO",AB26="NO",AC26="NO"),"No aceptable","Aceptable") -> Aceptable | AV26: {=IF(OR(AE26:AU26="SI"),"Critico","No critico")} -> No critico
A27: =Inicial!A26 -> 24 | B27: =Inicial!B26 -> Procesos | C27: =Inicial!C26 -> Envasado | D27: =Inicial!D26 -> Llenado de bandeja con pala | E27: =IF(Inicial!K26="SI",Inicial!E26,"N/A") -> N/A | F27: =IF(Inicial!K26="SI",Inicial!F26,"N/A") -> N/A | G27: =IF(Inicial!K26="SI",Inicial!G26,"N/A") -> N/A | H27: =IF(Inicial!K26="SI",Inicial!H26,"N/A") -> N/A | I27: =IF(Inicial!K26="SI",Inicial!I26,"N/A") -> N/A | AD27: =IF(OR(J27="NO",K27="NO",L27="NO",M27="NO",N27="NO",O27="NO",P27="NO",R27="NO",S27="NO",T27="NO",U27="NO", V27="NO",W27="NO",Y27="NO",Z27="NO",AA27="NO",AB27="NO",AC27="NO"),"No aceptable","Aceptable") -> Aceptable | AV27: {=IF(OR(AE27:AU27="SI"),"Critico","No critico")} -> No critico
A28: =Inicial!A27 -> 25 | B28: =Inicial!B27 -> Procesos | C28: =Inicial!C27 -> Envasado | D28: =Inicial!D27 -> Levantamiento de bandeja | E28: =IF(Inicial!K27="SI",Inicial!E27,"N/A") -> N/A | F28: =IF(Inicial!K27="SI",Inicial!F27,"N/A") -> N/A | G28: =IF(Inicial!K27="SI",Inicial!G27,"N/A") -> N/A | H28: =IF(Inicial!K27="SI",Inicial!H27,"N/A") -> N/A | I28: =IF(Inicial!K27="SI",Inicial!I27,"N/A") -> N/A | AD28: =IF(OR(J28="NO",K28="NO",L28="NO",M28="NO",N28="NO",O28="NO",P28="NO",R28="NO",S28="NO",T28="NO",U28="NO", V28="NO",W28="NO",Y28="NO",Z28="NO",AA28="NO",AB28="NO",AC28="NO"),"No aceptable","Aceptable") -> Aceptable | AV28: {=IF(OR(AE28:AU28="SI"),"Critico","No critico")} -> No critico
A29: =Inicial!A28 -> 26 | B29: =Inicial!B28 -> Procesos | C29: =Inicial!C28 -> Mesanina | D29: =Inicial!D28 -> Puesto Fijo | E29: =IF(Inicial!K28="SI",Inicial!E28,"N/A") -> N/A | F29: =IF(Inicial!K28="SI",Inicial!F28,"N/A") -> N/A | G29: =IF(Inicial!K28="SI",Inicial!G28,"N/A") -> N/A | H29: =IF(Inicial!K28="SI",Inicial!H28,"N/A") -> N/A | I29: =IF(Inicial!K28="SI",Inicial!I28,"N/A") -> N/A | AD29: =IF(OR(J29="NO",K29="NO",L29="NO",M29="NO",N29="NO",O29="NO",P29="NO",R29="NO",S29="NO",T29="NO",U29="NO", V29="NO",W29="NO",Y29="NO",Z29="NO",AA29="NO",AB29="NO",AC29="NO"),"No aceptable","Aceptable") -> Aceptable | AV29: {=IF(OR(AE29:AU29="SI"),"Critico","No critico")} -> No critico
A30: =Inicial!A29 -> 27 | B30: =Inicial!B29 -> Procesos | C30: =Inicial!C29 -> Mesanina | D30: =Inicial!D29 -> Centro Punta | E30: =IF(Inicial!K29="SI",Inicial!E29,"N/A") -> N/A | F30: =IF(Inicial!K29="SI",Inicial!F29,"N/A") -> N/A | G30: =IF(Inicial!K29="SI",Inicial!G29,"N/A") -> N/A | H30: =IF(Inicial!K29="SI",Inicial!H29,"N/A") -> N/A | I30: =IF(Inicial!K29="SI",Inicial!I29,"N/A") -> N/A | AD30: =IF(OR(J30="NO",K30="NO",L30="NO",M30="NO",N30="NO",O30="NO",P30="NO",R30="NO",S30="NO",T30="NO",U30="NO", V30="NO",W30="NO",Y30="NO",Z30="NO",AA30="NO",AB30="NO",AC30="NO"),"No aceptable","Aceptable") -> Aceptable | AV30: {=IF(OR(AE30:AU30="SI"),"Critico","No critico")} -> No critico
A31: =Inicial!A30 -> 28 | B31: =Inicial!B30 -> Procesos | C31: =Inicial!C30 -> Mesanina | D31: =Inicial!D30 -> Reenganchador | E31: =IF(Inicial!K30="SI",Inicial!E30,"N/A") -> N/A | F31: =IF(Inicial!K30="SI",Inicial!F30,"N/A") -> N/A | G31: =IF(Inicial!K30="SI",Inicial!G30,"N/A") -> N/A | H31: =IF(Inicial!K30="SI",Inicial!H30,"N/A") -> N/A | I31: =IF(Inicial!K30="SI",Inicial!I30,"N/A") -> N/A | AD31: =IF(OR(J31="NO",K31="NO",L31="NO",M31="NO",N31="NO",O31="NO",P31="NO",R31="NO",S31="NO",T31="NO",U31="NO", V31="NO",W31="NO",Y31="NO",Z31="NO",AA31="NO",AB31="NO",AC31="NO"),"No aceptable","Aceptable") -> Aceptable | AV31: {=IF(OR(AE31:AU31="SI"),"Critico","No critico")} -> No critico
A32: =Inicial!A31 -> 29 | B32: =Inicial!B31 -> Procesos | C32: =Inicial!C31 -> Mesanina | D32: =Inicial!D31 -> Cazuelero | E32: =IF(Inicial!K31="SI",Inicial!E31,"N/A") -> N/A | F32: =IF(Inicial!K31="SI",Inicial!F31,"N/A") -> N/A | G32: =IF(Inicial!K31="SI",Inicial!G31,"N/A") -> N/A | H32: =IF(Inicial!K31="SI",Inicial!H31,"N/A") -> N/A | I32: =IF(Inicial!K31="SI",Inicial!I31,"N/A") -> N/A | AD32: =IF(OR(J32="NO",K32="NO",L32="NO",M32="NO",N32="NO",O32="NO",P32="NO",R32="NO",S32="NO",T32="NO",U32="NO", V32="NO",W32="NO",Y32="NO",Z32="NO",AA32="NO",AB32="NO",AC32="NO"),"No aceptable","Aceptable") -> Aceptable | AV32: {=IF(OR(AE32:AU32="SI"),"Critico","No critico")} -> No critico
A33: =Inicial!A32 -> 30 | B33: =Inicial!B32 -> Procesos | C33: =Inicial!C32 -> Mesanina | D33: =Inicial!D32 -> Reproceso | E33: =IF(Inicial!K32="SI",Inicial!E32,"N/A") -> N/A | F33: =IF(Inicial!K32="SI",Inicial!F32,"N/A") -> N/A | G33: =IF(Inicial!K32="SI",Inicial!G32,"N/A") -> N/A | H33: =IF(Inicial!K32="SI",Inicial!H32,"N/A") -> N/A | I33: =IF(Inicial!K32="SI",Inicial!I32,"N/A") -> N/A | AD33: =IF(OR(J33="NO",K33="NO",L33="NO",M33="NO",N33="NO",O33="NO",P33="NO",R33="NO",S33="NO",T33="NO",U33="NO", V33="NO",W33="NO",Y33="NO",Z33="NO",AA33="NO",AB33="NO",AC33="NO"),"No aceptable","Aceptable") -> Aceptable | AV33: {=IF(OR(AE33:AU33="SI"),"Critico","No critico")} -> No critico
A34: =Inicial!A33 -> 31 | B34: =Inicial!B33 -> Procesos | C34: =Inicial!C33 -> Mesanina | D34: =Inicial!D33 -> Transporte Cazuela | E34: =IF(Inicial!K33="SI",Inicial!E33,"N/A") -> N/A | F34: =IF(Inicial!K33="SI",Inicial!F33,"N/A") -> N/A | G34: =IF(Inicial!K33="SI",Inicial!G33,"N/A") -> N/A | H34: =IF(Inicial!K33="SI",Inicial!H33,"N/A") -> N/A | I34: =IF(Inicial!K33="SI",Inicial!I33,"N/A") -> N/A | AD34: =IF(OR(J34="NO",K34="NO",L34="NO",M34="NO",N34="NO",O34="NO",P34="NO",R34="NO",S34="NO",T34="NO",U34="NO", V34="NO",W34="NO",Y34="NO",Z34="NO",AA34="NO",AB34="NO",AC34="NO"),"No aceptable","Aceptable") -> Aceptable | AV34: {=IF(OR(AE34:AU34="SI"),"Critico","No critico")} -> No critico
A35: =Inicial!A34 -> 32 | B35: =Inicial!B34 -> Procesos | C35: =Inicial!C34 -> Mesanina | D35: =Inicial!D34 -> Maquinista | E35: =IF(Inicial!K34="SI",Inicial!E34,"N/A") -> N/A | F35: =IF(Inicial!K34="SI",Inicial!F34,"N/A") -> N/A | G35: =IF(Inicial!K34="SI",Inicial!G34,"N/A") -> N/A | H35: =IF(Inicial!K34="SI",Inicial!H34,"N/A") -> N/A | I35: =IF(Inicial!K34="SI",Inicial!I34,"N/A") -> N/A | AD35: =IF(OR(J35="NO",K35="NO",L35="NO",M35="NO",N35="NO",O35="NO",P35="NO",R35="NO",S35="NO",T35="NO",U35="NO", V35="NO",W35="NO",Y35="NO",Z35="NO",AA35="NO",AB35="NO",AC35="NO"),"No aceptable","Aceptable") -> Aceptable | AV35: {=IF(OR(AE35:AU35="SI"),"Critico","No critico")} -> No critico
A36: =Inicial!A35 -> 33 | B36: =Inicial!B35 -> Procesos | C36: =Inicial!C35 -> Paletizado Fresco | D36: =Inicial!D35 -> Postura de bolsa y pañal | E36: =IF(Inicial!K35="SI",Inicial!E35,"N/A") -> N/A | F36: =IF(Inicial!K35="SI",Inicial!F35,"N/A") -> N/A | G36: =IF(Inicial!K35="SI",Inicial!G35,"N/A") -> N/A | H36: =IF(Inicial!K35="SI",Inicial!H35,"N/A") -> N/A | I36: =IF(Inicial!K35="SI",Inicial!I35,"N/A") -> N/A | AD36: =IF(OR(J36="NO",K36="NO",L36="NO",M36="NO",N36="NO",O36="NO",P36="NO",R36="NO",S36="NO",T36="NO",U36="NO", V36="NO",W36="NO",Y36="NO",Z36="NO",AA36="NO",AB36="NO",AC36="NO"),"No aceptable","Aceptable") -> Aceptable | AV36: {=IF(OR(AE36:AU36="SI"),"Critico","No critico")} -> No critico
... A43: =Inicial!A42 -> 40 | B43: =Inicial!B42 -> Procesos | C43: =Inicial!C42 -> Paletizado Fresco | D43: =Inicial!D42 -> Supervisor | E43: =IF(Inicial!K42="SI",Inicial!E42,"N/A") -> N/A | F43: =IF(Inicial!K42="SI",Inicial!F42,"N/A") -> N/A | G43: =IF(Inicial!K42="SI",Inicial!G42,"N/A") -> N/A | H43: =IF(Inicial!K42="SI",Inicial!H42,"N/A") -> N/A | I43: =IF(Inicial!K42="SI",Inicial!I42,"N/A") -> N/A | AD43: =IF(OR(J43="NO",K43="NO",L43="NO",M43="NO",N43="NO",O43="NO",P43="NO",R43="NO",S43="NO",T43="NO",U43="NO", V43="NO",W43="NO",Y43="NO",Z43="NO",AA43="NO",AB43="NO",AC43="NO"),"No aceptable","Aceptable") -> Aceptable | AV43: {=IF(OR(AE43:AU43="SI"),"Critico","No critico")} -> No critico
A44: =Inicial!A43 -> 41 | B44: =Inicial!B43 -> Procesos | C44: =Inicial!C43 -> Trozado L1 | D44: =Inicial!D43 -> Pesador de producto derecha | E44: =IF(Inicial!K43="SI",Inicial!E43,"N/A") -> 07:05 - 15:05 15:15 - 00:15 | F44: =IF(Inicial!K43="SI",Inicial!F43,"N/A") -> N/A | G44: =IF(Inicial!K43="SI",Inicial!G43,"N/A") -> 2 | H44: =IF(Inicial!K43="SI",Inicial!H43,"N/A") -> 66 | I44: =IF(Inicial!K43="SI",Inicial!I43,"N/A") -> 73 | J44: SI | K44: SI | L44: SI | M44: SI | N44: NO | O44: SI | P44: SI | Q44: Derecha | R44: SI | S44: SI | T44: SI | U44: SI | V44: SI | W44: SI | X44: Derecha | Y44: SI | Z44: SI | AA44: SI | AB44: SI | AC44: SI | AD44: =IF(OR(J44="NO",K44="NO",L44="NO",M44="NO",N44="NO",O44="NO",P44="NO",R44="NO",S44="NO",T44="NO",U44="NO", V44="NO",W44="NO",Y44="NO",Z44="NO",AA44="NO",AB44="NO",AC44="NO"),"No aceptable","Aceptable") -> No aceptable | AE44: NO | AF44: NO | AG44: NO | AH44: NO | AI44: NO | AJ44: NO | AK44: NO | AL44: NO | AM44: NO | AN44: NO | AO44: NO | AP44: NO | AQ44: NO | AR44: NO | AS44: NO | AT44: NO | AU44: NO | AV44: {=IF(OR(AE44:AU44="SI"),"Critico","No critico")} -> No critico
A45: =Inicial!A44 -> 42 | B45: =Inicial!B44 -> Procesos | C45: =Inicial!C44 -> Trozado L2 | D45: =Inicial!D44 -> Pesador de producto izquierda | E45: =IF(Inicial!K44="SI",Inicial!E44,"N/A") -> 07:05 - 15:05 15:15 - 00:15 | F45: =IF(Inicial!K44="SI",Inicial!F44,"N/A") -> N/A | G45: =IF(Inicial!K44="SI",Inicial!G44,"N/A") -> 2 | H45: =IF(Inicial!K44="SI",Inicial!H44,"N/A") -> 66 | I45: =IF(Inicial!K44="SI",Inicial!I44,"N/A") -> 73 | J45: SI | K45: NO | L45: SI | M45: SI | N45: NO | O45: NO | P45: SI | Q45: Izquierda | R45: SI | S45: SI | T45: SI | U45: SI | V45: SI | W45: SI | X45: Izquierda | Y45: SI | Z45: SI | AA45: SI | AB45: SI | AC45: SI | AD45: =IF(OR(J45="NO",K45="NO",L45="NO",M45="NO",N45="NO",O45="NO",P45="NO",R45="NO",S45="NO",T45="NO",U45="NO", V45="NO",W45="NO",Y45="NO",Z45="NO",AA45="NO",AB45="NO",AC45="NO"),"No aceptable","Aceptable") -> No aceptable | AE45: NO | AF45: NO | AG45: NO | AH45: NO | AI45: NO | AJ45: NO | AK45: NO | AL45: NO | AM45: NO | AN45: NO | AO45: NO | AP45: NO | AQ45: NO | AR45: NO | AS45: NO | AT45: NO | AU45: NO | AV45: {=IF(OR(AE45:AU45="SI"),"Critico","No critico")} -> No critico
A46: =Inicial!A45 -> 43 | B46: =Inicial!B45 -> Procesos | C46: =Inicial!C45 -> Trozado L5 | D46: =Inicial!D45 -> Selección de (trutro) | E46: =IF(Inicial!K45="SI",Inicial!E45,"N/A") -> 07:05 - 15:05 15:15 - 00:15 | F46: =IF(Inicial!K45="SI",Inicial!F45,"N/A") -> N/A | G46: =IF(Inicial!K45="SI",Inicial!G45,"N/A") -> 2 | H46: =IF(Inicial!K45="SI",Inicial!H45,"N/A") -> 66 | I46: =IF(Inicial!K45="SI",Inicial!I45,"N/A") -> 73 | J46: NO | K46: NO | L46: NO | M46: SI | N46: SI | O46: SI | P46: SI | Q46: Derecha | R46: SI | S46: SI | T46: SI | U46: SI | V46: SI | W46: SI | X46: Derecha | Y46: SI | Z46: SI | AA46: SI | AB46: SI | AC46: SI | AD46: =IF(OR(J46="NO",K46="NO",L46="NO",M46="NO",N46="NO",O46="NO",P46="NO",R46="NO",S46="NO",T46="NO",U46="NO", V46="NO",W46="NO",Y46="NO",Z46="NO",AA46="NO",AB46="NO",AC46="NO"),"No aceptable","Aceptable") -> No aceptable | AE46: NO | AF46: NO | AG46: NO | AH46: NO | AI46: NO | AJ46: NO | AK46: NO | AL46: NO | AM46: NO | AN46: NO | AO46: NO | AP46: NO | AQ46: NO | AR46: NO | AS46: NO | AT46: NO | AU46: NO | AV46: {=IF(OR(AE46:AU46="SI"),"Critico","No critico")} -> No critico
A47: =Inicial!A46 -> 44 | B47: =Inicial!B46 -> Procesos | C47: =Inicial!C46 -> Trozado L1 | D47: =Inicial!D46 -> Embalado de producto en termoformadora | E47: =IF(Inicial!K46="SI",Inicial!E46,"N/A") -> N/A | F47: =IF(Inicial!K46="SI",Inicial!F46,"N/A") -> N/A | G47: =IF(Inicial!K46="SI",Inicial!G46,"N/A") -> N/A | H47: =IF(Inicial!K46="SI",Inicial!H46,"N/A") -> N/A | I47: =IF(Inicial!K46="SI",Inicial!I46,"N/A") -> N/A | AD47: =IF(OR(J47="NO",K47="NO",L47="NO",M47="NO",N47="NO",O47="NO",P47="NO",R47="NO",S47="NO",T47="NO",U47="NO", V47="NO",W47="NO",Y47="NO",Z47="NO",AA47="NO",AB47="NO",AC47="NO"),"No aceptable","Aceptable") -> Aceptable | AV47: {=IF(OR(AE47:AU47="SI"),"Critico","No critico")} -> No critico
A48: =Inicial!A47 -> 45 | B48: =Inicial!B47 -> Procesos | C48: =Inicial!C47 -> Trozado L1 | D48: =Inicial!D47 -> Chequeador de peso | E48: =IF(Inicial!K47="SI",Inicial!E47,"N/A") -> N/A | F48: =IF(Inicial!K47="SI",Inicial!F47,"N/A") -> N/A | G48: =IF(Inicial!K47="SI",Inicial!G47,"N/A") -> N/A | H48: =IF(Inicial!K47="SI",Inicial!H47,"N/A") -> N/A | I48: =IF(Inicial!K47="SI",Inicial!I47,"N/A") -> N/A | AD48: =IF(OR(J48="NO",K48="NO",L48="NO",M48="NO",N48="NO",O48="NO",P48="NO",R48="NO",S48="NO",T48="NO",U48="NO", V48="NO",W48="NO",Y48="NO",Z48="NO",AA48="NO",AB48="NO",AC48="NO"),"No aceptable","Aceptable") -> Aceptable | AV48: {=IF(OR(AE48:AU48="SI"),"Critico","No critico")} -> No critico
A49: =Inicial!A48 -> 46 | B49: =Inicial!B48 -> Procesos | C49: =Inicial!C48 -> Trozado L2 | D49: =Inicial!D48 -> Traslape | E49: =IF(Inicial!K48="SI",Inicial!E48,"N/A") -> N/A | F49: =IF(Inicial!K48="SI",Inicial!F48,"N/A") -> N/A | G49: =IF(Inicial!K48="SI",Inicial!G48,"N/A") -> N/A | H49: =IF(Inicial!K48="SI",Inicial!H48,"N/A") -> N/A | I49: =IF(Inicial!K48="SI",Inicial!I48,"N/A") -> N/A | AD49: =IF(OR(J49="NO",K49="NO",L49="NO",M49="NO",N49="NO",O49="NO",P49="NO",R49="NO",S49="NO",T49="NO",U49="NO", V49="NO",W49="NO",Y49="NO",Z49="NO",AA49="NO",AB49="NO",AC49="NO"),"No aceptable","Aceptable") -> Aceptable | AV49: {=IF(OR(AE49:AU49="SI"),"Critico","No critico")} -> No critico
A50: =Inicial!A49 -> 47 | B50: =Inicial!B49 -> Procesos | C50: =Inicial!C49 -> Trozado L1 | D50: =Inicial!D49 -> Volteador de bins | E50: =IF(Inicial!K49="SI",Inicial!E49,"N/A") -> N/A | F50: =IF(Inicial!K49="SI",Inicial!F49,"N/A") -> N/A | G50: =IF(Inicial!K49="SI",Inicial!G49,"N/A") -> N/A | H50: =IF(Inicial!K49="SI",Inicial!H49,"N/A") -> N/A | I50: =IF(Inicial!K49="SI",Inicial!I49,"N/A") -> N/A | AD50: =IF(OR(J50="NO",K50="NO",L50="NO",M50="NO",N50="NO",O50="NO",P50="NO",R50="NO",S50="NO",T50="NO",U50="NO", V50="NO",W50="NO",Y50="NO",Z50="NO",AA50="NO",AB50="NO",AC50="NO"),"No aceptable","Aceptable") -> Aceptable | AV50: {=IF(OR(AE50:AU50="SI"),"Critico","No critico")} -> No critico
A51: =Inicial!#REF! -> #REF! | B51: =Inicial!#REF! -> #REF! | C51: =Inicial!#REF! -> #REF! | D51: =Inicial!#REF! -> #REF! | E51: =IF(Inicial!#REF!="SI",Inicial!#REF!,"N/A") -> #REF! | F51: =IF(Inicial!#REF!="SI",Inicial!#REF!,"N/A") -> #REF! | G51: =IF(Inicial!#REF!="SI",Inicial!#REF!,"N/A") -> #REF! | H51: =IF(Inicial!#REF!="SI",Inicial!#REF!,"N/A") -> #REF! | I51: =IF(Inicial!#REF!="SI",Inicial!#REF!,"N/A") -> #REF! | AD51: =IF(OR(J51="NO",K51="NO",L51="NO",M51="NO",N51="NO",O51="NO",P51="NO",R51="NO",S51="NO",T51="NO",U51="NO", V51="NO",W51="NO",Y51="NO",Z51="NO",AA51="NO",AB51="NO",AC51="NO"),"No aceptable","Aceptable") -> Aceptable | AV51: {=IF(OR(AE51:AU51="SI"),"Critico","No critico")} -> No critico
A52: =Inicial!#REF! -> #REF! | B52: =Inicial!#REF! -> #REF! | C52: =Inicial!#REF! -> #REF! | D52: =Inicial!#REF! -> #REF! | E52: =IF(Inicial!#REF!="SI",Inicial!#REF!,"N/A") -> #REF! | F52: =IF(Inicial!#REF!="SI",Inicial!#REF!,"N/A") -> #REF! | G52: =IF(Inicial!#REF!="SI",Inicial!#REF!,"N/A") -> #REF! | H52: =IF(Inicial!#REF!="SI",Inicial!#REF!,"N/A") -> #REF! | I52: =IF(Inicial!#REF!="SI",Inicial!#REF!,"N/A") -> #REF! | AD52: =IF(OR(J52="NO",K52="NO",L52="NO",M52="NO",N52="NO",O52="NO",P52="NO",R52="NO",S52="NO",T52="NO",U52="NO", V52="NO",W52="NO",Y52="NO",Z52="NO",AA52="NO",AB52="NO",AC52="NO"),"No aceptable","Aceptable") -> Aceptable | AV52: {=IF(OR(AE52:AU52="SI"),"Critico","No critico")} -> No critico
A53: =Inicial!A50 -> 48 | B53: =Inicial!B50 -> Procesos | C53: =Inicial!C50 -> Mesanina | D53: =Inicial!D50 -> Recolgado | E53: =IF(Inicial!K50="SI",Inicial!E50,"N/A") -> N/A | F53: =IF(Inicial!K50="SI",Inicial!F50,"N/A") -> N/A | G53: =IF(Inicial!K50="SI",Inicial!G50,"N/A") -> N/A | H53: =IF(Inicial!K50="SI",Inicial!H50,"N/A") -> N/A | I53: =IF(Inicial!K50="SI",Inicial!I50,"N/A") -> N/A | AD53: =IF(OR(J53="NO",K53="NO",L53="NO",M53="NO",N53="NO",O53="NO",P53="NO",R53="NO",S53="NO",T53="NO",U53="NO", V53="NO",W53="NO",Y53="NO",Z53="NO",AA53="NO",AB53="NO",AC53="NO"),"No aceptable","Aceptable") -> Aceptable | AV53: {=IF(OR(AE53:AU53="SI"),"Critico","No critico")} -> No critico
A54: =Inicial!#REF! -> #REF! | B54: =Inicial!#REF! -> #REF! | C54: =Inicial!#REF! -> #REF! | D54: =Inicial!#REF! -> #REF! | E54: =IF(Inicial!#REF!="SI",Inicial!#REF!,"N/A") -> #REF! | F54: =IF(Inicial!#REF!="SI",Inicial!#REF!,"N/A") -> #REF! | G54: =IF(Inicial!#REF!="SI",Inicial!#REF!,"N/A") -> #REF! | H54: =IF(Inicial!#REF!="SI",Inicial!#REF!,"N/A") -> #REF! | I54: =IF(Inicial!#REF!="SI",Inicial!#REF!,"N/A") -> #REF! | AD54: =IF(OR(J54="NO",K54="NO",L54="NO",M54="NO",N54="NO",O54="NO",P54="NO",R54="NO",S54="NO",T54="NO",U54="NO", V54="NO",W54="NO",Y54="NO",Z54="NO",AA54="NO",AB54="NO",AC54="NO"),"No aceptable","Aceptable") -> Aceptable | AV54: {=IF(OR(AE54:AU54="SI"),"Critico","No critico")} -> No critico
A55: =Inicial!A51 -> 49 | B55: =Inicial!B51 -> Procesos | C55: =Inicial!C51 -> Trozado | D55: =Inicial!D51 -> Tranferidor | E55: =IF(Inicial!K51="SI",Inicial!E51,"N/A") -> N/A | F55: =IF(Inicial!K51="SI",Inicial!F51,"N/A") -> N/A | G55: =IF(Inicial!K51="SI",Inicial!G51,"N/A") -> N/A | H55: =IF(Inicial!K51="SI",Inicial!H51,"N/A") -> N/A | I55: =IF(Inicial!K51="SI",Inicial!I51,"N/A") -> N/A | AD55: =IF(OR(J55="NO",K55="NO",L55="NO",M55="NO",N55="NO",O55="NO",P55="NO",R55="NO",S55="NO",T55="NO",U55="NO", V55="NO",W55="NO",Y55="NO",Z55="NO",AA55="NO",AB55="NO",AC55="NO"),"No aceptable","Aceptable") -> Aceptable | AV55: {=IF(OR(AE55:AU55="SI"),"Critico","No critico")} -> No critico
A56: =Inicial!A52 -> 50 | B56: =Inicial!B52 -> Procesos | C56: =Inicial!C52 -> Trozado | D56: =Inicial!D52 -> Transpaletero | E56: =IF(Inicial!K52="SI",Inicial!E52,"N/A") -> N/A | F56: =IF(Inicial!K52="SI",Inicial!F52,"N/A") -> N/A | G56: =IF(Inicial!K52="SI",Inicial!G52,"N/A") -> N/A | H56: =IF(Inicial!K52="SI",Inicial!H52,"N/A") -> N/A | I56: =IF(Inicial!K52="SI",Inicial!I52,"N/A") -> N/A | AD56: =IF(OR(J56="NO",K56="NO",L56="NO",M56="NO",N56="NO",O56="NO",P56="NO",R56="NO",S56="NO",T56="NO",U56="NO", V56="NO",W56="NO",Y56="NO",Z56="NO",AA56="NO",AB56="NO",AC56="NO"),"No aceptable","Aceptable") -> Aceptable | AV56: {=IF(OR(AE56:AU56="SI"),"Critico","No critico")} -> No critico
A57: =Inicial!A53 -> 51 | B57: =Inicial!B53 -> Procesos | C57: =Inicial!C53 -> Trozado L2 | D57: =Inicial!D53 -> Trozado manual | E57: =IF(Inicial!K53="SI",Inicial!E53,"N/A") -> N/A | F57: =IF(Inicial!K53="SI",Inicial!F53,"N/A") -> N/A | G57: =IF(Inicial!K53="SI",Inicial!G53,"N/A") -> N/A | H57: =IF(Inicial!K53="SI",Inicial!H53,"N/A") -> N/A | I57: =IF(Inicial!K53="SI",Inicial!I53,"N/A") -> N/A | AD57: =IF(OR(J57="NO",K57="NO",L57="NO",M57="NO",N57="NO",O57="NO",P57="NO",R57="NO",S57="NO",T57="NO",U57="NO", V57="NO",W57="NO",Y57="NO",Z57="NO",AA57="NO",AB57="NO",AC57="NO"),"No aceptable","Aceptable") -> Aceptable | AV57: {=IF(OR(AE57:AU57="SI"),"Critico","No critico")} -> No critico
A58: =Inicial!A54 -> 52 | B58: =Inicial!B54 -> Procesos | C58: =Inicial!C54 -> Trozado | D58: =Inicial!D54 -> Maquinista | E58: =IF(Inicial!K54="SI",Inicial!E54,"N/A") -> N/A | F58: =IF(Inicial!K54="SI",Inicial!F54,"N/A") -> N/A | G58: =IF(Inicial!K54="SI",Inicial!G54,"N/A") -> N/A | H58: =IF(Inicial!K54="SI",Inicial!H54,"N/A") -> N/A | I58: =IF(Inicial!K54="SI",Inicial!I54,"N/A") -> N/A | AD58: =IF(OR(J58="NO",K58="NO",L58="NO",M58="NO",N58="NO",O58="NO",P58="NO",R58="NO",S58="NO",T58="NO",U58="NO", V58="NO",W58="NO",Y58="NO",Z58="NO",AA58="NO",AB58="NO",AC58="NO"),"No aceptable","Aceptable") -> Aceptable | AV58: {=IF(OR(AE58:AU58="SI"),"Critico","No critico")} -> No critico
A59: =Inicial!A55 -> 53 | B59: =Inicial!B55 -> Procesos | C59: =Inicial!C55 -> Trozado | D59: =Inicial!D55 -> Fechado | E59: =IF(Inicial!K55="SI",Inicial!E55,"N/A") -> N/A | F59: =IF(Inicial!K55="SI",Inicial!F55,"N/A") -> N/A | G59: =IF(Inicial!K55="SI",Inicial!G55,"N/A") -> N/A | H59: =IF(Inicial!K55="SI",Inicial!H55,"N/A") -> N/A | I59: =IF(Inicial!K55="SI",Inicial!I55,"N/A") -> N/A | AD59: =IF(OR(J59="NO",K59="NO",L59="NO",M59="NO",N59="NO",O59="NO",P59="NO",R59="NO",S59="NO",T59="NO",U59="NO", V59="NO",W59="NO",Y59="NO",Z59="NO",AA59="NO",AB59="NO",AC59="NO"),"No aceptable","Aceptable") -> Aceptable | AV59: {=IF(OR(AE59:AU59="SI"),"Critico","No critico")} -> No critico
A60: =Inicial!#REF! -> #REF! | B60: =Inicial!#REF! -> #REF! | C60: =Inicial!#REF! -> #REF! | D60: =Inicial!#REF! -> #REF! | E60: =IF(Inicial!#REF!="SI",Inicial!#REF!,"N/A") -> #REF! | F60: =IF(Inicial!#REF!="SI",Inicial!#REF!,"N/A") -> #REF! | G60: =IF(Inicial!#REF!="SI",Inicial!#REF!,"N/A") -> #REF! | H60: =IF(Inicial!#REF!="SI",Inicial!#REF!,"N/A") -> #REF! | I60: =IF(Inicial!#REF!="SI",Inicial!#REF!,"N/A") -> #REF! | AD60: =IF(OR(J60="NO",K60="NO",L60="NO",M60="NO",N60="NO",O60="NO",P60="NO",R60="NO",S60="NO",T60="NO",U60="NO", V60="NO",W60="NO",Y60="NO",Z60="NO",AA60="NO",AB60="NO",AC60="NO"),"No aceptable","Aceptable") -> Aceptable | AV60: {=IF(OR(AE60:AU60="SI"),"Critico","No critico")} -> No critico
A61: =Inicial!A56 -> 54 | B61: =Inicial!B56 -> Procesos | C61: =Inicial!C56 -> Trozado L1 | D61: =Inicial!D56 -> Embalado pollo personal | E61: =IF(Inicial!K56="SI",Inicial!E56,"N/A") -> N/A | F61: =IF(Inicial!K56="SI",Inicial!F56,"N/A") -> N/A | G61: =IF(Inicial!K56="SI",Inicial!G56,"N/A") -> N/A | H61: =IF(Inicial!K56="SI",Inicial!H56,"N/A") -> N/A | I61: =IF(Inicial!K56="SI",Inicial!I56,"N/A") -> N/A | AD61: =IF(OR(J61="NO",K61="NO",L61="NO",M61="NO",N61="NO",O61="NO",P61="NO",R61="NO",S61="NO",T61="NO",U61="NO", V61="NO",W61="NO",Y61="NO",Z61="NO",AA61="NO",AB61="NO",AC61="NO"),"No aceptable","Aceptable") -> Aceptable | AV61: {=IF(OR(AE61:AU61="SI"),"Critico","No critico")} -> No critico
A62: =Inicial!A57 -> 55 | B62: =Inicial!B57 -> Procesos | C62: =Inicial!C57 -> Trozado | D62: =Inicial!D57 -> Programador | E62: =IF(Inicial!K57="SI",Inicial!E57,"N/A") -> N/A | F62: =IF(Inicial!K57="SI",Inicial!F57,"N/A") -> N/A | G62: =IF(Inicial!K57="SI",Inicial!G57,"N/A") -> N/A | H62: =IF(Inicial!K57="SI",Inicial!H57,"N/A") -> N/A | I62: =IF(Inicial!K57="SI",Inicial!I57,"N/A") -> N/A | AD62: =IF(OR(J62="NO",K62="NO",L62="NO",M62="NO",N62="NO",O62="NO",P62="NO",R62="NO",S62="NO",T62="NO",U62="NO", V62="NO",W62="NO",Y62="NO",Z62="NO",AA62="NO",AB62="NO",AC62="NO"),"No aceptable","Aceptable") -> Aceptable | AV62: {=IF(OR(AE62:AU62="SI"),"Critico","No critico")} -> No critico
A63: =Inicial!A58 -> 56 | B63: =Inicial!B58 -> Procesos | C63: =Inicial!C58 -> Trozado L5 | D63: =Inicial!D58 -> Vacio espinazo | E63: =IF(Inicial!K58="SI",Inicial!E58,"N/A") -> N/A | F63: =IF(Inicial!K58="SI",Inicial!F58,"N/A") -> N/A | G63: =IF(Inicial!K58="SI",Inicial!G58,"N/A") -> N/A | H63: =IF(Inicial!K58="SI",Inicial!H58,"N/A") -> N/A | I63: =IF(Inicial!K58="SI",Inicial!I58,"N/A") -> N/A | AD63: =IF(OR(J63="NO",K63="NO",L63="NO",M63="NO",N63="NO",O63="NO",P63="NO",R63="NO",S63="NO",T63="NO",U63="NO", V63="NO",W63="NO",Y63="NO",Z63="NO",AA63="NO",AB63="NO",AC63="NO"),"No aceptable","Aceptable") -> Aceptable | AV63: {=IF(OR(AE63:AU63="SI"),"Critico","No critico")} -> No critico
A64: =Inicial!A59 -> 57 | B64: =Inicial!B59 -> Procesos | C64: =Inicial!C59 -> Trozado L5 | D64: =Inicial!D59 -> Vacio punta espinazo | E64: =IF(Inicial!K59="SI",Inicial!E59,"N/A") -> N/A | F64: =IF(Inicial!K59="SI",Inicial!F59,"N/A") -> N/A | G64: =IF(Inicial!K59="SI",Inicial!G59,"N/A") -> N/A | H64: =IF(Inicial!K59="SI",Inicial!H59,"N/A") -> N/A | I64: =IF(Inicial!K59="SI",Inicial!I59,"N/A") -> N/A | AD64: =IF(OR(J64="NO",K64="NO",L64="NO",M64="NO",N64="NO",O64="NO",P64="NO",R64="NO",S64="NO",T64="NO",U64="NO", V64="NO",W64="NO",Y64="NO",Z64="NO",AA64="NO",AB64="NO",AC64="NO"),"No aceptable","Aceptable") -> Aceptable | AV64: {=IF(OR(AE64:AU64="SI"),"Critico","No critico")} -> No critico
A65: =Inicial!A60 -> 58 | B65: =Inicial!B60 -> Procesos | C65: =Inicial!C60 -> Trozado | D65: =Inicial!D60 -> Trozado manual cazuela | E65: =IF(Inicial!K60="SI",Inicial!E60,"N/A") -> N/A | F65: =IF(Inicial!K60="SI",Inicial!F60,"N/A") -> N/A | G65: =IF(Inicial!K60="SI",Inicial!G60,"N/A") -> N/A | H65: =IF(Inicial!K60="SI",Inicial!H60,"N/A") -> N/A | I65: =IF(Inicial!K60="SI",Inicial!I60,"N/A") -> N/A | AD65: =IF(OR(J65="NO",K65="NO",L65="NO",M65="NO",N65="NO",O65="NO",P65="NO",R65="NO",S65="NO",T65="NO",U65="NO", V65="NO",W65="NO",Y65="NO",Z65="NO",AA65="NO",AB65="NO",AC65="NO"),"No aceptable","Aceptable") -> Aceptable | AV65: {=IF(OR(AE65:AU65="SI"),"Critico","No critico")} -> No critico
A66: =Inicial!#REF! -> #REF! | B66: =Inicial!#REF! -> #REF! | C66: =Inicial!#REF! -> #REF! | D66: =Inicial!#REF! -> #REF! | E66: =IF(Inicial!#REF!="SI",Inicial!#REF!,"N/A") -> #REF! | F66: =IF(Inicial!#REF!="SI",Inicial!#REF!,"N/A") -> #REF! | G66: =IF(Inicial!#REF!="SI",Inicial!#REF!,"N/A") -> #REF! | H66: =IF(Inicial!#REF!="SI",Inicial!#REF!,"N/A") -> #REF! | I66: =IF(Inicial!#REF!="SI",Inicial!#REF!,"N/A") -> #REF! | AD66: =IF(OR(J66="NO",K66="NO",L66="NO",M66="NO",N66="NO",O66="NO",P66="NO",R66="NO",S66="NO",T66="NO",U66="NO", V66="NO",W66="NO",Y66="NO",Z66="NO",AA66="NO",AB66="NO",AC66="NO"),"No aceptable","Aceptable") -> Aceptable | AV66: {=IF(OR(AE66:AU66="SI"),"Critico","No critico")} -> No critico
A67: =Inicial!A61 -> 59 | B67: =Inicial!B61 -> Procesos | C67: =Inicial!C61 -> Trozado L5 | D67: =Inicial!D61 -> Traslado de Decomiso | E67: =IF(Inicial!K61="SI",Inicial!E61,"N/A") -> N/A | F67: =IF(Inicial!K61="SI",Inicial!F61,"N/A") -> N/A | G67: =IF(Inicial!K61="SI",Inicial!G61,"N/A") -> N/A | H67: =IF(Inicial!K61="SI",Inicial!H61,"N/A") -> N/A | I67: =IF(Inicial!K61="SI",Inicial!I61,"N/A") -> N/A | AD67: =IF(OR(J67="NO",K67="NO",L67="NO",M67="NO",N67="NO",O67="NO",P67="NO",R67="NO",S67="NO",T67="NO",U67="NO", V67="NO",W67="NO",Y67="NO",Z67="NO",AA67="NO",AB67="NO",AC67="NO"),"No aceptable","Aceptable") -> Aceptable | AV67: {=IF(OR(AE67:AU67="SI"),"Critico","No critico")} -> No critico
A68: =Inicial!A62 -> 60 | B68: =Inicial!B62 -> Procesos | C68: =Inicial!C62 -> Trozado L5 | D68: =Inicial!D62 -> Selección centro ala | E68: =IF(Inicial!K62="SI",Inicial!E62,"N/A") -> N/A | F68: =IF(Inicial!K62="SI",Inicial!F62,"N/A") -> N/A | G68: =IF(Inicial!K62="SI",Inicial!G62,"N/A") -> N/A | H68: =IF(Inicial!K62="SI",Inicial!H62,"N/A") -> N/A | I68: =IF(Inicial!K62="SI",Inicial!I62,"N/A") -> N/A | AD68: =IF(OR(J68="NO",K68="NO",L68="NO",M68="NO",N68="NO",O68="NO",P68="NO",R68="NO",S68="NO",T68="NO",U68="NO", V68="NO",W68="NO",Y68="NO",Z68="NO",AA68="NO",AB68="NO",AC68="NO"),"No aceptable","Aceptable") -> Aceptable | AV68: {=IF(OR(AE68:AU68="SI"),"Critico","No critico")} -> No critico
A69: =Inicial!#REF! -> #REF! | B69: =Inicial!#REF! -> #REF! | C69: =Inicial!#REF! -> #REF! | D69: =Inicial!#REF! -> #REF! | E69: =IF(Inicial!#REF!="SI",Inicial!#REF!,"N/A") -> #REF! | F69: =IF(Inicial!#REF!="SI",Inicial!#REF!,"N/A") -> #REF! | G69: =IF(Inicial!#REF!="SI",Inicial!#REF!,"N/A") -> #REF! | H69: =IF(Inicial!#REF!="SI",Inicial!#REF!,"N/A") -> #REF! | I69: =IF(Inicial!#REF!="SI",Inicial!#REF!,"N/A") -> #REF! | AD69: =IF(OR(J69="NO",K69="NO",L69="NO",M69="NO",N69="NO",O69="NO",P69="NO",R69="NO",S69="NO",T69="NO",U69="NO", V69="NO",W69="NO",Y69="NO",Z69="NO",AA69="NO",AB69="NO",AC69="NO"),"No aceptable","Aceptable") -> Aceptable | AV69: {=IF(OR(AE69:AU69="SI"),"Critico","No critico")} -> No critico
A70: =Inicial!#REF! -> #REF! | B70: =Inicial!#REF! -> #REF! | C70: =Inicial!#REF! -> #REF! | D70: =Inicial!#REF! -> #REF! | E70: =IF(Inicial!#REF!="SI",Inicial!#REF!,"N/A") -> #REF! | F70: =IF(Inicial!#REF!="SI",Inicial!#REF!,"N/A") -> #REF! | G70: =IF(Inicial!#REF!="SI",Inicial!#REF!,"N/A") -> #REF! | H70: =IF(Inicial!#REF!="SI",Inicial!#REF!,"N/A") -> #REF! | I70: =IF(Inicial!#REF!="SI",Inicial!#REF!,"N/A") -> #REF! | AD70: =IF(OR(J70="NO",K70="NO",L70="NO",M70="NO",N70="NO",O70="NO",P70="NO",R70="NO",S70="NO",T70="NO",U70="NO", V70="NO",W70="NO",Y70="NO",Z70="NO",AA70="NO",AB70="NO",AC70="NO"),"No aceptable","Aceptable") -> Aceptable | AV70: {=IF(OR(AE70:AU70="SI"),"Critico","No critico")} -> No critico
A71: =Inicial!#REF! -> #REF! | B71: =Inicial!#REF! -> #REF! | C71: =Inicial!#REF! -> #REF! | D71: =Inicial!#REF! -> #REF! | E71: =IF(Inicial!#REF!="SI",Inicial!#REF!,"N/A") -> #REF! | F71: =IF(Inicial!#REF!="SI",Inicial!#REF!,"N/A") -> #REF! | G71: =IF(Inicial!#REF!="SI",Inicial!#REF!,"N/A") -> #REF! | H71: =IF(Inicial!#REF!="SI",Inicial!#REF!,"N/A") -> #REF! | I71: =IF(Inicial!#REF!="SI",Inicial!#REF!,"N/A") -> #REF! | AD71: =IF(OR(J71="NO",K71="NO",L71="NO",M71="NO",N71="NO",O71="NO",P71="NO",R71="NO",S71="NO",T71="NO",U71="NO", V71="NO",W71="NO",Y71="NO",Z71="NO",AA71="NO",AB71="NO",AC71="NO"),"No aceptable","Aceptable") -> Aceptable | AV71: {=IF(OR(AE71:AU71="SI"),"Critico","No critico")} -> No critico
A72: =Inicial!#REF! -> #REF! | B72: =Inicial!#REF! -> #REF! | C72: =Inicial!#REF! -> #REF! | D72: =Inicial!#REF! -> #REF! | E72: =IF(Inicial!#REF!="SI",Inicial!#REF!,"N/A") -> #REF! | F72: =IF(Inicial!#REF!="SI",Inicial!#REF!,"N/A") -> #REF! | G72: =IF(Inicial!#REF!="SI",Inicial!#REF!,"N/A") -> #REF! | H72: =IF(Inicial!#REF!="SI",Inicial!#REF!,"N/A") -> #REF! | I72: =IF(Inicial!#REF!="SI",Inicial!#REF!,"N/A") -> #REF! | AD72: =IF(OR(J72="NO",K72="NO",L72="NO",M72="NO",N72="NO",O72="NO",P72="NO",R72="NO",S72="NO",T72="NO",U72="NO", V72="NO",W72="NO",Y72="NO",Z72="NO",AA72="NO",AB72="NO",AC72="NO"),"No aceptable","Aceptable") -> Aceptable | AV72: {=IF(OR(AE72:AU72="SI"),"Critico","No critico")} -> No critico
A73: =Inicial!#REF! -> #REF! | B73: =Inicial!#REF! -> #REF! | C73: =Inicial!#REF! -> #REF! | D73: =Inicial!#REF! -> #REF! | E73: =IF(Inicial!#REF!="SI",Inicial!#REF!,"N/A") -> #REF! | F73: =IF(Inicial!#REF!="SI",Inicial!#REF!,"N/A") -> #REF! | G73: =IF(Inicial!#REF!="SI",Inicial!#REF!,"N/A") -> #REF! | H73: =IF(Inicial!#REF!="SI",Inicial!#REF!,"N/A") -> #REF! | I73: =IF(Inicial!#REF!="SI",Inicial!#REF!,"N/A") -> #REF! | AD73: =IF(OR(J73="NO",K73="NO",L73="NO",M73="NO",N73="NO",O73="NO",P73="NO",R73="NO",S73="NO",T73="NO",U73="NO", V73="NO",W73="NO",Y73="NO",Z73="NO",AA73="NO",AB73="NO",AC73="NO"),"No aceptable","Aceptable") -> Aceptable | AV73: {=IF(OR(AE73:AU73="SI"),"Critico","No critico")} -> No critico
A74: =Inicial!#REF! -> #REF! | B74: =Inicial!#REF! -> #REF! | C74: =Inicial!#REF! -> #REF! | D74: =Inicial!#REF! -> #REF! | E74: =IF(Inicial!#REF!="SI",Inicial!#REF!,"N/A") -> #REF! | F74: =IF(Inicial!#REF!="SI",Inicial!#REF!,"N/A") -> #REF! | G74: =IF(Inicial!#REF!="SI",Inicial!#REF!,"N/A") -> #REF! | H74: =IF(Inicial!#REF!="SI",Inicial!#REF!,"N/A") -> #REF! | I74: =IF(Inicial!#REF!="SI",Inicial!#REF!,"N/A") -> #REF! | AD74: =IF(OR(J74="NO",K74="NO",L74="NO",M74="NO",N74="NO",O74="NO",P74="NO",R74="NO",S74="NO",T74="NO",U74="NO", V74="NO",W74="NO",Y74="NO",Z74="NO",AA74="NO",AB74="NO",AC74="NO"),"No aceptable","Aceptable") -> Aceptable | AV74: {=IF(OR(AE74:AU74="SI"),"Critico","No critico")} -> No critico
A75: =Inicial!#REF! -> #REF! | B75: =Inicial!#REF! -> #REF! | C75: =Inicial!#REF! -> #REF! | D75: =Inicial!#REF! -> #REF! | E75: =IF(Inicial!#REF!="SI",Inicial!#REF!,"N/A") -> #REF! | F75: =IF(Inicial!#REF!="SI",Inicial!#REF!,"N/A") -> #REF! | G75: =IF(Inicial!#REF!="SI",Inicial!#REF!,"N/A") -> #REF! | H75: =IF(Inicial!#REF!="SI",Inicial!#REF!,"N/A") -> #REF! | I75: =IF(Inicial!#REF!="SI",Inicial!#REF!,"N/A") -> #REF! | AD75: =IF(OR(J75="NO",K75="NO",L75="NO",M75="NO",N75="NO",O75="NO",P75="NO",R75="NO",S75="NO",T75="NO",U75="NO", V75="NO",W75="NO",Y75="NO",Z75="NO",AA75="NO",AB75="NO",AC75="NO"),"No aceptable","Aceptable") -> Aceptable | AV75: {=IF(OR(AE75:AU75="SI"),"Critico","No critico")} -> No critico
A76: =Inicial!#REF! -> #REF! | B76: =Inicial!#REF! -> #REF! | C76: =Inicial!#REF! -> #REF! | D76: =Inicial!#REF! -> #REF! | E76: =IF(Inicial!#REF!="SI",Inicial!#REF!,"N/A") -> #REF! | F76: =IF(Inicial!#REF!="SI",Inicial!#REF!,"N/A") -> #REF! | G76: =IF(Inicial!#REF!="SI",Inicial!#REF!,"N/A") -> #REF! | H76: =IF(Inicial!#REF!="SI",Inicial!#REF!,"N/A") -> #REF! | I76: =IF(Inicial!#REF!="SI",Inicial!#REF!,"N/A") -> #REF! | AD76: =IF(OR(J76="NO",K76="NO",L76="NO",M76="NO",N76="NO",O76="NO",P76="NO",R76="NO",S76="NO",T76="NO",U76="NO", V76="NO",W76="NO",Y76="NO",Z76="NO",AA76="NO",AB76="NO",AC76="NO"),"No aceptable","Aceptable") -> Aceptable | AV76: {=IF(OR(AE76:AU76="SI"),"Critico","No critico")} -> No critico
A77: =Inicial!#REF! -> #REF! | B77: =Inicial!#REF! -> #REF! | C77: =Inicial!#REF! -> #REF! | D77: =Inicial!#REF! -> #REF! | E77: =IF(Inicial!#REF!="SI",Inicial!#REF!,"N/A") -> #REF! | F77: =IF(Inicial!#REF!="SI",Inicial!#REF!,"N/A") -> #REF! | G77: =IF(Inicial!#REF!="SI",Inicial!#REF!,"N/A") -> #REF! | H77: =IF(Inicial!#REF!="SI",Inicial!#REF!,"N/A") -> #REF! | I77: =IF(Inicial!#REF!="SI",Inicial!#REF!,"N/A") -> #REF! | AD77: =IF(OR(J77="NO",K77="NO",L77="NO",M77="NO",N77="NO",O77="NO",P77="NO",R77="NO",S77="NO",T77="NO",U77="NO", V77="NO",W77="NO",Y77="NO",Z77="NO",AA77="NO",AB77="NO",AC77="NO"),"No aceptable","Aceptable") -> Aceptable | AV77: {=IF(OR(AE77:AU77="SI"),"Critico","No critico")} -> No critico
A78: =Inicial!#REF! -> #REF! | B78: =Inicial!#REF! -> #REF! | C78: =Inicial!#REF! -> #REF! | D78: =Inicial!#REF! -> #REF! | E78: =IF(Inicial!#REF!="SI",Inicial!#REF!,"N/A") -> #REF! | F78: =IF(Inicial!#REF!="SI",Inicial!#REF!,"N/A") -> #REF! | G78: =IF(Inicial!#REF!="SI",Inicial!#REF!,"N/A") -> #REF! | H78: =IF(Inicial!#REF!="SI",Inicial!#REF!,"N/A") -> #REF! | I78: =IF(Inicial!#REF!="SI",Inicial!#REF!,"N/A") -> #REF! | AD78: =IF(OR(J78="NO",K78="NO",L78="NO",M78="NO",N78="NO",O78="NO",P78="NO",R78="NO",S78="NO",T78="NO",U78="NO", V78="NO",W78="NO",Y78="NO",Z78="NO",AA78="NO",AB78="NO",AC78="NO"),"No aceptable","Aceptable") -> Aceptable | AV78: {=IF(OR(AE78:AU78="SI"),"Critico","No critico")} -> No critico
A79: =Inicial!A63 -> 61 | B79: =Inicial!B63 -> Procesos | C79: =Inicial!C63 -> Trozado L5 | D79: =Inicial!D63 -> Selección trutro ala | E79: =IF(Inicial!K63="SI",Inicial!E63,"N/A") -> N/A | F79: =IF(Inicial!K63="SI",Inicial!F63,"N/A") -> N/A | G79: =IF(Inicial!K63="SI",Inicial!G63,"N/A") -> N/A | H79: =IF(Inicial!K63="SI",Inicial!H63,"N/A") -> N/A | I79: =IF(Inicial!K63="SI",Inicial!I63,"N/A") -> N/A | AD79: =IF(OR(J79="NO",K79="NO",L79="NO",M79="NO",N79="NO",O79="NO",P79="NO",R79="NO",S79="NO",T79="NO",U79="NO", V79="NO",W79="NO",Y79="NO",Z79="NO",AA79="NO",AB79="NO",AC79="NO"),"No aceptable","Aceptable") -> Aceptable | AV79: {=IF(OR(AE79:AU79="SI"),"Critico","No critico")} -> No critico
A80: =Inicial!#REF! -> #REF! | B80: =Inicial!#REF! -> #REF! | C80: =Inicial!#REF! -> #REF! | D80: =Inicial!#REF! -> #REF! | E80: =IF(Inicial!#REF!="SI",Inicial!#REF!,"N/A") -> #REF! | F80: =IF(Inicial!#REF!="SI",Inicial!#REF!,"N/A") -> #REF! | G80: =IF(Inicial!#REF!="SI",Inicial!#REF!,"N/A") -> #REF! | H80: =IF(Inicial!#REF!="SI",Inicial!#REF!,"N/A") -> #REF! | I80: =IF(Inicial!#REF!="SI",Inicial!#REF!,"N/A") -> #REF! | AD80: =IF(OR(J80="NO",K80="NO",L80="NO",M80="NO",N80="NO",O80="NO",P80="NO",R80="NO",S80="NO",T80="NO",U80="NO", V80="NO",W80="NO",Y80="NO",Z80="NO",AA80="NO",AB80="NO",AC80="NO"),"No aceptable","Aceptable") -> Aceptable | AV80: {=IF(OR(AE80:AU80="SI"),"Critico","No critico")} -> No critico
A81: =Inicial!A64 -> 62 | B81: =Inicial!B64 -> Procesos | C81: =Inicial!C64 -> Trozado L5 | D81: =Inicial!D64 -> Mezclas | E81: =IF(Inicial!K64="SI",Inicial!E64,"N/A") -> N/A | F81: =IF(Inicial!K64="SI",Inicial!F64,"N/A") -> N/A | G81: =IF(Inicial!K64="SI",Inicial!G64,"N/A") -> N/A | H81: =IF(Inicial!K64="SI",Inicial!H64,"N/A") -> N/A | I81: =IF(Inicial!K64="SI",Inicial!I64,"N/A") -> N/A | AD81: =IF(OR(J81="NO",K81="NO",L81="NO",M81="NO",N81="NO",O81="NO",P81="NO",R81="NO",S81="NO",T81="NO",U81="NO", V81="NO",W81="NO",Y81="NO",Z81="NO",AA81="NO",AB81="NO",AC81="NO"),"No aceptable","Aceptable") -> Aceptable | AV81: {=IF(OR(AE81:AU81="SI"),"Critico","No critico")} -> No critico
A82: =Inicial!#REF! -> #REF! | B82: =Inicial!#REF! -> #REF! | C82: =Inicial!#REF! -> #REF! | D82: =Inicial!#REF! -> #REF! | E82: =IF(Inicial!#REF!="SI",Inicial!#REF!,"N/A") -> #REF! | F82: =IF(Inicial!#REF!="SI",Inicial!#REF!,"N/A") -> #REF! | G82: =IF(Inicial!#REF!="SI",Inicial!#REF!,"N/A") -> #REF! | H82: =IF(Inicial!#REF!="SI",Inicial!#REF!,"N/A") -> #REF! | I82: =IF(Inicial!#REF!="SI",Inicial!#REF!,"N/A") -> #REF! | AD82: =IF(OR(J82="NO",K82="NO",L82="NO",M82="NO",N82="NO",O82="NO",P82="NO",R82="NO",S82="NO",T82="NO",U82="NO", V82="NO",W82="NO",Y82="NO",Z82="NO",AA82="NO",AB82="NO",AC82="NO"),"No aceptable","Aceptable") -> Aceptable | AV82: {=IF(OR(AE82:AU82="SI"),"Critico","No critico")} -> No critico
A83: =Inicial!#REF! -> #REF! | B83: =Inicial!#REF! -> #REF! | C83: =Inicial!#REF! -> #REF! | D83: =Inicial!#REF! -> #REF! | E83: =IF(Inicial!#REF!="SI",Inicial!#REF!,"N/A") -> #REF! | F83: =IF(Inicial!#REF!="SI",Inicial!#REF!,"N/A") -> #REF! | G83: =IF(Inicial!#REF!="SI",Inicial!#REF!,"N/A") -> #REF! | H83: =IF(Inicial!#REF!="SI",Inicial!#REF!,"N/A") -> #REF! | I83: =IF(Inicial!#REF!="SI",Inicial!#REF!,"N/A") -> #REF! | AD83: =IF(OR(J83="NO",K83="NO",L83="NO",M83="NO",N83="NO",O83="NO",P83="NO",R83="NO",S83="NO",T83="NO",U83="NO", V83="NO",W83="NO",Y83="NO",Z83="NO",AA83="NO",AB83="NO",AC83="NO"),"No aceptable","Aceptable") -> Aceptable | AV83: {=IF(OR(AE83:AU83="SI"),"Critico","No critico")} -> No critico
A84: =Inicial!#REF! -> #REF! | B84: =Inicial!#REF! -> #REF! | C84: =Inicial!#REF! -> #REF! | D84: =Inicial!#REF! -> #REF! | E84: =IF(Inicial!#REF!="SI",Inicial!#REF!,"N/A") -> #REF! | F84: =IF(Inicial!#REF!="SI",Inicial!#REF!,"N/A") -> #REF! | G84: =IF(Inicial!#REF!="SI",Inicial!#REF!,"N/A") -> #REF! | H84: =IF(Inicial!#REF!="SI",Inicial!#REF!,"N/A") -> #REF! | I84: =IF(Inicial!#REF!="SI",Inicial!#REF!,"N/A") -> #REF! | AD84: =IF(OR(J84="NO",K84="NO",L84="NO",M84="NO",N84="NO",O84="NO",P84="NO",R84="NO",S84="NO",T84="NO",U84="NO", V84="NO",W84="NO",Y84="NO",Z84="NO",AA84="NO",AB84="NO",AC84="NO"),"No aceptable","Aceptable") -> Aceptable | AV84: {=IF(OR(AE84:AU84="SI"),"Critico","No critico")} -> No critico
A85: =Inicial!#REF! -> #REF! | B85: =Inicial!#REF! -> #REF! | C85: =Inicial!#REF! -> #REF! | D85: =Inicial!#REF! -> #REF! | E85: =IF(Inicial!#REF!="SI",Inicial!#REF!,"N/A") -> #REF! | F85: =IF(Inicial!#REF!="SI",Inicial!#REF!,"N/A") -> #REF! | G85: =IF(Inicial!#REF!="SI",Inicial!#REF!,"N/A") -> #REF! | H85: =IF(Inicial!#REF!="SI",Inicial!#REF!,"N/A") -> #REF! | I85: =IF(Inicial!#REF!="SI",Inicial!#REF!,"N/A") -> #REF! | AD85: =IF(OR(J85="NO",K85="NO",L85="NO",M85="NO",N85="NO",O85="NO",P85="NO",R85="NO",S85="NO",T85="NO",U85="NO", V85="NO",W85="NO",Y85="NO",Z85="NO",AA85="NO",AB85="NO",AC85="NO"),"No aceptable","Aceptable") -> Aceptable | AV85: {=IF(OR(AE85:AU85="SI"),"Critico","No critico")} -> No critico
A86: =Inicial!#REF! -> #REF! | B86: =Inicial!#REF! -> #REF! | C86: =Inicial!#REF! -> #REF! | D86: =Inicial!#REF! -> #REF! | E86: =IF(Inicial!#REF!="SI",Inicial!#REF!,"N/A") -> #REF! | F86: =IF(Inicial!#REF!="SI",Inicial!#REF!,"N/A") -> #REF! | G86: =IF(Inicial!#REF!="SI",Inicial!#REF!,"N/A") -> #REF! | H86: =IF(Inicial!#REF!="SI",Inicial!#REF!,"N/A") -> #REF! | I86: =IF(Inicial!#REF!="SI",Inicial!#REF!,"N/A") -> #REF! | AD86: =IF(OR(J86="NO",K86="NO",L86="NO",M86="NO",N86="NO",O86="NO",P86="NO",R86="NO",S86="NO",T86="NO",U86="NO", V86="NO",W86="NO",Y86="NO",Z86="NO",AA86="NO",AB86="NO",AC86="NO"),"No aceptable","Aceptable") -> Aceptable | AV86: {=IF(OR(AE86:AU86="SI"),"Critico","No critico")} -> No critico
A87: =Inicial!A65 -> 63 | B87: =Inicial!B65 -> Procesos | C87: =Inicial!C65 -> Paletizado Fresco | D87: =Inicial!D65 -> Embalaje de producto | E87: =IF(Inicial!K65="SI",Inicial!E65,"N/A") -> N/A | F87: =IF(Inicial!K65="SI",Inicial!F65,"N/A") -> N/A | G87: =IF(Inicial!K65="SI",Inicial!G65,"N/A") -> N/A | H87: =IF(Inicial!K65="SI",Inicial!H65,"N/A") -> N/A | I87: =IF(Inicial!K65="SI",Inicial!I65,"N/A") -> N/A | AD87: =IF(OR(J87="NO",K87="NO",L87="NO",M87="NO",N87="NO",O87="NO",P87="NO",R87="NO",S87="NO",T87="NO",U87="NO", V87="NO",W87="NO",Y87="NO",Z87="NO",AA87="NO",AB87="NO",AC87="NO"),"No aceptable","Aceptable") -> Aceptable | AV87: {=IF(OR(AE87:AU87="SI"),"Critico","No critico")} -> No critico
A88: =Inicial!A66 -> 64 | B88: =Inicial!B66 -> Procesos | C88: =Inicial!C66 -> Deshuesado Trutro | D88: =Inicial!D66 -> Despieladora | E88: =IF(Inicial!K66="SI",Inicial!E66,"N/A") -> N/A | F88: =IF(Inicial!K66="SI",Inicial!F66,"N/A") -> N/A | G88: =IF(Inicial!K66="SI",Inicial!G66,"N/A") -> N/A | H88: =IF(Inicial!K66="SI",Inicial!H66,"N/A") -> N/A | I88: =IF(Inicial!K66="SI",Inicial!I66,"N/A") -> N/A | AD88: =IF(OR(J88="NO",K88="NO",L88="NO",M88="NO",N88="NO",O88="NO",P88="NO",R88="NO",S88="NO",T88="NO",U88="NO", V88="NO",W88="NO",Y88="NO",Z88="NO",AA88="NO",AB88="NO",AC88="NO"),"No aceptable","Aceptable") -> Aceptable | AV88: {=IF(OR(AE88:AU88="SI"),"Critico","No critico")} -> No critico
A89: =Inicial!A67 -> 65 | B89: =Inicial!B67 -> Procesos | C89: =Inicial!C67 -> Deshuesado Trutro | D89: =Inicial!D67 -> Colgado Trutro | E89: =IF(Inicial!K67="SI",Inicial!E67,"N/A") -> 0 | F89: =IF(Inicial!K67="SI",Inicial!F67,"N/A") -> N/A | G89: =IF(Inicial!K67="SI",Inicial!G67,"N/A") -> 2 | H89: =IF(Inicial!K67="SI",Inicial!H67,"N/A") -> 0 | I89: =IF(Inicial!K67="SI",Inicial!I67,"N/A") -> 0 | J89: NO | K89: NO | L89: SI | M89: SI | N89: SI | O89: SI | P89: SI | Q89: Derecha | R89: SI | S89: SI | T89: SI | U89: SI | V89: SI | W89: SI | X89: Derecha | Y89: SI | Z89: NO | AA89: SI | AB89: SI | AC89: SI | AD89: =IF(OR(J89="NO",K89="NO",L89="NO",M89="NO",N89="NO",O89="NO",P89="NO",R89="NO",S89="NO",T89="NO",U89="NO", V89="NO",W89="NO",Y89="NO",Z89="NO",AA89="NO",AB89="NO",AC89="NO"),"No aceptable","Aceptable") -> No aceptable | AE89: NO | AF89: NO | AG89: NO | AH89: NO | AI89: NO | AJ89: NO | AK89: NO | AL89: NO | AM89: NO | AN89: NO | AO89: NO | AP89: NO | AQ89: NO | AR89: NO | AS89: NO | AT89: NO | AU89: NO | AV89: {=IF(OR(AE89:AU89="SI"),"Critico","No critico")} -> No critico
A90: =Inicial!A68 -> 66 | B90: =Inicial!B68 -> Procesos | C90: =Inicial!C68 -> Deshuesado Trutro | D90: =Inicial!D68 -> Prolijado | E90: =IF(Inicial!K68="SI",Inicial!E68,"N/A") -> N/A | F90: =IF(Inicial!K68="SI",Inicial!F68,"N/A") -> N/A | G90: =IF(Inicial!K68="SI",Inicial!G68,"N/A") -> N/A | H90: =IF(Inicial!K68="SI",Inicial!H68,"N/A") -> N/A | I90: =IF(Inicial!K68="SI",Inicial!I68,"N/A") -> N/A | AD90: =IF(OR(J90="NO",K90="NO",L90="NO",M90="NO",N90="NO",O90="NO",P90="NO",R90="NO",S90="NO",T90="NO",U90="NO", V90="NO",W90="NO",Y90="NO",Z90="NO",AA90="NO",AB90="NO",AC90="NO"),"No aceptable","Aceptable") -> Aceptable | AV90: {=IF(OR(AE90:AU90="SI"),"Critico","No critico")} -> No critico

Sheet MMC Levantamiento-Descenso
A1: Levantamiento y Descenso | F1: Horas extras | H1: N° Trabajadores Expuestos | J1: IDENTIFICACIÓN AVANZADA – Tarea(s) con MMC: Levantamiento, Descenso y Transporte de cargas de 3kg o más – Condición Aceptable AMBIENTE TRABAJO | M1: IDENTIFICACIÓN AVANZADA – Tarea(s) con MMC: Levantamiento, Descenso y Transporte de cargas de 3kg o más – Condición Aceptable CARACTERITICA DE LA CARGA | Q1: IDENTIFICACIÓN AVANZADA – Tarea(s) con MMC: Levantamiento, Descenso y Transporte de cargas de 3kg o más – Condición Aceptable PESO DE CARGA 3KG A 5 KG | U1: IDENTIFICACIÓN AVANZADA – Tarea(s) con MMC: Levantamiento, Descenso y Transporte de cargas de 3kg o más – Condición Aceptable PESO DE CARGA 5 KG A 10 KG | Y1: IDENTIFICACIÓN AVANZADA – Tarea(s) con MMC: Levantamiento, Descenso y Transporte de cargas de 3kg o más – Condición Aceptable SOBRE 10 KG | Z1: Transporte manual de carga. ¿El peso acumulado transportado* es menor a los valores recomendados? Distancia <= 10 metros | AC1: Transporte manual de carga. ¿El peso acumulado transportado* es menor a los valores recomendados? Distancia > = 10 metros | AF1: Ausencia de posturas inadecuadas durante el transporte de la carga | AG1: RESULTADO | AH1: IDENTIFICACIÓN AVANZADA – Tarea(s) con MMC: Levantamiento, Descenso y Transporte de cargas de 3kg o más – Condición Crítica AMBIENTE TRABAJO | AK1: IDENTIFICACIÓN AVANZADA – Tarea(s) con MMC: Levantamiento, Descenso y Transporte de cargas de 3kg o más – Condición Crítica CARACTERISTICA DE LA CARGA | AO1: IDENTIFICACIÓN AVANZADA – Tarea(s) con MMC: Levantamiento, Descenso y Transporte de cargas de 3kg o más – Condición Crítica HORAS DE TRABAJO | AP1: Presencia de tarea de levantamiento/descenso y transporte de carga con condiciones de diseño y frecuencia que exceden los valores máximos sugeridos | AW1: Condición crítica: presencia de tarea de levantamiento/descenso y transporte con peso de la carga que exceda los siguientes límites | BB1: Levantamiento / descenso y transporte manual de carga | BD1: RESULTADO | BE1: Plan de acción
A2: N° | B2: Área de trabajo | C2: Puesto de trabajo | D2: Tareas del puesto de trabajo | E2: Horario de funcionamiento | F2: Por dia | G2: Por Semana | H2: HOMBRE | I2: MUJER | J2: La temperatura en donde se realiza la tarea está entre los 18° y 26° (grados Celsius). | K2: El piso se encuentra en buenas condiciones (regular, seco y estable) | L2: El espacio de trabajo permite el normal movimiento de los trabajadores (sin generar posturas incómodas) durante el levantamiento/descenso y/o transporte | M2: El tamaño de la carga permite la visibilidad y movimientos normales del trabajador | N2: El centro de gravedad de la carga es estable | O2: La carga permite su agarre sin riesgo de cortes, compresión o quemaduras. | P2: La tarea de levantamiento/descenso o transporte de carga dura menos de 8 horas. | Q2: Se observa ausencia de asimetría (Ej: cuerpo rotado, torsión y/o inclinación de tronco) | R2: La carga es mantenida cerca del cuerpo | S2: El desplazamiento vertical de la carga se realiza entre las caderas y los hombros | T2: Frecuencia máxima de MMC: el levantamiento/descenso es menor a 5 veces por minuto | U2: Se observa ausencia de asimetría (Ej: cuerpo rotado, torsión y/o inclinación de tronco) | V2: La carga es mantenida cerca del cuerpo | W2: El desplazamiento vertical de la carga se realiza entre las caderas y los hombros | X2: Frecuencia máxima de MMC: el levantamiento/descenso es menor a 1 vez por minuto | Y2: Ausencia de cargas mayores a 10 kg | Z2: 8 hr = 10.000 kg | AA2: 1 hora = 1.500 kilos | AB2: 1 minuto = 30 kilos | AC2: 8 hr = 6.000 kg | AD2: 1 hora = 750 kilos | AE2: 1 minuto = 15 kilos | AG2: Condición Aceptable | AH2: Presencia de temperatura extrema (bajo 16° o superior a los 26° grados Celsius) y sin ropa adecuada que proteja de las temperaturas extremas | AI2: Presencia de suelo resbaladizo, irregular o inestable | AJ2: Presencia de espacio insuficiente para el levantamiento/descenso y transporte de carga que genera posturas incómodas o restricción en el movimiento. | AK2: El tamaño de la carga reduce la visión del trabajador y/o dificulta su movimiento | AL2: El centro de gravedad de la carga no es estable (ej.: líquidos, elementos que se mueven dentro de la carga) | AM2: La forma/configuración de la carga presenta bordes, superficies o protuberancias afiladas | AN2: Las superficies de contacto son demasiado frías o demasiado calientes | AO2: La tarea de levantamiento/descenso o transporte de carga dura más de 8 hrs. | AP2: Posición vertical La ubicación de las manos al inicio o final del levantamiento/descenso de una carga es superior a 155 cm o inferior a 20 cm | AQ2: Desplazamiento vertical La distancia vertical entre el origen y el destino del objeto manipulado es mayor a 135 cm | AR2: Distancia horizontal La distancia horizontal entre el cuerpo y las manos (nudillos) es superior a 55 cm correspondiente a la zona de alcance máximo de brazos | AS2: Asimetría Rotación o inclinación extrema del tronco sin movimientos de los pies | AT2: Frecuencia Corta duración: más de 15 levant./desc. por min, en una tarea que no supere los 60 min seguidos en el turno de trabajo y seguida de al menos 60 min de desc. o tarea liviana (que no implique MMC) | AU2: Frecuencia Media duración: + de 12 levant/desc por min, en una tarea que no supere los 120 min seguidos en el turno de trabajo y seguida de al menos 30 min de descanso o tarea liviana (que no implique MMC). | AV2: Frecuencia Larga duración: más de 8 levantamientos/descensos por minuto, en una tarea que supere los 120 minutos seguidos en el turno de trabajo | AW2: Hombres (18-45 años) 25KG | AX2: Mujeres (18-45 años) 20KG | AY2: Hombres (<18 o >45 años) 20KG | AZ2: Mujeres (<18 o >45 años) 15KG | BA2: Mujer embarazada 3KG | BB2: Distancia de transporte de 20 mt o más 6.000 kg en 8 hr | BC2: Distancia de transporte menos de 20 mt 10.000 kg en 8 hr | BD2: Condición Crítica | BE2: Fecha aplicación identificación avanzada | BF2: Medidas de control (administrativas) | BG2: Medidas de control (Ingeniería) | BH2: Responsable aplicación medida | BI2: Fecha de implementación medidas (Max 90 días) | BJ2: Evidencia
A3: =Inicial!A3 -> 1 | B3: =Inicial!B3 -> Procesos | C3: =Inicial!C3 -> Deshuesado de Pechugas | D3: =Inicial!D3 -> Postura de Pechuga | E3: =IF(Inicial!L3="SI",Inicial!E3,"N/A") -> N/A | F3: =IF(Inicial!L3="SI",Inicial!F3,"N/A") -> N/A | G3: =IF(Inicial!L3="SI",Inicial!G3,"N/A") -> N/A | H3: =IF(Inicial!L3="SI",Inicial!H3,"N/A") -> N/A | I3: =IF(Inicial!L3="SI",Inicial!I3,"N/A") -> N/A | AG3: {=IF(OR(M3:AF3="NO"),"No aceptable","Aceptable")} -> Aceptable | BD3: {=IF(OR(AK3:BC3="SI"),"Critico","No Critico")} -> No Critico
A4: =Inicial!A4 -> 2 | B4: =Inicial!B4 -> Procesos | C4: =Inicial!C4 -> Deshuesado de Pechugas | D4: =Inicial!D4 -> Bajado de Pechugas | E4: =IF(Inicial!L4="SI",Inicial!E4,"N/A") -> N/A | F4: =IF(Inicial!L4="SI",Inicial!F4,"N/A") -> N/A | G4: =IF(Inicial!L4="SI",Inicial!G4,"N/A") -> N/A | H4: =IF(Inicial!L4="SI",Inicial!H4,"N/A") -> N/A | I4: =IF(Inicial!L4="SI",Inicial!I4,"N/A") -> N/A | AG4: {=IF(OR(M4:AF4="NO"),"No aceptable","Aceptable")} -> Aceptable | BD4: {=IF(OR(AK4:BC4="SI"),"Critico","No Critico")} -> No Critico
A5: =Inicial!A5 -> 3 | B5: =Inicial!B5 -> Procesos | C5: =Inicial!C5 -> Deshuesado de Pechugas | D5: =Inicial!D5 -> Prolijado | E5: =IF(Inicial!L5="SI",Inicial!E5,"N/A") -> N/A | F5: =IF(Inicial!L5="SI",Inicial!F5,"N/A") -> N/A | G5: =IF(Inicial!L5="SI",Inicial!G5,"N/A") -> N/A | H5: =IF(Inicial!L5="SI",Inicial!H5,"N/A") -> N/A | I5: =IF(Inicial!L5="SI",Inicial!I5,"N/A") -> N/A | AG5: {=IF(OR(M5:AF5="NO"),"No aceptable","Aceptable")} -> Aceptable | BD5: {=IF(OR(AK5:BC5="SI"),"Critico","No Critico")} -> No Critico
A6: =Inicial!A6 -> 4 | B6: =Inicial!B6 -> Procesos | C6: =Inicial!C6 -> Deshuesado de Pechugas | D6: =Inicial!D6 -> Bajado de filete | E6: =IF(Inicial!L6="SI",Inicial!E6,"N/A") -> N/A | F6: =IF(Inicial!L6="SI",Inicial!F6,"N/A") -> N/A | G6: =IF(Inicial!L6="SI",Inicial!G6,"N/A") -> N/A | H6: =IF(Inicial!L6="SI",Inicial!H6,"N/A") -> N/A | I6: =IF(Inicial!L6="SI",Inicial!I6,"N/A") -> N/A | AG6: {=IF(OR(M6:AF6="NO"),"No aceptable","Aceptable")} -> Aceptable | BD6: {=IF(OR(AK6:BC6="SI"),"Critico","No Critico")} -> No Critico
A7: =Inicial!A7 -> 5 | B7: =Inicial!B7 -> Procesos | C7: =Inicial!C7 -> Deshuesado de Pechugas | D7: =Inicial!D7 -> Selección de filete | E7: =IF(Inicial!L7="SI",Inicial!E7,"N/A") -> N/A | F7: =IF(Inicial!L7="SI",Inicial!F7,"N/A") -> N/A | G7: =IF(Inicial!L7="SI",Inicial!G7,"N/A") -> N/A | H7: =IF(Inicial!L7="SI",Inicial!H7,"N/A") -> N/A | I7: =IF(Inicial!L7="SI",Inicial!I7,"N/A") -> N/A | AG7: {=IF(OR(M7:AF7="NO"),"No aceptable","Aceptable")} -> Aceptable | BD7: {=IF(OR(AK7:BC7="SI"),"Critico","No Critico")} -> No Critico
A8: =Inicial!A8 -> 6 | B8: =Inicial!B8 -> Procesos | C8: =Inicial!C8 -> Deshuesado de Pechugas | D8: =Inicial!D8 -> Filete | E8: =IF(Inicial!L8="SI",Inicial!E8,"N/A") -> N/A | F8: =IF(Inicial!L8="SI",Inicial!F8,"N/A") -> N/A | G8: =IF(Inicial!L8="SI",Inicial!G8,"N/A") -> N/A | H8: =IF(Inicial!L8="SI",Inicial!H8,"N/A") -> N/A | I8: =IF(Inicial!L8="SI",Inicial!I8,"N/A") -> N/A | AG8: {=IF(OR(M8:AF8="NO"),"No aceptable","Aceptable")} -> Aceptable | BD8: {=IF(OR(AK8:BC8="SI"),"Critico","No Critico")} -> No Critico
A9: =Inicial!A9 -> 7 | B9: =Inicial!B9 -> Procesos | C9: =Inicial!C9 -> Deshuesado de Pechugas | D9: =Inicial!D9 -> Tiritas | E9: =IF(Inicial!L9="SI",Inicial!E9,"N/A") -> N/A | F9: =IF(Inicial!L9="SI",Inicial!F9,"N/A") -> N/A | G9: =IF(Inicial!L9="SI",Inicial!G9,"N/A") -> N/A | H9: =IF(Inicial!L9="SI",Inicial!H9,"N/A") -> N/A | I9: =IF(Inicial!L9="SI",Inicial!I9,"N/A") -> N/A | AG9: {=IF(OR(M9:AF9="NO"),"No aceptable","Aceptable")} -> Aceptable | BD9: {=IF(OR(AK9:BC9="SI"),"Critico","No Critico")} -> No Critico
A10: =Inicial!A10 -> 8 | B10: =Inicial!B10 -> Procesos | C10: =Inicial!C10 -> Deshuesado de Pechugas | D10: =Inicial!D10 -> Piel | E10: =IF(Inicial!L10="SI",Inicial!E10,"N/A") -> N/A | F10: =IF(Inicial!L10="SI",Inicial!F10,"N/A") -> N/A | G10: =IF(Inicial!L10="SI",Inicial!G10,"N/A") -> N/A | H10: =IF(Inicial!L10="SI",Inicial!H10,"N/A") -> N/A | I10: =IF(Inicial!L10="SI",Inicial!I10,"N/A") -> N/A | AG10: {=IF(OR(M10:AF10="NO"),"No aceptable","Aceptable")} -> Aceptable | BD10: {=IF(OR(AK10:BC10="SI"),"Critico","No Critico")} -> No Critico
A11: =Inicial!A11 -> 9 | B11: =Inicial!B11 -> Procesos | C11: =Inicial!C11 -> Deshuesado de Pechugas | D11: =Inicial!D11 -> Recepcion de bins | E11: =IF(Inicial!L11="SI",Inicial!E11,"N/A") -> 07:05 - 15:05 - 15:05 - 00:05 | F11: =IF(Inicial!L11="SI",Inicial!F11,"N/A") -> N/A | G11: =IF(Inicial!L11="SI",Inicial!G11,"N/A") -> 2 | H11: =IF(Inicial!L11="SI",Inicial!H11,"N/A") -> 40 | I11: =IF(Inicial!L11="SI",Inicial!I11,"N/A") -> 20 | J11: NO | K11: SI | L11: SI | M11: SI | N11: SI | O11: SI | P11: SI | Q11: N/A | R11: N/A | S11: N/A | T11: N/A | U11: N/A | V11: N/A | W11: N/A | X11: N/A | Y11: NO | Z11: SI | AA11: SI | AB11: SI | AC11: NO | AD11: SI | AE11: SI | AF11: SI | AG11: {=IF(OR(M11:AF11="NO"),"No aceptable","Aceptable")} -> No aceptable | AH11: NO | AI11: NO | AJ11: NO | AK11: NO | AL11: NO | AM11: NO | AN11: NO | AO11: NO | AP11: NO | AQ11: SI | AR11: NO | AS11: NO | AT11: NO | AU11: N/A | AV11: NO | AW11: NO | AX11: NO | AY11: NO | AZ11: NO | BA11: NO | BB11: N/A | BC11: N/A | BD11: {=IF(OR(AK11:BC11="SI"),"Critico","No Critico")} -> Critico
A12: =Inicial!A12 -> 10 | B12: =Inicial!B12 -> Procesos | C12: =Inicial!C12 -> Deshuesado de Pechugas | D12: =Inicial!D12 -> Reproceso | E12: =IF(Inicial!L12="SI",Inicial!E12,"N/A") -> 07:05 - 15:05 - 15:05 - 00:05 | F12: =IF(Inicial!L12="SI",Inicial!F12,"N/A") -> N/A | G12: =IF(Inicial!L12="SI",Inicial!G12,"N/A") -> 2 | H12: =IF(Inicial!L12="SI",Inicial!H12,"N/A") -> 40 | I12: =IF(Inicial!L12="SI",Inicial!I12,"N/A") -> 20 | J12: NO | K12: SI | L12: SI | M12: SI | N12: SI | O12: SI | P12: SI | Q12: N/A | R12: N/A | S12: N/A | T12: N/A | U12: SI | V12: SI | W12: SI | X12: SI | Y12: NO | Z12: N/A | AA12: SI | AB12: NO | AC12: N/A | AD12: SI | AE12: SI | AF12: SI | AG12: {=IF(OR(M12:AF12="NO"),"No aceptable","Aceptable")} -> No aceptable | AH12: NO | AI12: NO | AJ12: NO | AK12: NO | AL12: NO | AM12: NO | AN12: NO | AO12: NO | AP12: NO | AQ12: NO | AR12: NO | AS12: NO | AT12: NO | AU12: NO | AV12: NO | AW12: NO | AX12: NO | AY12: NO | AZ12: NO | BA12: NO | BB12: NO | BC12: NO | BD12: {=IF(OR(AK12:BC12="SI"),"Critico","No Critico")} -> No Critico
A13: =Inicial!A13 -> 11 | B13: =Inicial!B13 -> Procesos | C13: =Inicial!C13 -> Deshuesado de Pechugas | D13: =Inicial!D13 -> Clavicula | E13: =IF(Inicial!L13="SI",Inicial!E13,"N/A") -> N/A | F13: =IF(Inicial!L13="SI",Inicial!F13,"N/A") -> N/A | G13: =IF(Inicial!L13="SI",Inicial!G13,"N/A") -> N/A | H13: =IF(Inicial!L13="SI",Inicial!H13,"N/A") -> N/A | I13: =IF(Inicial!L13="SI",Inicial!I13,"N/A") -> N/A | AG13: {=IF(OR(M13:AF13="NO"),"No aceptable","Aceptable")} -> Aceptable | BD13: {=IF(OR(AK13:BC13="SI"),"Critico","No Critico")} -> No Critico
A14: =Inicial!A14 -> 12 | B14: =Inicial!B14 -> Procesos | C14: =Inicial!C14 -> Deshuesado de Pechugas | D14: =Inicial!D14 -> Transpaletero | E14: =IF(Inicial!L14="SI",Inicial!E14,"N/A") -> N/A | F14: =IF(Inicial!L14="SI",Inicial!F14,"N/A") -> N/A | G14: =IF(Inicial!L14="SI",Inicial!G14,"N/A") -> N/A | H14: =IF(Inicial!L14="SI",Inicial!H14,"N/A") -> N/A | I14: =IF(Inicial!L14="SI",Inicial!I14,"N/A") -> N/A | AG14: {=IF(OR(M14:AF14="NO"),"No aceptable","Aceptable")} -> Aceptable | BD14: {=IF(OR(AK14:BC14="SI"),"Critico","No Critico")} -> No Critico
A15: =Inicial!A15 -> 13 | B15: =Inicial!B15 -> Procesos | C15: =Inicial!C15 -> Deshuesado de Pechugas | D15: =Inicial!D15 -> Maquinista | E15: =IF(Inicial!L15="SI",Inicial!E15,"N/A") -> N/A | F15: =IF(Inicial!L15="SI",Inicial!F15,"N/A") -> N/A | G15: =IF(Inicial!L15="SI",Inicial!G15,"N/A") -> N/A | H15: =IF(Inicial!L15="SI",Inicial!H15,"N/A") -> N/A | I15: =IF(Inicial!L15="SI",Inicial!I15,"N/A") -> N/A | AG15: {=IF(OR(M15:AF15="NO"),"No aceptable","Aceptable")} -> Aceptable | BD15: {=IF(OR(AK15:BC15="SI"),"Critico","No Critico")} -> No Critico
A16: =Inicial!A16 -> 14 | B16: =Inicial!B16 -> Procesos | C16: =Inicial!C16 -> Deshuesado de Pechugas | D16: =Inicial!D16 -> Laminado | E16: =IF(Inicial!L16="SI",Inicial!E16,"N/A") -> N/A | F16: =IF(Inicial!L16="SI",Inicial!F16,"N/A") -> N/A | G16: =IF(Inicial!L16="SI",Inicial!G16,"N/A") -> N/A | H16: =IF(Inicial!L16="SI",Inicial!H16,"N/A") -> N/A | I16: =IF(Inicial!L16="SI",Inicial!I16,"N/A") -> N/A | AG16: {=IF(OR(M16:AF16="NO"),"No aceptable","Aceptable")} -> Aceptable | BD16: {=IF(OR(AK16:BC16="SI"),"Critico","No Critico")} -> No Critico
A17: =Inicial!A17 -> 15 | B17: =Inicial!B17 -> Procesos | C17: =Inicial!C17 -> Deshuesado de Pechugas | D17: =Inicial!D17 -> Rectificador de cuchillos | E17: =IF(Inicial!L17="SI",Inicial!E17,"N/A") -> 07:05 - 15:05 - 15:05 - 00:05 | F17: =IF(Inicial!L17="SI",Inicial!F17,"N/A") -> N/A | G17: =IF(Inicial!L17="SI",Inicial!G17,"N/A") -> 2 | H17: =IF(Inicial!L17="SI",Inicial!H17,"N/A") -> 2 | I17: =IF(Inicial!L17="SI",Inicial!I17,"N/A") -> 0 | J17: NO | K17: SI | L17: SI | M17: SI | N17: SI | O17: SI | P17: SI | Q17: N/A | R17: N/A | S17: N/A | T17: N/A | U17: SI | V17: SI | W17: SI | X17: SI | Y17: SI | Z17: SI | AA17: SI | AB17: SI | AC17: SI | AD17: SI | AE17: SI | AF17: SI | AG17: {=IF(OR(M17:AF17="NO"),"No aceptable","Aceptable")} -> Aceptable | BD17: {=IF(OR(AK17:BC17="SI"),"Critico","No Critico")} -> No Critico
A18: =Inicial!A18 -> 16 | B18: =Inicial!B18 -> Procesos | C18: =Inicial!C18 -> Deshuesado de Pechugas | D18: =Inicial!D18 -> Jefe de Línea | E18: =IF(Inicial!L18="SI",Inicial!E18,"N/A") -> N/A | F18: =IF(Inicial!L18="SI",Inicial!F18,"N/A") -> N/A | G18: =IF(Inicial!L18="SI",Inicial!G18,"N/A") -> N/A | H18: =IF(Inicial!L18="SI",Inicial!H18,"N/A") -> N/A | I18: =IF(Inicial!L18="SI",Inicial!I18,"N/A") -> N/A | AG18: {=IF(OR(M18:AF18="NO"),"No aceptable","Aceptable")} -> Aceptable | BD18: {=IF(OR(AK18:BC18="SI"),"Critico","No Critico")} -> No Critico
A19: =Inicial!A19 -> 17 | B19: =Inicial!B19 -> Procesos | C19: =Inicial!C19 -> Deshuesado de Pechugas | D19: =Inicial!D19 -> Supervisor | E19: =IF(Inicial!L19="SI",Inicial!E19,"N/A") -> N/A | F19: =IF(Inicial!L19="SI",Inicial!F19,"N/A") -> N/A | G19: =IF(Inicial!L19="SI",Inicial!G19,"N/A") -> N/A | H19: =IF(Inicial!L19="SI",Inicial!H19,"N/A") -> N/A | I19: =IF(Inicial!L19="SI",Inicial!I19,"N/A") -> N/A | AG19: {=IF(OR(M19:AF19="NO"),"No aceptable","Aceptable")} -> Aceptable | BD19: {=IF(OR(AK19:BC19="SI"),"Critico","No Critico")} -> No Critico
A20: =Inicial!A20 -> 18 | B20: =Inicial!B20 -> Procesos | C20: =Inicial!C20 -> Envasado | D20: =Inicial!D20 -> Pesador de producto | E20: =IF(Inicial!L20="SI",Inicial!E20,"N/A") -> N/A | F20: =IF(Inicial!L20="SI",Inicial!F20,"N/A") -> N/A | G20: =IF(Inicial!L20="SI",Inicial!G20,"N/A") -> N/A | H20: =IF(Inicial!L20="SI",Inicial!H20,"N/A") -> N/A | I20: =IF(Inicial!L20="SI",Inicial!I20,"N/A") -> N/A | AG20: {=IF(OR(M20:AF20="NO"),"No aceptable","Aceptable")} -> Aceptable | BD20: {=IF(OR(AK20:BC20="SI"),"Critico","No Critico")} -> No Critico
A21: =Inicial!A21 -> 19 | B21: =Inicial!B21 -> Procesos | C21: =Inicial!C21 -> Envasado | D21: =Inicial!D21 -> Distribuidor de producto | E21: =IF(Inicial!L21="SI",Inicial!E21,"N/A") -> 07:20 - 15:30 / 15:30 - 01:05 | F21: =IF(Inicial!L21="SI",Inicial!F21,"N/A") -> N/A | G21: =IF(Inicial!L21="SI",Inicial!G21,"N/A") -> 2 | H21: =IF(Inicial!L21="SI",Inicial!H21,"N/A") -> 36 | I21: =IF(Inicial!L21="SI",Inicial!I21,"N/A") -> 0 | J21: NO | K21: SI | L21: SI | M21: SI | N21: SI | O21: SI | P21: SI | Q21: N/A | R21: N/A | S21: N/A | T21: N/A | U21: N/A | V21: N/A | W21: N/A | X21: N/A | Y21: NO | Z21: SI | AA21: SI | AB21: SI | AC21: SI | AD21: SI | AE21: SI | AF21: SI | AG21: {=IF(OR(M21:AF21="NO"),"No aceptable","Aceptable")} -> No aceptable | AH21: SI | AI21: NO | AJ21: NO | AK21: NO | AL21: NO | AM21: NO | AN21: NO | AO21: NO | AP21: NO | AQ21: NO | AR21: NO | AS21: NO | AT21: NO | AU21: NO | AV21: NO | AW21: NO | AX21: NO | AY21: NO | AZ21: NO | BA21: NO | BB21: NO | BC21: NO | BD21: {=IF(OR(AK21:BC21="SI"),"Critico","No Critico")} -> No Critico
A22: =Inicial!A22 -> 20 | B22: =Inicial!B22 -> Procesos | C22: =Inicial!C22 -> Envasado | D22: =Inicial!D22 -> Envasador trutro corto/largo | E22: =IF(Inicial!L22="SI",Inicial!E22,"N/A") -> N/A | F22: =IF(Inicial!L22="SI",Inicial!F22,"N/A") -> N/A | G22: =IF(Inicial!L22="SI",Inicial!G22,"N/A") -> N/A | H22: =IF(Inicial!L22="SI",Inicial!H22,"N/A") -> N/A | I22: =IF(Inicial!L22="SI",Inicial!I22,"N/A") -> N/A | AG22: {=IF(OR(M22:AF22="NO"),"No aceptable","Aceptable")} -> Aceptable | BD22: {=IF(OR(AK22:BC22="SI"),"Critico","No Critico")} -> No Critico
A23: =Inicial!A23 -> 21 | B23: =Inicial!B23 -> Procesos | C23: =Inicial!C23 -> Envasado | D23: =Inicial!D23 -> alimentador Envasado multicabezal | E23: =IF(Inicial!L23="SI",Inicial!E23,"N/A") -> N/A | F23: =IF(Inicial!L23="SI",Inicial!F23,"N/A") -> N/A | G23: =IF(Inicial!L23="SI",Inicial!G23,"N/A") -> N/A | H23: =IF(Inicial!L23="SI",Inicial!H23,"N/A") -> N/A | I23: =IF(Inicial!L23="SI",Inicial!I23,"N/A") -> N/A | AG23: {=IF(OR(M23:AF23="NO"),"No aceptable","Aceptable")} -> Aceptable | BD23: {=IF(OR(AK23:BC23="SI"),"Critico","No Critico")} -> No Critico
