Workbook

Sheet Portada
A1: 1. ANTECEDENTES DE LA EMPRESA | F1: N° de Puestos | G1: Evaluados | H1: Pendientes
A2: Razón Social | B2: FAENADORA SAN VICENTE LTDA | C2: RUT Empresa | D2: 78483600-2 | F2: =COUNTIF(Datos!B:B,"Despacho") -> 7 | G2: =COUNTIF(Datos!T:T,"SI") -> 5 | H2: =COUNTIF(Datos!T:T,"NO") -> 2
A3: Actividad Económica | B3: Explotación de mataderos de aves y de otros tipos de animales n.c.p. | C3: Código CIIU
A4: Dirección | B4: CARRETERA H 66 G KM 19,2 | C4: Comuna | D4: SAN VICENTE
A5: Nombre Representante Legal | B5: SANDRA CALDERON
A6: Organismo administrador al que está adherido | B6: INSTITUTO SALUD DEL TRABAJADOR | C6: Fecha inicio | D6: 45440
A7: 2.- CENTRO DE TRABAJO O LUGAR DE TRABAJO
A8: Nombre del centro de trabajo | B8: Despacho | C8: Nº de trabajadores centro de trabajo
A9: Dirección | B9: CARRETERA H 66 G KM 19,2 | C9: Hombres
A10: Comuna | B10: SAN VICENTE | C10: Mujeres | D10: 0
A11: 3.- RESPONSABLE IMPLEMENTACIÓN PROTOCOLO
A12: Nombre responsable | B12: CONSTANZA ANDREA MUÑOZ CARO | C12: Teléfono | D12: 722312747
A13: Cargo | B13: SUPERVISORA DE ACTIVIDADES ERGONOMICAS
A14: Correo electrónico | B14: CAMUNOZC@AGROSUPER.COM

Sheet Datos
B1: Área de trabajo | C1: Puesto de trabajo | D1: Tareas del puesto de trabajo | E1: Descripción de la tarea | F1: Horario de funcionamiento | G1: Horas extras POR DIA | H1: Horas extras POR SEMANA | I1: N° Trabajadores Expuestos HOMBRE | J1: N° Trabajadores Expuestos MUJER | K1: Tipo de contrato | L1: Tipo de remuneración | M1: Duración (min) | N1: Pausas de Trabajo | O1: Rotación de tarea | P1: Equipos y Herramienta | Q1: Características de los ambientes y espacios de trabajo (Espacios, barreras arquitectónicas, flujo de tránsito) | R1: Características y disposición espacial del puesto de trabajo (Ubicación de los elementos de trabajo, disposición física del espacio de trabajo) | S1: Características y herramientas utilizadas (Descripción de equipos, herramientas utilizadas, herramientas vibrantes, uso de EPP) | T1: Evaluacion SI/NO
A2: 1 | B2: Despacho | C2: Carton Frezzer | D2: Pinchador | E2: Colaborador arrastra cajas por mesa de polines, luego realiza pinchado de codigo para registro en PC | F2: 06:00 - 14:00 14:00 - 22:00 22:00 - 06:00 | G2: 0 | H2: 2 | I2: 6 | J2: 0 | K2: Indefinido | L2: Variable | M2: 90 min | N2: Preparatoria - Compensatoria | O2: SI | P2: Pistola y PC | Q2: Libre de transito, sin barreras arquitectonicas en su espacio de trabajo | R2: PC a la altura del torax con facil accesos a los elementos de oficina | S2: EEP tales como Zapatos de seguridad,fonos, guantes anticortes | T2: SI
A3: 2 | B3: Despacho | C3: Carton Frezzer | D3: Depaletizador | E3: Colaborador toma cajas desde pallet y las posiciona en linea para ser registradas | F3: 06:00 - 14:00 14:00 - 22:00 22:00 - 06:00 | G3: 0 | H3: 2 | I3: 24 | J3: 0 | K3: Indefinido | L3: Variable | M3: 90 min | N3: Preparatoria - Compensatoria | O3: SI | P3: Pistola y PC | Q3: Libre de transito, sin barreras arquitectonicas en su espacio de trabajo | R3: PC a la altura del torax con facil accesos a los elementos de oficina | S3: EEP tales como Zapatos de seguridad,fonos, guantes anticortes | T3: SI
A4: 3 | B4: Despacho | C4: Carton Frezzer | D4: Pinchador | E4: Colaborador toma cajas desde linea para posicionar en pallet armando pedidos. | F4: 06:00 - 14:00 14:00 - 22:00 22:00 - 06:00 | G4: 0 | H4: 2 | I4: 24 | J4: 0 | K4: Indefinido | L4: Variable | M4: 90 min | N4: Preparatoria - Compensatoria | O4: SI | P4: Pistola y PC | Q4: Libre de transito, sin barreras arquitectonicas en su espacio de trabajo | R4: PC a la altura del torax con facil accesos a los elementos de oficina | S4: EEP tales como Zapatos de seguridad,fonos, guantes anticortes | T4: SI
A5: 4 | B5: Despacho | C5: Despacho congelado | D5: Gruero | E5: Conduce grua BT bajando cargas en forma mecanica para trasladar a otro punto | F5: 06:00 - 14:00 14:00 - 22:00 22:00 - 06:00 | G5: 0 | H5: 2 | K5: Indefinido | L5: Variable | M5: 58 min | N5: Preparatorias | O5: Si | P5: Rollo de film , cuchillo | Q5: Sin barreras arquitectonicas | R5: Sin mesas de trabajo, no expuesto a radiacion UV | S5: EPP tales como Zapato de seguridad y chalecos reflectantes | T5: NO
A6: 5 | B6: Despacho | C6: Despacho congelado | D6: Transpaletero | E6: Maneja transpaleta para el transporte de producto de un lado a otro | F6: 06:00 - 14:00 14:00 - 22:00 22:00 - 06:00 | G6: 0 | H6: 2 | K6: Indefinido | L6: Variable | M6: 59 min | N6: Preparatorias | O6: Si | P6: Rollo de film , cuchillo | Q6: Sin barreras arquitectonicas | R6: Sin mesas de trabajo, no expuesto a radiacion UV | S6: EPP tales como Zapato de seguridad y chalecos reflectantes | T6: NO
A7: 6 | B7: Despacho | C7: Despacho congelado | D7: Postura de films | E7: Arma pallet con cajas según su pedido, pone films para fijar productos | F7: 06:00 - 14:00 14:00 - 22:00 22:00 - 06:00 | G7: 0 | H7: 2 | K7: Indefinido | L7: Variable | M7: 60 min | N7: Preparatorias | O7: Si | P7: Rollo de film cuchillo | Q7: Sin barreras arquitectonicas | R7: Sin mesas de trabajo, no expuesto a radiacion UV | S7: EPP tales como Zapato de seguridad y chalecos reflectantes | T7: SI
A8: 7 | B8: Despacho | C8: Despacho congelado | D8: Reprocesos de producto | E8: Desarman cajas de productos y echan los productos en bins para decomiso | F8: 06:00 - 14:00 14:00 - 22:00 22:00 - 06:00 | G8: 0 | H8: 2 | K8: Indefinido | L8: Variable | M8: 61 min | N8: Preparatorias | O8: SI | P8: Cuchillo ceramico | Q8: Sin barreras arquitectonicas | R8: Sin mesa de trabajo, directo a bins | S8: EPP tales como Zapato de seguridad y chalecos reflectantes | T8: SI
A9: 8
A10: 9
A11: 10
A12: 11
A13: 12
A14: 13
A15: 14
A16: 15
A17: 16
A18: 17
A19: 18
A20: 19
... A25: 24

Sheet Inicial
A1: N° | C1: Puesto de trabajo | D1: Tareas del puesto de trabajo | E1: Horario de funcionamiento | F1: Horas extras POR DIA | G1: Horas extras POR SEMANA | H1: N° Trabajadores Expuestos HOMBRE | I1: N° Trabajadores Expuestos MUJER | J1: Trabajo repetitivo de miembros superiores. | K1: Postura de trabajo estática - Forzada | L1: MMC Levantamiento/Descenso | M1: MMC Empuje/Arrastre | N1: Manejo manual de pacientes / personas | O1: Vibración de cuerpo completo | P1: Vibración segmento mano – brazo | Q1: Resultado identificación inicial
B2: Area | J2: ¿Existe una o más tareas donde utilice las manos y miembros superiores con una duración total de una hora o más durante la jornada laboral y con un tiempo total de 5 o más horas a la semana? Por ejemplo: Donde se tenga que armar, limpiar, apretar, lanzar, cortar, presionar, desarmar, atornillar, desatornillar, digitar. 1 tarea repetitiva: conjunto de ciclos de trabajo realizados por uno o más segmentos de las extremidades superiores, donde repetitividad se caracteriza por al menos uno de los siguientes criterios: i) El tiempo de ciclo es inferior a 30 segundos en promedio. ii) Los mismos patrones biomecánicos se repiten por más del 50% del ciclo. En general, el ritmo de trabajo está determinado por factor externo al trabajador, ejemplo, líneas de producción, velocidad de una máquina, entre otros | K2: Existen posturas de trabajo estáticas de cabeza/cuello, tronco y/o miembros superiores e inferiores, mantenidas durante más de 4 segundos, en la que se pueden dar ligeras variaciones alrededor de un mismo nivel de fuerza generado por los músculos y otras estructuras corporales? Por ejemplo: Donde se observe estar con la cabeza inclinada hacia adelante o atrás, cabeza rotada permanentemente hacia algún lado, hombros situados por delante de las caderas de manera continua, tronco rotado o inclinado para sostener o movilizar objetos | L2: Para el Levantamiento/Descenso/Transporte: ¿Existe levantamiento, descenso o transporte manual de un objeto de 3kg o más? Por ejemplo: Se observa que levanta, sostiene, transporta, desplaza, moviliza, ubica con precisión ordenando, apila, paletiza. | M2: Tracción/Empuje ¿Existe empuje o arrastre de una carga utilizando el cuerpo completo con 1 o 2 manos? Se observa el empuje y/o arrastre de diferentes maneras carros, plataformas con rueda, superficies deslizantes, detención de objetos en movimiento, camillas, camas, sillas de rueda, paletizadores, grúas de uso manual mecanizadas, formas de tracción y empuje hechizas, carretillas. No se considera empuje y arrastre carros motorizados y controlados manualmente (conducción) | N2: ¿Se realiza alguna actividad que requiere fuerza para empujar, tirar, levantar, descender, transferir o de alguna manera mover o sostener una persona o parte del cuerpo de una persona? *NOTA: La condición a identificar debe incluir la actividad de manipulación, ya sea que se realice con o sin dispositivos de asistencia. Esta condición está determinada por el riesgo asociado a las características de la carga humana que requiere control sensible de la masa corporal por parte del operador. | O2: Están los trabajadores en contacto con una fuente de vibración de cuerpo entero perceptible por el trabajador/a? Se presenta en cercanía de máquinas donde se percibe la vibración, superficies vibrantes donde se está de pie o sentado como en maquinaria pesada y de conducción. | P2: Están los trabajadores/as en contacto con una fuente de vibración perceptible por el trabajador del segmento mano-brazo? Por ejemplo: Se presenta en situaciones de manejo de herramientas neumáticas o eléctricas, atornilladores o destornilladores neumáticos o eléctricos, uso de herramientas con impacto como martillos, cinceles, herramientas percutoras como taladros
A3: =Datos!A2 -> 1 | B3: =Datos!B2 -> Despacho | C3: =Datos!C2 -> Carton Frezzer | D3: =Datos!D2 -> Pinchador | E3: =Datos!F2 -> 06:00 - 14:00 14:00 - 22:00 22:00 - 06:00 | F3: =Datos!G2 -> 0 | G3: =Datos!H2 -> 2 | H3: =Datos!I2 -> 6 | I3: =Datos!J2 -> 0 | J3: SI | K3: NO | L3: SI | M3: SI | N3: NO | O3: NO | P3: NO | Q3: =IF(AND(J3="NO",K3="NO",L3="NO",M3="NO",N3="NO",O3="NO",P3="NO"),"Ausencia total del riesgo, reevaluar cada 3 años con nueva identificación inicial","Aplicar identificación avanzada-condición aceptable para cada tipo de factor de riesgo identificado") -> Aplicar identificación avanzada-condición aceptable para cada tipo de factor de riesgo identificado
A4: =Datos!A3 -> 2 | B4: =Datos!B3 -> Despacho | C4: =Datos!C3 -> Carton Frezzer | D4: =Datos!D3 -> Depaletizador | E4: =Datos!F3 -> 06:00 - 14:00 14:00 - 22:00 22:00 - 06:00 | F4: =Datos!G3 -> 0 | G4: =Datos!H3 -> 2 | H4: =Datos!I3 -> 24 | I4: =Datos!J3 -> 0 | J4: SI | K4: NO | L4: SI | M4: SI | N4: NO | O4: NO | P4: NO | Q4: =IF(AND(J4="NO",K4="NO",L4="NO",M4="NO",N4="NO",O4="NO",P4="NO"),"Ausencia total del riesgo, reevaluar cada 3 años con nueva identificación inicial","Aplicar identificación avanzada-condición aceptable para cada tipo de factor de riesgo identificado") -> Aplicar identificación avanzada-condición aceptable para cada tipo de factor de riesgo identificado
A5: =Datos!A4 -> 3 | B5: =Datos!B4 -> Despacho | C5: =Datos!C4 -> Carton Frezzer | D5: =Datos!D4 -> Pinchador | E5: =Datos!F4 -> 06:00 - 14:00 14:00 - 22:00 22:00 - 06:00 | F5: =Datos!G4 -> 0 | G5: =Datos!H4 -> 2 | H5: =Datos!I4 -> 24 | I5: =Datos!J4 -> 0 | J5: SI | K5: NO | L5: SI | M5: SI | N5: NO | O5: NO | P5: NO | Q5: =IF(AND(J5="NO",K5="NO",L5="NO",M5="NO",N5="NO",O5="NO",P5="NO"),"Ausencia total del riesgo, reevaluar cada 3 años con nueva identificación inicial","Aplicar identificación avanzada-condición aceptable para cada tipo de factor de riesgo identificado") -> Aplicar identificación avanzada-condición aceptable para cada tipo de factor de riesgo identificado
A6: =Datos!A5 -> 4 | B6: =Datos!B5 -> Despacho | C6: =Datos!C5 -> Despacho congelado | D6: =Datos!D5 -> Gruero | E6: =Datos!F5 -> 06:00 - 14:00 14:00 - 22:00 22:00 - 06:00 | F6: =Datos!G5 -> 0 | G6: =Datos!H5 -> 2 | H6: =Datos!I5 -> 0 | I6: =Datos!J5 -> 0 | J6: NO | K6: NO | L6: NO | M6: NO | N6: NO | O6: NO | P6: NO | Q6: =IF(AND(J6="NO",K6="NO",L6="NO",M6="NO",N6="NO",O6="NO",P6="NO"),"Ausencia total del riesgo, reevaluar cada 3 años con nueva identificación inicial","Aplicar identificación avanzada-condición aceptable para cada tipo de factor de riesgo identificado") -> Ausencia total del riesgo, reevaluar cada 3 años con nueva identificación inicial
A7: =Datos!A6 -> 5 | B7: =Datos!B6 -> Despacho | C7: =Datos!C6 -> Despacho congelado | D7: =Datos!D6 -> Transpaletero | E7: =Datos!F6 -> 06:00 - 14:00 14:00 - 22:00 22:00 - 06:00 | F7: =Datos!G6 -> 0 | G7: =Datos!H6 -> 2 | H7: =Datos!I6 -> 0 | I7: =Datos!J6 -> 0 | J7: NO | K7: NO | L7: NO | M7: NO | N7: NO | O7: NO | P7: NO | Q7: =IF(AND(J7="NO",K7="NO",L7="NO",M7="NO",N7="NO",O7="NO",P7="NO"),"Ausencia total del riesgo, reevaluar cada 3 años con nueva identificación inicial","Aplicar identificación avanzada-condición aceptable para cada tipo de factor de riesgo identificado") -> Ausencia total del riesgo, reevaluar cada 3 años con nueva identificación inicial
A8: =Datos!A7 -> 6 | B8: =Datos!B7 -> Despacho | C8: =Datos!C7 -> Despacho congelado | D8: =Datos!D7 -> Postura de films | E8: =Datos!F7 -> 06:00 - 14:00 14:00 - 22:00 22:00 - 06:00 | F8: =Datos!G7 -> 0 | G8: =Datos!H7 -> 2 | H8: =Datos!I7 -> 0 | I8: =Datos!J7 -> 0 | J8: SI | K8: NO | L8: NO | M8: NO | N8: NO | O8: NO | P8: NO | Q8: =IF(AND(J8="NO",K8="NO",L8="NO",M8="NO",N8="NO",O8="NO",P8="NO"),"Ausencia total del riesgo, reevaluar cada 3 años con nueva identificación inicial","Aplicar identificación avanzada-condición aceptable para cada tipo de factor de riesgo identificado") -> Aplicar identificación avanzada-condición aceptable para cada tipo de factor de riesgo identificado
A9: =Datos!A8 -> 7 | B9: Despacho | C9: Despacho Congelado | D9: =Datos!D8 -> Reprocesos de producto | E9: =Datos!F8 -> 06:00 - 14:00 14:00 - 22:00 22:00 - 06:00 | F9: =Datos!G8 -> 0 | G9: =Datos!H8 -> 2 | H9: =Datos!I8 -> 0 | I9: =Datos!J8 -> 0 | J9: SI | K9: NO | L9: SI | M9: NO | N9: NO | O9: NO | P9: NO | Q9: =IF(AND(J9="NO",K9="NO",L9="NO",M9="NO",N9="NO",O9="NO",P9="NO"),"Ausencia total del riesgo, reevaluar cada 3 años con nueva identificación inicial","Aplicar identificación avanzada-condición aceptable para cada tipo de factor de riesgo identificado") -> Aplicar identificación avanzada-condición aceptable para cada tipo de factor de riesgo identificado

Sheet Mov. Rep.
A1: MOVIMIENTO REPETITIVO | F1: Horas extras | H1: N° Trabajadores Expuestos | J1: Tabla II. IDENTIFICACIÓN AVANZADA – Trabajo Repetitivo de Miembros Superiores– Condición Aceptable | Q1: Tabla VI. IDENTIFICACIÓN AVANZADA – Tarea(s) Repetitiva(s) de miembros superiores –– Condición Crítica | X1: Plan de acción
A2: N° | B2: Área de trabajo | C2: Puesto de trabajo | D2: Tareas del puesto de trabajo | E2: Horario de funcionamiento | F2: Por dia | G2: Por Semana | H2: HOMBRE | I2: MUJER | J2: ¿Los miembros superiores trabajan por menos del 50% de la duración total de la tarea repetitiva? | K2: ¿Los codos se mantienen por debajo del nivel de los hombros por al menos el 90% del total de la duración de la(s) tarea(s) repetitiva? | L2: ¿Existe esfuerzo moderado ejercido por el trabajador (Percepción de Esfuerzo máximo 4 según Escala de Borg CR-10) ejercidas por el trabajador por no más de 1 hora mientras dura la(s) tarea(s) repetitiva? | M2: Ausencias de esfuerzo máximo (esfuerzo percibido = 5 o más en la Escala de Borg CR-10) | N2: Presencia de pausas programadas (excluyendo la pausa para almuerzo) | O2: ¿La duración total de las tareas repetitivas no excede las 4 horas totales dentro de la jornada laboral? | P2: Condición Aceptable | Q2: ¿Las acciones técnicas del miembro superior son tan rápidas que no se pueden contar con una simple observación directa? | R2: Uno o ambos brazos están realizando la tarea con el codo sobre el nivel del hombro por el 50% o más, del tiempo total de trabajo repetitivo | S2: ¿Se utiliza agarre en “pinza" (o todo tipo de tomada usando las puntas de los dedos) por más del 80% de la duración total del trabajo repetitivo? | T2: ¿Se aplica fuerza máxima por el trabajador (esfuerzo percibido = 5 o más en la Escala de Borg CR-10) por 10% o más del tiempo total de la tarea repetitiva? | U2: ¿No hay más de una pausa (Incluyendo el almuerzo) en un turno de 8 horas? | V2: ¿La duración total de las tareas repetitivas excede 4 horas totales dentro de la jornada laboral? | W2: Condición Crítica | X2: Fecha aplicación identificación avanzada | Y2: Medidas de control (administrativas) | Z2: Medidas de control (Ingeniería) | AA2: Responsable aplicación medida | AB2: Fecha de implementación medidas (Max 90 días) | AC2: Evidencia
A3: =Inicial!A3 -> 1 | B3: =Inicial!B3 -> Despacho | C3: =Inicial!C3 -> Carton Frezzer | D3: =Inicial!D3 -> Pinchador | E3: =IF(Inicial!J3="SI",Inicial!E3,"N/A") -> 06:00 - 14:00 14:00 - 22:00 22:00 - 06:00 | F3: =IF(Inicial!J3="SI",Inicial!F3,"N/A") -> 0 | G3: =IF(Inicial!J3="SI",Inicial!G3,"N/A") -> 2 | H3: =IF(Inicial!J3="SI",Inicial!H3,"N/A") -> 6 | I3: =IF(Inicial!J3="SI",Inicial!I3,"N/A") -> 0 | J3: NO | K3: SI | L3: SI | M3: SI | N3: SI | O3: SI | P3: =IF(OR(J3="NO",K3="NO",L3="NO",M3="NO",N3="NO",O3="NO"),"No Aceptable","Aceptable") -> No Aceptable | Q3: NO | R3: NO | S3: NO | T3: NO | U3: NO | V3: NO | W3: =IF(AND(Q3="NO",R3="NO",S3="NO",T3="NO",U3="NO",V3="NO"),"No Critico","Critico") -> No Critico
A4: =Inicial!A4 -> 2 | B4: =Inicial!B4 -> Despacho | C4: =Inicial!C4 -> Carton Frezzer | D4: =Inicial!D4 -> Depaletizador | E4: =IF(Inicial!J4="SI",Inicial!E4,"N/A") -> 06:00 - 14:00 14:00 - 22:00 22:00 - 06:00 | F4: =IF(Inicial!J4="SI",Inicial!F4,"N/A") -> 0 | G4: =IF(Inicial!J4="SI",Inicial!G4,"N/A") -> 2 | H4: =IF(Inicial!J4="SI",Inicial!H4,"N/A") -> 24 | I4: =IF(Inicial!J4="SI",Inicial!I4,"N/A") -> 0 | J4: NO | K4: SI | L4: SI | M4: SI | N4: SI | O4: SI | P4: =IF(OR(J4="NO",K4="NO",L4="NO",M4="NO",N4="NO",O4="NO"),"No Aceptable","Aceptable") -> No Aceptable | Q4: NO | R4: NO | S4: NO | T4: NO | U4: NO | V4: NO | W4: =IF(AND(Q4="NO",R4="NO",S4="NO",T4="NO",U4="NO",V4="NO"),"No Critico","Critico") -> No Critico
A5: =Inicial!A5 -> 3 | B5: =Inicial!B5 -> Despacho | C5: =Inicial!C5 -> Carton Frezzer | D5: =Inicial!D5 -> Pinchador | E5: =IF(Inicial!J5="SI",Inicial!E5,"N/A") -> 06:00 - 14:00 14:00 - 22:00 22:00 - 06:00 | F5: =IF(Inicial!J5="SI",Inicial!F5,"N/A") -> 0 | G5: =IF(Inicial!J5="SI",Inicial!G5,"N/A") -> 2 | H5: =IF(Inicial!J5="SI",Inicial!H5,"N/A") -> 24 | I5: =IF(Inicial!J5="SI",Inicial!I5,"N/A") -> 0 | J5: NO | K5: SI | L5: SI | M5: SI | N5: SI | O5: SI | P5: =IF(OR(J5="NO",K5="NO",L5="NO",M5="NO",N5="NO",O5="NO"),"No Aceptable","Aceptable") -> No Aceptable | Q5: NO | R5: NO | S5: NO | T5: NO | U5: NO | V5: NO | W5: =IF(AND(Q5="NO",R5="NO",S5="NO",T5="NO",U5="NO",V5="NO"),"No Critico","Critico") -> No Critico
A6: =Inicial!A6 -> 4 | B6: =Inicial!B6 -> Despacho | C6: =Inicial!C6 -> Despacho congelado | D6: =Inicial!D6 -> Gruero | E6: =IF(Inicial!J6="SI",Inicial!E6,"N/A") -> N/A | F6: =IF(Inicial!J6="SI",Inicial!F6,"N/A") -> N/A | G6: =IF(Inicial!J6="SI",Inicial!G6,"N/A") -> N/A | H6: =IF(Inicial!J6="SI",Inicial!H6,"N/A") -> N/A | I6: =IF(Inicial!J6="SI",Inicial!I6,"N/A") -> N/A | P6: =IF(OR(J6="NO",K6="NO",L6="NO",M6="NO",N6="NO",O6="NO"),"No Aceptable","Aceptable") -> Aceptable | W6: =IF(AND(Q6="NO",R6="NO",S6="NO",T6="NO",U6="NO",V6="NO"),"No Critico","Critico") -> Critico
A7: =Inicial!A7 -> 5 | B7: =Inicial!B7 -> Despacho | C7: =Inicial!C7 -> Despacho congelado | D7: =Inicial!D7 -> Transpaletero | E7: =IF(Inicial!J7="SI",Inicial!E7,"N/A") -> N/A | F7: =IF(Inicial!J7="SI",Inicial!F7,"N/A") -> N/A | G7: =IF(Inicial!J7="SI",Inicial!G7,"N/A") -> N/A | H7: =IF(Inicial!J7="SI",Inicial!H7,"N/A") -> N/A | I7: =IF(Inicial!J7="SI",Inicial!I7,"N/A") -> N/A | P7: =IF(OR(J7="NO",K7="NO",L7="NO",M7="NO",N7="NO",O7="NO"),"No Aceptable","Aceptable") -> Aceptable | W7: =IF(AND(Q7="NO",R7="NO",S7="NO",T7="NO",U7="NO",V7="NO"),"No Critico","Critico") -> Critico
A8: =Inicial!A8 -> 6 | B8: =Inicial!B8 -> Despacho | C8: =Inicial!C8 -> Despacho congelado | D8: =Inicial!D8 -> Postura de films | E8: =IF(Inicial!J8="SI",Inicial!E8,"N/A") -> 06:00 - 14:00 14:00 - 22:00 22:00 - 06:00 | F8: =IF(Inicial!J8="SI",Inicial!F8,"N/A") -> 0 | G8: =IF(Inicial!J8="SI",Inicial!G8,"N/A") -> 2 | H8: =IF(Inicial!J8="SI",Inicial!H8,"N/A") -> 0 | I8: =IF(Inicial!J8="SI",Inicial!I8,"N/A") -> 0 | J8: SI | K8: SI | L8: SI | M8: SI | N8: SI | O8: SI | P8: =IF(OR(J8="NO",K8="NO",L8="NO",M8="NO",N8="NO",O8="NO"),"No Aceptable","Aceptable") -> Aceptable | W8: =IF(AND(Q8="NO",R8="NO",S8="NO",T8="NO",U8="NO",V8="NO"),"No Critico","Critico") -> Critico
A9: =Inicial!A9 -> 7 | B9: =Inicial!B9 -> Despacho | C9: =Inicial!C9 -> Despacho Congelado | D9: =Inicial!D9 -> Reprocesos de producto | E9: =IF(Inicial!J9="SI",Inicial!E9,"N/A") -> 06:00 - 14:00 14:00 - 22:00 22:00 - 06:00 | F9: =IF(Inicial!J9="SI",Inicial!F9,"N/A") -> 0 | G9: =IF(Inicial!J9="SI",Inicial!G9,"N/A") -> 2 | H9: =IF(Inicial!J9="SI",Inicial!H9,"N/A") -> 0 | I9: =IF(Inicial!J9="SI",Inicial!I9,"N/A") -> 0 | P9: =IF(OR(J9="NO",K9="NO",L9="NO",M9="NO",N9="NO",O9="NO"),"No Aceptable","Aceptable") -> Aceptable | W9: =IF(AND(Q9="NO",R9="NO",S9="NO",T9="NO",U9="NO",V9="NO"),"No Critico","Critico") -> Critico
A10: =Inicial!#REF! -> #REF! | B10: =Inicial!#REF! -> #REF! | C10: =Inicial!#REF! -> #REF! | D10: =Inicial!#REF! -> #REF! | E10: =IF(Inicial!#REF!="SI",Inicial!#REF!,"N/A") -> #REF! | F10: =IF(Inicial!#REF!="SI",Inicial!#REF!,"N/A") -> #REF! | G10: =IF(Inicial!#REF!="SI",Inicial!#REF!,"N/A") -> #REF! | H10: =IF(Inicial!#REF!="SI",Inicial!#REF!,"N/A") -> #REF! | I10: =IF(Inicial!#REF!="SI",Inicial!#REF!,"N/A") -> #REF! | P10: =IF(OR(J10="NO",K10="NO",L10="NO",M10="NO",N10="NO",O10="NO"),"No Aceptable","Aceptable") -> Aceptable | W10: =IF(AND(Q10="NO",R10="NO",S10="NO",T10="NO",U10="NO",V10="NO"),"No Critico","Critico") -> Critico
A11: =Inicial!#REF! -> #REF! | B11: =Inicial!#REF! -> #REF! | C11: =Inicial!#REF! -> #REF! | D11: =Inicial!#REF! -> #REF! | E11: =IF(Inicial!#REF!="SI",Inicial!#REF!,"N/A") -> #REF! | F11: =IF(Inicial!#REF!="SI",Inicial!#REF!,"N/A") -> #REF! | G11: =IF(Inicial!#REF!="SI",Inicial!#REF!,"N/A") -> #REF! | H11: =IF(Inicial!#REF!="SI",Inicial!#REF!,"N/A") -> #REF! | I11: =IF(Inicial!#REF!="SI",Inicial!#REF!,"N/A") -> #REF! | P11: =IF(OR(J11="NO",K11="NO",L11="NO",M11="NO",N11="NO",O11="NO"),"No Aceptable","Aceptable") -> Aceptable | W11: =IF(AND(Q11="NO",R11="NO",S11="NO",T11="NO",U11="NO",V11="NO"),"No Critico","Critico") -> Critico
A12: =Inicial!#REF! -> #REF! | B12: =Inicial!#REF! -> #REF! | C12: =Inicial!#REF! -> #REF! | D12: =Inicial!#REF! -> #REF! | E12: =IF(Inicial!#REF!="SI",Inicial!#REF!,"N/A") -> #REF! | F12: =IF(Inicial!#REF!="SI",Inicial!#REF!,"N/A") -> #REF! | G12: =IF(Inicial!#REF!="SI",Inicial!#REF!,"N/A") -> #REF! | H12: =IF(Inicial!#REF!="SI",Inicial!#REF!,"N/A") -> #REF! | I12: =IF(Inicial!#REF!="SI",Inicial!#REF!,"N/A") -> #REF! | P12: =IF(OR(J12="NO",K12="NO",L12="NO",M12="NO",N12="NO",O12="NO"),"No Aceptable","Aceptable") -> Aceptable | W12: =IF(AND(Q12="NO",R12="NO",S12="NO",T12="NO",U12="NO",V12="NO"),"No Critico","Critico") -> Critico
A13: =Inicial!#REF! -> #REF! | B13: =Inicial!#REF! -> #REF! | C13: =Inicial!#REF! -> #REF! | D13: =Inicial!#REF! -> #REF! | E13: =IF(Inicial!#REF!="SI",Inicial!#REF!,"N/A") -> #REF! | F13: =IF(Inicial!#REF!="SI",Inicial!#REF!,"N/A") -> #REF! | G13: =IF(Inicial!#REF!="SI",Inicial!#REF!,"N/A") -> #REF! | H13: =IF(Inicial!#REF!="SI",Inicial!#REF!,"N/A") -> #REF! | I13: =IF(Inicial!#REF!="SI",Inicial!#REF!,"N/A") -> #REF! | P13: =IF(OR(J13="NO",K13="NO",L13="NO",M13="NO",N13="NO",O13="NO"),"No Aceptable","Aceptable") -> Aceptable | W13: =IF(AND(Q13="NO",R13="NO",S13="NO",T13="NO",U13="NO",V13="NO"),"No Critico","Critico") -> Critico
A14: =Inicial!#REF! -> #REF! | B14: =Inicial!#REF! -> #REF! | C14: =Inicial!#REF! -> #REF! | D14: =Inicial!#REF! -> #REF! | E14: =IF(Inicial!#REF!="SI",Inicial!#REF!,"N/A") -> #REF! | F14: =IF(Inicial!#REF!="SI",Inicial!#REF!,"N/A") -> #REF! | G14: =IF(Inicial!#REF!="SI",Inicial!#REF!,"N/A") -> #REF! | H14: =IF(Inicial!#REF!="SI",Inicial!#REF!,"N/A") -> #REF! | I14: =IF(Inicial!#REF!="SI",Inicial!#REF!,"N/A") -> #REF! | P14: =IF(OR(J14="NO",K14="NO",L14="NO",M14="NO",N14="NO",O14="NO"),"No Aceptable","Aceptable") -> Aceptable | W14: =IF(AND(Q14="NO",R14="NO",S14="NO",T14="NO",U14="NO",V14="NO"),"No Critico","Critico") -> Critico
A15: =Inicial!#REF! -> #REF! | B15: =Inicial!#REF! -> #REF! | C15: =Inicial!#REF! -> #REF! | D15: =Inicial!#REF! -> #REF! | E15: =IF(Inicial!#REF!="SI",Inicial!#REF!,"N/A") -> #REF! | F15: =IF(Inicial!#REF!="SI",Inicial!#REF!,"N/A") -> #REF! | G15: =IF(Inicial!#REF!="SI",Inicial!#REF!,"N/A") -> #REF! | H15: =IF(Inicial!#REF!="SI",Inicial!#REF!,"N/A") -> #REF! | I15: =IF(Inicial!#REF!="SI",Inicial!#REF!,"N/A") -> #REF! | P15: =IF(OR(J15="NO",K15="NO",L15="NO",M15="NO",N15="NO",O15="NO"),"No Aceptable","Aceptable") -> Aceptable | W15: =IF(AND(Q15="NO",R15="NO",S15="NO",T15="NO",U15="NO",V15="NO"),"No Critico","Critico") -> Critico
A16: =Inicial!#REF! -> #REF! | B16: =Inicial!#REF! -> #REF! | C16: =Inicial!#REF! -> #REF! | D16: =Inicial!#REF! -> #REF! | E16: =IF(Inicial!#REF!="SI",Inicial!#REF!,"N/A") -> #REF! | F16: =IF(Inicial!#REF!="SI",Inicial!#REF!,"N/A") -> #REF! | G16: =IF(Inicial!#REF!="SI",Inicial!#REF!,"N/A") -> #REF! | H16: =IF(Inicial!#REF!="SI",Inicial!#REF!,"N/A") -> #REF! | I16: =IF(Inicial!#REF!="SI",Inicial!#REF!,"N/A") -> #REF! | P16: =IF(OR(J16="NO",K16="NO",L16="NO",M16="NO",N16="NO",O16="NO"),"No Aceptable","Aceptable") -> Aceptable | W16: =IF(AND(Q16="NO",R16="NO",S16="NO",T16="NO",U16="NO",V16="NO"),"No Critico","Critico") -> Critico
A17: =Inicial!#REF! -> #REF! | B17: =Inicial!#REF! -> #REF! | C17: =Inicial!#REF! -> #REF! | D17: =Inicial!#REF! -> #REF! | E17: =IF(Inicial!#REF!="SI",Inicial!#REF!,"N/A") -> #REF! | F17: =IF(Inicial!#REF!="SI",Inicial!#REF!,"N/A") -> #REF! | G17: =IF(Inicial!#REF!="SI",Inicial!#REF!,"N/A") -> #REF! | H17: =IF(Inicial!#REF!="SI",Inicial!#REF!,"N/A") -> #REF! | I17: =IF(Inicial!#REF!="SI",Inicial!#REF!,"N/A") -> #REF! | P17: =IF(OR(J17="NO",K17="NO",L17="NO",M17="NO",N17="NO",O17="NO"),"No Aceptable","Aceptable") -> Aceptable | W17: =IF(AND(Q17="NO",R17="NO",S17="NO",T17="NO",U17="NO",V17="NO"),"No Critico","Critico") -> Critico
A18: =Inicial!#REF! -> #REF! | B18: =Inicial!#REF! -> #REF! | C18: =Inicial!#REF! -> #REF! | D18: =Inicial!#REF! -> #REF! | E18: =IF(Inicial!#REF!="SI",Inicial!#REF!,"N/A") -> #REF! | F18: =IF(Inicial!#REF!="SI",Inicial!#REF!,"N/A") -> #REF! | G18: =IF(Inicial!#REF!="SI",Inicial!#REF!,"N/A") -> #REF! | H18: =IF(Inicial!#REF!="SI",Inicial!#REF!,"N/A") -> #REF! | I18: =IF(Inicial!#REF!="SI",Inicial!#REF!,"N/A") -> #REF! | P18: =IF(OR(J18="NO",K18="NO",L18="NO",M18="NO",N18="NO",O18="NO"),"No Aceptable","Aceptable") -> Aceptable | W18: =IF(AND(Q18="NO",R18="NO",S18="NO",T18="NO",U18="NO",V18="NO"),"No Critico","Critico") -> Critico
A19: =Inicial!#REF! -> #REF! | B19: =Inicial!#REF! -> #REF! | C19: =Inicial!#REF! -> #REF! | D19: =Inicial!#REF! -> #REF! | E19: =IF(Inicial!#REF!="SI",Inicial!#REF!,"N/A") -> #REF! | F19: =IF(Inicial!#REF!="SI",Inicial!#REF!,"N/A") -> #REF! | G19: =IF(Inicial!#REF!="SI",Inicial!#REF!,"N/A") -> #REF! | H19: =IF(Inicial!#REF!="SI",Inicial!#REF!,"N/A") -> #REF! | I19: =IF(Inicial!#REF!="SI",Inicial!#REF!,"N/A") -> #REF! | P19: =IF(OR(J19="NO",K19="NO",L19="NO",M19="NO",N19="NO",O19="NO"),"No Aceptable","Aceptable") -> Aceptable | W19: =IF(AND(Q19="NO",R19="NO",S19="NO",T19="NO",U19="NO",V19="NO"),"No Critico","Critico") -> Critico
A20: =Inicial!#REF! -> #REF! | B20: =Inicial!#REF! -> #REF! | C20: =Inicial!#REF! -> #REF! | D20: =Inicial!#REF! -> #REF! | E20: =IF(Inicial!#REF!="SI",Inicial!#REF!,"N/A") -> #REF! | F20: =IF(Inicial!#REF!="SI",Inicial!#REF!,"N/A") -> #REF! | G20: =IF(Inicial!#REF!="SI",Inicial!#REF!,"N/A") -> #REF! | H20: =IF(Inicial!#REF!="SI",Inicial!#REF!,"N/A") -> #REF! | I20: =IF(Inicial!#REF!="SI",Inicial!#REF!,"N/A") -> #REF! | P20: =IF(OR(J20="NO",K20="NO",L20="NO",M20="NO",N20="NO",O20="NO"),"No Aceptable","Aceptable") -> Aceptable | W20: =IF(AND(Q20="NO",R20="NO",S20="NO",T20="NO",U20="NO",V20="NO"),"No Critico","Critico") -> Critico
A21: =Inicial!#REF! -> #REF! | B21: =Inicial!#REF! -> #REF! | C21: =Inicial!#REF! -> #REF! | D21: =Inicial!#REF! -> #REF! | E21: =IF(Inicial!#REF!="SI",Inicial!#REF!,"N/A") -> #REF! | F21: =IF(Inicial!#REF!="SI",Inicial!#REF!,"N/A") -> #REF! | G21: =IF(Inicial!#REF!="SI",Inicial!#REF!,"N/A") -> #REF! | H21: =IF(Inicial!#REF!="SI",Inicial!#REF!,"N/A") -> #REF! | I21: =IF(Inicial!#REF!="SI",Inicial!#REF!,"N/A") -> #REF! | P21: =IF(OR(J21="NO",K21="NO",L21="NO",M21="NO",N21="NO",O21="NO"),"No Aceptable","Aceptable") -> Aceptable | W21: =IF(AND(Q21="NO",R21="NO",S21="NO",T21="NO",U21="NO",V21="NO"),"No Critico","Critico") -> Critico
... A47: =Inicial!#REF! -> #REF! | B47: =Inicial!#REF! -> #REF! | C47: =Inicial!#REF! -> #REF! | D47: =Inicial!#REF! -> #REF! | E47: =IF(Inicial!#REF!="SI",Inicial!#REF!,"N/A") -> #REF! | F47: =IF(Inicial!#REF!="SI",Inicial!#REF!,"N/A") -> #REF! | G47: =IF(Inicial!#REF!="SI",Inicial!#REF!,"N/A") -> #REF! | H47: =IF(Inicial!#REF!="SI",Inicial!#REF!,"N/A") -> #REF! | I47: =IF(Inicial!#REF!="SI",Inicial!#REF!,"N/A") -> #REF! | P47: =IF(OR(J47="NO",K47="NO",L47="NO",M47="NO",N47="NO",O47="NO"),"No Aceptable","Aceptable") -> Aceptable | W47: =IF(AND(Q47="NO",R47="NO",S47="NO",T47="NO",U47="NO",V47="NO"),"No Critico","Critico") -> Critico
A48: =Inicial!A10 -> 0 | B48: =Inicial!B10 -> 0 | C48: =Inicial!C10 -> 0 | D48: =Inicial!D10 -> 0 | E48: =IF(Inicial!J10="SI",Inicial!E10,"N/A") -> N/A | F48: =IF(Inicial!J10="SI",Inicial!F10,"N/A") -> N/A | G48: =IF(Inicial!J10="SI",Inicial!G10,"N/A") -> N/A | H48: =IF(Inicial!J10="SI",Inicial!H10,"N/A") -> N/A | I48: =IF(Inicial!J10="SI",Inicial!I10,"N/A") -> N/A | P48: =IF(OR(J48="NO",K48="NO",L48="NO",M48="NO",N48="NO",O48="NO"),"No Aceptable","Aceptable") -> Aceptable | W48: =IF(AND(Q48="NO",R48="NO",S48="NO",T48="NO",U48="NO",V48="NO"),"No Critico","Critico") -> Critico
A49: =Inicial!A11 -> 0 | B49: =Inicial!B11 -> 0 | C49: =Inicial!C11 -> 0 | D49: =Inicial!D11 -> 0 | E49: =IF(Inicial!J11="SI",Inicial!E11,"N/A") -> N/A | F49: =IF(Inicial!J11="SI",Inicial!F11,"N/A") -> N/A | G49: =IF(Inicial!J11="SI",Inicial!G11,"N/A") -> N/A | H49: =IF(Inicial!J11="SI",Inicial!H11,"N/A") -> N/A | I49: =IF(Inicial!J11="SI",Inicial!I11,"N/A") -> N/A | P49: =IF(OR(J49="NO",K49="NO",L49="NO",M49="NO",N49="NO",O49="NO"),"No Aceptable","Aceptable") -> Aceptable | W49: =IF(AND(Q49="NO",R49="NO",S49="NO",T49="NO",U49="NO",V49="NO"),"No Critico","Critico") -> Critico
A50: =Inicial!A12 -> 0 | B50: =Inicial!B12 -> 0 | C50: =Inicial!C12 -> 0 | D50: =Inicial!D12 -> 0 | E50: =IF(Inicial!J12="SI",Inicial!E12,"N/A") -> N/A | F50: =IF(Inicial!J12="SI",Inicial!F12,"N/A") -> N/A | G50: =IF(Inicial!J12="SI",Inicial!G12,"N/A") -> N/A | H50: =IF(Inicial!J12="SI",Inicial!H12,"N/A") -> N/A | I50: =IF(Inicial!J12="SI",Inicial!I12,"N/A") -> N/A | P50: =IF(OR(J50="NO",K50="NO",L50="NO",M50="NO",N50="NO",O50="NO"),"No Aceptable","Aceptable") -> Aceptable | W50: =IF(AND(Q50="NO",R50="NO",S50="NO",T50="NO",U50="NO",V50="NO"),"No Critico","Critico") -> Critico
A51: =Inicial!A13 -> 0 | B51: =Inicial!B13 -> 0 | C51: =Inicial!C13 -> 0 | D51: =Inicial!D13 -> 0 | E51: =IF(Inicial!J13="SI",Inicial!E13,"N/A") -> N/A | F51: =IF(Inicial!J13="SI",Inicial!F13,"N/A") -> N/A | G51: =IF(Inicial!J13="SI",Inicial!G13,"N/A") -> N/A | H51: =IF(Inicial!J13="SI",Inicial!H13,"N/A") -> N/A | I51: =IF(Inicial!J13="SI",Inicial!I13,"N/A") -> N/A | P51: =IF(OR(J51="NO",K51="NO",L51="NO",M51="NO",N51="NO",O51="NO"),"No Aceptable","Aceptable") -> Aceptable | W51: =IF(AND(Q51="NO",R51="NO",S51="NO",T51="NO",U51="NO",V51="NO"),"No Critico","Critico") -> Critico
A52: =Inicial!A14 -> 0 | B52: =Inicial!B14 -> 0 | C52: =Inicial!C14 -> 0 | D52: =Inicial!D14 -> 0 | E52: =IF(Inicial!J14="SI",Inicial!E14,"N/A") -> N/A | F52: =IF(Inicial!J14="SI",Inicial!F14,"N/A") -> N/A | G52: =IF(Inicial!J14="SI",Inicial!G14,"N/A") -> N/A | H52: =IF(Inicial!J14="SI",Inicial!H14,"N/A") -> N/A | I52: =IF(Inicial!J14="SI",Inicial!I14,"N/A") -> N/A | P52: =IF(OR(J52="NO",K52="NO",L52="NO",M52="NO",N52="NO",O52="NO"),"No Aceptable","Aceptable") -> Aceptable | W52: =IF(AND(Q52="NO",R52="NO",S52="NO",T52="NO",U52="NO",V52="NO"),"No Critico","Critico") -> Critico
A53: =Inicial!A15 -> 0 | B53: =Inicial!B15 -> 0 | C53: =Inicial!C15 -> 0 | D53: =Inicial!D15 -> 0 | E53: =IF(Inicial!J15="SI",Inicial!E15,"N/A") -> N/A | F53: =IF(Inicial!J15="SI",Inicial!F15,"N/A") -> N/A | G53: =IF(Inicial!J15="SI",Inicial!G15,"N/A") -> N/A | H53: =IF(Inicial!J15="SI",Inicial!H15,"N/A") -> N/A | I53: =IF(Inicial!J15="SI",Inicial!I15,"N/A") -> N/A | P53: =IF(OR(J53="NO",K53="NO",L53="NO",M53="NO",N53="NO",O53="NO"),"No Aceptable","Aceptable") -> Aceptable | W53: =IF(AND(Q53="NO",R53="NO",S53="NO",T53="NO",U53="NO",V53="NO"),"No Critico","Critico") -> Critico
A54: =Inicial!A16 -> 0 | B54: =Inicial!B16 -> 0 | C54: =Inicial!C16 -> 0 | D54: =Inicial!D16 -> 0 | E54: =IF(Inicial!J16="SI",Inicial!E16,"N/A") -> N/A | F54: =IF(Inicial!J16="SI",Inicial!F16,"N/A") -> N/A | G54: =IF(Inicial!J16="SI",Inicial!G16,"N/A") -> N/A | H54: =IF(Inicial!J16="SI",Inicial!H16,"N/A") -> N/A | I54: =IF(Inicial!J16="SI",Inicial!I16,"N/A") -> N/A | P54: =IF(OR(J54="NO",K54="NO",L54="NO",M54="NO",N54="NO",O54="NO"),"No Aceptable","Aceptable") -> Aceptable | W54: =IF(AND(Q54="NO",R54="NO",S54="NO",T54="NO",U54="NO",V54="NO"),"No Critico","Critico") -> Critico
A55: =Inicial!A17 -> 0 | B55: =Inicial!B17 -> 0 | C55: =Inicial!C17 -> 0 | D55: =Inicial!D17 -> 0 | E55: =IF(Inicial!J17="SI",Inicial!E17,"N/A") -> N/A | F55: =IF(Inicial!J17="SI",Inicial!F17,"N/A") -> N/A | G55: =IF(Inicial!J17="SI",Inicial!G17,"N/A") -> N/A | H55: =IF(Inicial!J17="SI",Inicial!H17,"N/A") -> N/A | I55: =IF(Inicial!J17="SI",Inicial!I17,"N/A") -> N/A | P55: =IF(OR(J55="NO",K55="NO",L55="NO",M55="NO",N55="NO",O55="NO"),"No Aceptable","Aceptable") -> Aceptable | W55: =IF(AND(Q55="NO",R55="NO",S55="NO",T55="NO",U55="NO",V55="NO"),"No Critico","Critico") -> Critico
A56: =Inicial!A18 -> 0 | B56: =Inicial!B18 -> 0 | C56: =Inicial!C18 -> 0 | D56: =Inicial!D18 -> 0 | E56: =IF(Inicial!J18="SI",Inicial!E18,"N/A") -> N/A | F56: =IF(Inicial!J18="SI",Inicial!F18,"N/A") -> N/A | G56: =IF(Inicial!J18="SI",Inicial!G18,"N/A") -> N/A | H56: =IF(Inicial!J18="SI",Inicial!H18,"N/A") -> N/A | I56: =IF(Inicial!J18="SI",Inicial!I18,"N/A") -> N/A | P56: =IF(OR(J56="NO",K56="NO",L56="NO",M56="NO",N56="NO",O56="NO"),"No Aceptable","Aceptable") -> Aceptable | W56: =IF(AND(Q56="NO",R56="NO",S56="NO",T56="NO",U56="NO",V56="NO"),"No Critico","Critico") -> Critico
A57: =Inicial!A19 -> 0 | B57: =Inicial!B19 -> 0 | C57: =Inicial!C19 -> 0 | D57: =Inicial!D19 -> 0 | E57: =IF(Inicial!J19="SI",Inicial!E19,"N/A") -> N/A | F57: =IF(Inicial!J19="SI",Inicial!F19,"N/A") -> N/A | G57: =IF(Inicial!J19="SI",Inicial!G19,"N/A") -> N/A | H57: =IF(Inicial!J19="SI",Inicial!H19,"N/A") -> N/A | I57: =IF(Inicial!J19="SI",Inicial!I19,"N/A") -> N/A | P57: =IF(OR(J57="NO",K57="NO",L57="NO",M57="NO",N57="NO",O57="NO"),"No Aceptable","Aceptable") -> Aceptable | W57: =IF(AND(Q57="NO",R57="NO",S57="NO",T57="NO",U57="NO",V57="NO"),"No Critico","Critico") -> Critico
A58: =Inicial!A20 -> 0 | B58: =Inicial!B20 -> 0 | C58: =Inicial!C20 -> 0 | D58: =Inicial!D20 -> 0 | E58: =IF(Inicial!J20="SI",Inicial!E20,"N/A") -> N/A | F58: =IF(Inicial!J20="SI",Inicial!F20,"N/A") -> N/A | G58: =IF(Inicial!J20="SI",Inicial!G20,"N/A") -> N/A | H58: =IF(Inicial!J20="SI",Inicial!H20,"N/A") -> N/A | I58: =IF(Inicial!J20="SI",Inicial!I20,"N/A") -> N/A | P58: =IF(OR(J58="NO",K58="NO",L58="NO",M58="NO",N58="NO",O58="NO"),"No Aceptable","Aceptable") -> Aceptable | W58: =IF(AND(Q58="NO",R58="NO",S58="NO",T58="NO",U58="NO",V58="NO"),"No Critico","Critico") -> Critico
A59: =Inicial!A21 -> 0 | B59: =Inicial!B21 -> 0 | C59: =Inicial!C21 -> 0 | D59: =Inicial!D21 -> 0 | E59: =IF(Inicial!J21="SI",Inicial!E21,"N/A") -> N/A | F59: =IF(Inicial!J21="SI",Inicial!F21,"N/A") -> N/A | G59: =IF(Inicial!J21="SI",Inicial!G21,"N/A") -> N/A | H59: =IF(Inicial!J21="SI",Inicial!H21,"N/A") -> N/A | I59: =IF(Inicial!J21="SI",Inicial!I21,"N/A") -> N/A | P59: =IF(OR(J59="NO",K59="NO",L59="NO",M59="NO",N59="NO",O59="NO"),"No Aceptable","Aceptable") -> Aceptable | W59: =IF(AND(Q59="NO",R59="NO",S59="NO",T59="NO",U59="NO",V59="NO"),"No Critico","Critico") -> Critico
... A219: =Inicial!A181 -> 0 | B219: =Inicial!B181 -> 0 | C219: =Inicial!C181 -> 0 | D219: =Inicial!D181 -> 0 | E219: =IF(Inicial!J181="SI",Inicial!E181,"N/A") -> N/A | F219: =IF(Inicial!J181="SI",Inicial!F181,"N/A") -> N/A | G219: =IF(Inicial!J181="SI",Inicial!G181,"N/A") -> N/A | H219: =IF(Inicial!J181="SI",Inicial!H181,"N/A") -> N/A | I219: =IF(Inicial!J181="SI",Inicial!I181,"N/A") -> N/A | P219: =IF(OR(J219="NO",K219="NO",L219="NO",M219="NO",N219="NO",O219="NO"),"No Aceptable","Aceptable") -> Aceptable | W219: =IF(AND(Q219="NO",R219="NO",S219="NO",T219="NO",U219="NO",V219="NO"),"No Critico","Critico") -> Critico
A220: =Inicial!A182 -> 0 | P220: =IF(OR(J220="NO",K220="NO",L220="NO",M220="NO",N220="NO",O220="NO"),"No Aceptable","Aceptable") -> Aceptable | W220: =IF(AND(Q220="NO",R220="NO",S220="NO",T220="NO",U220="NO",V220="NO"),"No Critico","Critico") -> Critico
A221: =Inicial!A183 -> 0 | P221: =IF(OR(J221="NO",K221="NO",L221="NO",M221="NO",N221="NO",O221="NO"),"No Aceptable","Aceptable") -> Aceptable | W221: =IF(AND(Q221="NO",R221="NO",S221="NO",T221="NO",U221="NO",V221="NO"),"No Critico","Critico") -> Critico
A222: =Inicial!A184 -> 0 | P222: =IF(OR(J222="NO",K222="NO",L222="NO",M222="NO",N222="NO",O222="NO"),"No Aceptable","Aceptable") -> Aceptable | W222: =IF(AND(Q222="NO",R222="NO",S222="NO",T222="NO",U222="NO",V222="NO"),"No Critico","Critico") -> Critico
A223: =Inicial!A185 -> 0 | P223: =IF(OR(J223="NO",K223="NO",L223="NO",M223="NO",N223="NO",O223="NO"),"No Aceptable","Aceptable") -> Aceptable | W223: =IF(AND(Q223="NO",R223="NO",S223="NO",T223="NO",U223="NO",V223="NO"),"No Critico","Critico") -> Critico
A224: =Inicial!A186 -> 0 | P224: =IF(OR(J224="NO",K224="NO",L224="NO",M224="NO",N224="NO",O224="NO"),"No Aceptable","Aceptable") -> Aceptable | W224: =IF(AND(Q224="NO",R224="NO",S224="NO",T224="NO",U224="NO",V224="NO"),"No Critico","Critico") -> Critico
A225: =Inicial!A187 -> 0 | P225: =IF(OR(J225="NO",K225="NO",L225="NO",M225="NO",N225="NO",O225="NO"),"No Aceptable","Aceptable") -> Aceptable | W225: =IF(AND(Q225="NO",R225="NO",S225="NO",T225="NO",U225="NO",V225="NO"),"No Critico","Critico") -> Critico
A226: =Inicial!A188 -> 0 | P226: =IF(OR(J226="NO",K226="NO",L226="NO",M226="NO",N226="NO",O226="NO"),"No Aceptable","Aceptable") -> Aceptable | W226: =IF(AND(Q226="NO",R226="NO",S226="NO",T226="NO",U226="NO",V226="NO"),"No Critico","Critico") -> Critico
A227: =Inicial!A189 -> 0 | P227: =IF(OR(J227="NO",K227="NO",L227="NO",M227="NO",N227="NO",O227="NO"),"No Aceptable","Aceptable") -> Aceptable | W227: =IF(AND(Q227="NO",R227="NO",S227="NO",T227="NO",U227="NO",V227="NO"),"No Critico","Critico") -> Critico
A228: =Inicial!A190 -> 0 | P228: =IF(OR(J228="NO",K228="NO",L228="NO",M228="NO",N228="NO",O228="NO"),"No Aceptable","Aceptable") -> Aceptable | W228: =IF(AND(Q228="NO",R228="NO",S228="NO",T228="NO",U228="NO",V228="NO"),"No Critico","Critico") -> Critico
A229: =Inicial!A191 -> 0 | P229: =IF(OR(J229="NO",K229="NO",L229="NO",M229="NO",N229="NO",O229="NO"),"No Aceptable","Aceptable") -> Aceptable | W229: =IF(AND(Q229="NO",R229="NO",S229="NO",T229="NO",U229="NO",V229="NO"),"No Critico","Critico") -> Critico
A230: =Inicial!A192 -> 0 | P230: =IF(OR(J230="NO",K230="NO",L230="NO",M230="NO",N230="NO",O230="NO"),"No Aceptable","Aceptable") -> Aceptable | W230: =IF(AND(Q230="NO",R230="NO",S230="NO",T230="NO",U230="NO",V230="NO"),"No Critico","Critico") -> Critico
A231: =Inicial!A193 -> 0 | P231: =IF(OR(J231="NO",K231="NO",L231="NO",M231="NO",N231="NO",O231="NO"),"No Aceptable","Aceptable") -> Aceptable | W231: =IF(AND(Q231="NO",R231="NO",S231="NO",T231="NO",U231="NO",V231="NO"),"No Critico","Critico") -> Critico
... A251: =Inicial!A213 -> 0 | P251: =IF(OR(J251="NO",K251="NO",L251="NO",M251="NO",N251="NO",O251="NO"),"No Aceptable","Aceptable") -> Aceptable | W251: =IF(AND(Q251="NO",R251="NO",S251="NO",T251="NO",U251="NO",V251="NO"),"No Critico","Critico") -> Critico

Sheet MMC Levantamiento-Descenso
A1: Levantamiento y Descenso | F1: Horas extras | H1: N° Trabajadores Expuestos | J1: IDENTIFICACIÓN AVANZADA – Tarea(s) con MMC: Levantamiento, Descenso y Transporte de cargas de 3kg o más – Condición Aceptable AMBIENTE TRABAJO | M1: IDENTIFICACIÓN AVANZADA – Tarea(s) con MMC: Levantamiento, Descenso y Transporte de cargas de 3kg o más – Condición Aceptable CARACTERITICA DE LA CARGA | Q1: IDENTIFICACIÓN AVANZADA – Tarea(s) con MMC: Levantamiento, Descenso y Transporte de cargas de 3kg o más – Condición Aceptable PESO DE CARGA 3KG A 5 KG | U1: IDENTIFICACIÓN AVANZADA – Tarea(s) con MMC: Levantamiento, Descenso y Transporte de cargas de 3kg o más – Condición Aceptable PESO DE CARGA 5 KG A 10 KG | Y1: IDENTIFICACIÓN AVANZADA – Tarea(s) con MMC: Levantamiento, Descenso y Transporte de cargas de 3kg o más – Condición Aceptable SOBRE 10 KG | Z1: Transporte manual de carga. ¿El peso acumulado transportado* es menor a los valores recomendados? Distancia <= 10 metros | AC1: Transporte manual de carga. ¿El peso acumulado transportado* es menor a los valores recomendados? Distancia > = 10 metros | AF1: Transporte manual de cargas | AG1: RESULTADO | AH1: IDENTIFICACIÓN AVANZADA – Tarea(s) con MMC: Levantamiento, Descenso y Transporte de cargas de 3kg o más – Condición Crítica AMBIENTE TRABAJO | AK1: IDENTIFICACIÓN AVANZADA – Tarea(s) con MMC: Levantamiento, Descenso y Transporte de cargas de 3kg o más – Condición Crítica CARACTERISTICA DE LA CARGA | AO1: IDENTIFICACIÓN AVANZADA – Tarea(s) con MMC: Levantamiento, Descenso y Transporte de cargas de 3kg o más – Condición Crítica HORAS DE TRABAJO | AP1: Presencia de tarea de levantamiento/descenso y transporte de carga con condiciones de diseño y frecuencia que exceden los valores máximos sugeridos | AW1: Condición crítica: presencia de tarea de levantamiento/descenso y transporte con peso de la carga que exceda los siguientes límites | BB1: Levantamiento / descenso y transporte manual de carga | BD1: RESULTADO | BE1: Plan de acción
A2: N° | B2: Área de trabajo | C2: Puesto de trabajo | D2: Tareas del puesto de trabajo | E2: Horario de funcionamiento | F2: Por dia | G2: Por Semana | H2: HOMBRE | I2: MUJER | J2: La temperatura en donde se realiza la tarea está entre los 18° y 26° (grados Celsius). | K2: El piso se encuentra en buenas condiciones (regular, seco y estable) | L2: El espacio de trabajo permite el normal movimiento de los trabajadores (sin generar posturas incómodas) durante el levantamiento/descenso y/o transporte | M2: El tamaño de la carga permite la visibilidad y movimientos normales del trabajador | N2: El centro de gravedad de la carga es estable | O2: La carga permite su agarre sin riesgo de cortes, compresión o quemaduras. | P2: La tarea de levantamiento/descenso o transporte de carga dura menos de 8 horas. | Q2: Se observa ausencia de asimetría (Ej: cuerpo rotado, torsión y/o inclinación de tronco) | R2: La carga es mantenida cerca del cuerpo | S2: El desplazamiento vertical de la carga se realiza entre las caderas y los hombros | T2: Frecuencia máxima de MMC: el levantamiento/descenso es menor a 5 veces por minuto | U2: Se observa ausencia de asimetría (Ej: cuerpo rotado, torsión y/o inclinación de tronco) | V2: La carga es mantenida cerca del cuerpo | W2: El desplazamiento vertical de la carga se realiza entre las caderas y los hombros | X2: Frecuencia máxima de MMC: el levantamiento/descenso es menor a 1 vez por minuto | Y2: Ausencia de cargas mayores a 10 kg | Z2: 8 hr = 10.000 kg | AA2: 1 hora = 1.500 kilos | AB2: 1 minuto = 30 kilos | AC2: 8 hr = 6.000 kg | AD2: 1 hora = 750 kilos | AE2: 1 minuto = 15 kilos | AF2: Ausencia de postura inadecuadas durante el transporte de carga | AG2: Condición Aceptable | AH2: Presencia de temperatura extrema (bajo 16° o superior a los 26° grados Celsius) y sin ropa adecuada que proteja de las temperaturas extremas | AI2: Presencia de suelo resbaladizo, irregular o inestable | AJ2: Presencia de espacio insuficiente para el levantamiento/descenso y transporte de carga que genera posturas incómodas o restricción en el movimiento. | AK2: El tamaño de la carga reduce la visión del trabajador y/o dificulta su movimiento | AL2: El centro de gravedad de la carga no es estable (ej.: líquidos, elementos que se mueven dentro de la carga) | AM2: La forma/configuración de la carga presenta bordes, superficies o protuberancias afiladas | AN2: Las superficies de contacto son demasiado frías o demasiado calientes | AO2: La tarea de levantamiento/descenso o transporte de carga dura más de 8 hrs. | AP2: Posición vertical La ubicación de las manos al inicio o final del levantamiento/descenso de una carga es superior a 155 cm o inferior a 20 cm | AQ2: Desplazamiento vertical La distancia vertical entre el origen y el destino del objeto manipulado es mayor a 135 cm | AR2: Distancia horizontal La distancia horizontal entre el cuerpo y las manos (nudillos) es superior a 55 cm correspondiente a la zona de alcance máximo de brazos | AS2: Asimetría Rotación o inclinación extrema del tronco sin movimientos de los pies | AT2: Frecuencia Corta duración: más de 15 levant./desc. por min, en una tarea que no supere los 60 min seguidos en el turno de trabajo y seguida de al menos 60 min de desc. o tarea liviana (que no implique MMC) | AU2: Frecuencia Media duración: + de 12 levant/desc por min, en una tarea que no supere los 120 min seguidos en el turno de trabajo y seguida de al menos 30 min de descanso o tarea liviana (que no implique MMC). | AV2: Frecuencia Larga duración: más de 8 levantamientos/descensos por minuto, en una tarea que supere los 120 minutos seguidos en el turno de trabajo | AW2: Hombres (18-45 años) 25KG | AX2: Mujeres (18-45 años) 20KG | AY2: Hombres (<18 o >45 años) 20KG | AZ2: Mujeres (<18 o >45 años) 15KG | BA2: Mujer embarazada 3KG | BB2: Distancia de transporte de 20 mt o más 6.000 kg en 8 hr | BC2: Distancia de transporte menos de 20 mt 10.000 kg en 8 hr | BD2: Condición Crítica | BE2: Fecha aplicación identificación avanzada | BF2: Medidas de control (administrativas) | BG2: Medidas de control (Ingeniería) | BH2: Responsable aplicación medida | BI2: Fecha de implementación medidas (Max 90 días) | BJ2: Evidencia
A3: =Inicial!A3 -> 1 | B3: =Inicial!B3 -> Despacho | C3: =Inicial!C3 -> Carton Frezzer | D3: =Inicial!D3 -> Pinchador | E3: =IF(Inicial!L3="SI",Inicial!E3,"N/A") -> 06:00 - 14:00 14:00 - 22:00 22:00 - 06:00 | F3: =IF(Inicial!L3="SI",Inicial!F3,"N/A") -> 0 | G3: =IF(Inicial!L3="SI",Inicial!G3,"N/A") -> 2 | H3: =IF(Inicial!L3="SI",Inicial!H3,"N/A") -> 6 | I3: =IF(Inicial!L3="SI",Inicial!I3,"N/A") -> 0 | J3: NO | K3: SI | L3: SI | M3: SI | N3: SI | O3: SI | P3: SI | Q3: N/A | R3: N/A | S3: N/A | T3: N/A | U3: N/A | V3: N/A | W3: N/A | X3: N/A | Y3: NO | Z3: SI | AA3: SI | AB3: SI | AC3: SI | AD3: SI | AE3: SI | AF3: SI | AG3: {=IF(OR(M3:AF3="NO"),"No aceptable","Aceptable")} -> No aceptable | AH3: NO | AI3: NO | AJ3: NO | AK3: NO | AL3: NO | AM3: NO | AN3: NO | AO3: NO | AP3: NO | AQ3: NO | AR3: NO | AS3: NO | AT3: NO | AU3: NO | AV3: NO | AW3: NO | AX3: N/A | AY3: NO | AZ3: N/A | BA3: N/A | BB3: N/A | BC3: NO | BD3: {=IF(OR(AK3:BC3="SI"),"Critico","No Critico")} -> No Critico
A4: =Inicial!A4 -> 2 | B4: =Inicial!B4 -> Despacho | C4: =Inicial!C4 -> Carton Frezzer | D4: =Inicial!D4 -> Depaletizador | E4: =IF(Inicial!L4="SI",Inicial!E4,"N/A") -> 06:00 - 14:00 14:00 - 22:00 22:00 - 06:00 | F4: =IF(Inicial!L4="SI",Inicial!F4,"N/A") -> 0 | G4: =IF(Inicial!L4="SI",Inicial!G4,"N/A") -> 2 | H4: =IF(Inicial!L4="SI",Inicial!H4,"N/A") -> 24 | I4: =IF(Inicial!L4="SI",Inicial!I4,"N/A") -> 0 | J4: NO | K4: SI | L4: SI | M4: SI | N4: SI | O4: SI | P4: SI | Q4: N/A | R4: N/A | S4: N/A | T4: N/A | U4: SI | V4: SI | W4: SI | X4: NO | Y4: NO | Z4: SI | AA4: SI | AB4: SI | AC4: SI | AD4: SI | AE4: SI | AF4: SI | AG4: {=IF(OR(M4:AF4="NO"),"No aceptable","Aceptable")} -> No aceptable | AH4: NO | AI4: NO | AJ4: NO | AK4: NO | AL4: NO | AM4: NO | AN4: NO | AO4: NO | AP4: NO | AQ4: SI | AR4: NO | AS4: NO | AT4: NO | AU4: NO | AV4: NO | AW4: NO | AX4: NO | AY4: N/A | AZ4: NO | BA4: N/A | BB4: NO | BC4: NO | BD4: No Critico
A5: =Inicial!A5 -> 3 | B5: =Inicial!B5 -> Despacho | C5: =Inicial!C5 -> Carton Frezzer | D5: =Inicial!D5 -> Pinchador | E5: =IF(Inicial!L5="SI",Inicial!E5,"N/A") -> 06:00 - 14:00 14:00 - 22:00 22:00 - 06:00 | F5: =IF(Inicial!L5="SI",Inicial!F5,"N/A") -> 0 | G5: =IF(Inicial!L5="SI",Inicial!G5,"N/A") -> 2 | H5: =IF(Inicial!L5="SI",Inicial!H5,"N/A") -> 24 | I5: =IF(Inicial!L5="SI",Inicial!I5,"N/A") -> 0 | J5: NO | K5: SI | L5: SI | M5: SI | N5: SI | O5: SI | P5: SI | Q5: N/A | R5: N/A | S5: N/A | T5: N/A | U5: SI | V5: SI | W5: SI | X5: NO | Y5: NO | Z5: SI | AA5: SI | AB5: SI | AC5: SI | AD5: SI | AE5: SI | AF5: SI | AG5: {=IF(OR(M5:AF5="NO"),"No aceptable","Aceptable")} -> No aceptable | AH5: NO | AI5: NO | AJ5: NO | AK5: NO | AL5: NO | AM5: NO | AN5: NO | AO5: NO | AP5: NO | AQ5: SI | AR5: NO | AS5: NO | AT5: NO | AU5: NO | AV5: NO | AW5: NO | AX5: NO | AY5: N/A | AZ5: NO | BA5: N/A | BB5: NO | BC5: NO | BD5: No Critico
A6: =Inicial!A6 -> 4 | B6: =Inicial!B6 -> Despacho | C6: =Inicial!C6 -> Despacho congelado | D6: =Inicial!D6 -> Gruero | E6: =IF(Inicial!L6="SI",Inicial!E6,"N/A") -> N/A | F6: =IF(Inicial!L6="SI",Inicial!F6,"N/A") -> N/A | G6: =IF(Inicial!L6="SI",Inicial!G6,"N/A") -> N/A | H6: =IF(Inicial!L6="SI",Inicial!H6,"N/A") -> N/A | I6: =IF(Inicial!L6="SI",Inicial!I6,"N/A") -> N/A | AG6: {=IF(OR(M6:AF6="NO"),"No aceptable","Aceptable")} -> Aceptable | BD6: {=IF(OR(AK6:BC6="SI"),"Critico","No Critico")} -> No Critico
A7: =Inicial!A7 -> 5 | B7: =Inicial!B7 -> Despacho | C7: =Inicial!C7 -> Despacho congelado | D7: =Inicial!D7 -> Transpaletero | E7: =IF(Inicial!L7="SI",Inicial!E7,"N/A") -> N/A | F7: =IF(Inicial!L7="SI",Inicial!F7,"N/A") -> N/A | G7: =IF(Inicial!L7="SI",Inicial!G7,"N/A") -> N/A | H7: =IF(Inicial!L7="SI",Inicial!H7,"N/A") -> N/A | I7: =IF(Inicial!L7="SI",Inicial!I7,"N/A") -> N/A | AG7: {=IF(OR(M7:AF7="NO"),"No aceptable","Aceptable")} -> Aceptable | BD7: {=IF(OR(AK7:BC7="SI"),"Critico","No Critico")} -> No Critico
A8: =Inicial!A8 -> 6 | B8: =Inicial!B8 -> Despacho | C8: =Inicial!C8 -> Despacho congelado | D8: =Inicial!D8 -> Postura de films | E8: =IF(Inicial!L8="SI",Inicial!E8,"N/A") -> N/A | F8: =IF(Inicial!L8="SI",Inicial!F8,"N/A") -> N/A | G8: =IF(Inicial!L8="SI",Inicial!G8,"N/A") -> N/A | H8: =IF(Inicial!L8="SI",Inicial!H8,"N/A") -> N/A | I8: =IF(Inicial!L8="SI",Inicial!I8,"N/A") -> N/A | AG8: {=IF(OR(M8:AF8="NO"),"No aceptable","Aceptable")} -> Aceptable | BD8: {=IF(OR(AK8:BC8="SI"),"Critico","No Critico")} -> No Critico
A9: =Inicial!A9 -> 7 | B9: =Inicial!B9 -> Despacho | C9: =Inicial!C9 -> Despacho Congelado | D9: =Inicial!D9 -> Reprocesos de producto | E9: =IF(Inicial!L9="SI",Inicial!E9,"N/A") -> 06:00 - 14:00 14:00 - 22:00 22:00 - 06:00 | F9: =IF(Inicial!L9="SI",Inicial!F9,"N/A") -> 0 | G9: =IF(Inicial!L9="SI",Inicial!G9,"N/A") -> 2 | H9: =IF(Inicial!L9="SI",Inicial!H9,"N/A") -> 0 | I9: =IF(Inicial!L9="SI",Inicial!I9,"N/A") -> 0 | AG9: {=IF(OR(M9:AF9="NO"),"No aceptable","Aceptable")} -> Aceptable | BD9: {=IF(OR(AK9:BC9="SI"),"Critico","No Critico")} -> No Critico
A10: =Inicial!#REF! -> #REF! | B10: =Inicial!#REF! -> #REF! | C10: =Inicial!#REF! -> #REF! | D10: =Inicial!#REF! -> #REF! | E10: =IF(Inicial!#REF!="SI",Inicial!#REF!,"N/A") -> #REF! | F10: =IF(Inicial!#REF!="SI",Inicial!#REF!,"N/A") -> #REF! | G10: =IF(Inicial!#REF!="SI",Inicial!#REF!,"N/A") -> #REF! | H10: =IF(Inicial!#REF!="SI",Inicial!#REF!,"N/A") -> #REF! | I10: =IF(Inicial!#REF!="SI",Inicial!#REF!,"N/A") -> #REF! | AG10: {=IF(OR(M10:AF10="NO"),"No aceptable","Aceptable")} -> Aceptable | BD10: {=IF(OR(AK10:BC10="SI"),"Critico","No Critico")} -> No Critico
A11: =Inicial!#REF! -> #REF! | B11: =Inicial!#REF! -> #REF! | C11: =Inicial!#REF! -> #REF! | D11: =Inicial!#REF! -> #REF! | E11: =IF(Inicial!#REF!="SI",Inicial!#REF!,"N/A") -> #REF! | F11: =IF(Inicial!#REF!="SI",Inicial!#REF!,"N/A") -> #REF! | G11: =IF(Inicial!#REF!="SI",Inicial!#REF!,"N/A") -> #REF! | H11: =IF(Inicial!#REF!="SI",Inicial!#REF!,"N/A") -> #REF! | I11: =IF(Inicial!#REF!="SI",Inicial!#REF!,"N/A") -> #REF! | AG11: {=IF(OR(M11:AF11="NO"),"No aceptable","Aceptable")} -> Aceptable | BD11: {=IF(OR(AK11:BC11="SI"),"Critico","No Critico")} -> No Critico
A12: =Inicial!#REF! -> #REF! | B12: =Inicial!#REF! -> #REF! | C12: =Inicial!#REF! -> #REF! | D12: =Inicial!#REF! -> #REF! | E12: =IF(Inicial!#REF!="SI",Inicial!#REF!,"N/A") -> #REF! | F12: =IF(Inicial!#REF!="SI",Inicial!#REF!,"N/A") -> #REF! | G12: =IF(Inicial!#REF!="SI",Inicial!#REF!,"N/A") -> #REF! | H12: =IF(Inicial!#REF!="SI",Inicial!#REF!,"N/A") -> #REF! | I12: =IF(Inicial!#REF!="SI",Inicial!#REF!,"N/A") -> #REF! | AG12: {=IF(OR(M12:AF12="NO"),"No aceptable","Aceptable")} -> Aceptable | BD12: {=IF(OR(AK12:BC12="SI"),"Critico","No Critico")} -> No Critico
A13: =Inicial!#REF! -> #REF! | B13: =Inicial!#REF! -> #REF! | C13: =Inicial!#REF! -> #REF! | D13: =Inicial!#REF! -> #REF! | E13: =IF(Inicial!#REF!="SI",Inicial!#REF!,"N/A") -> #REF! | F13: =IF(Inicial!#REF!="SI",Inicial!#REF!,"N/A") -> #REF! | G13: =IF(Inicial!#REF!="SI",Inicial!#REF!,"N/A") -> #REF! | H13: =IF(Inicial!#REF!="SI",Inicial!#REF!,"N/A") -> #REF! | I13: =IF(Inicial!#REF!="SI",Inicial!#REF!,"N/A") -> #REF! | AG13: {=IF(OR(M13:AF13="NO"),"No aceptable","Aceptable")} -> Aceptable | BD13: {=IF(OR(AK13:BC13="SI"),"Critico","No Critico")} -> No Critico
A14: =Inicial!#REF! -> #REF! | B14: =Inicial!#REF! -> #REF! | C14: =Inicial!#REF! -> #REF! | D14: =Inicial!#REF! -> #REF! | E14: =IF(Inicial!#REF!="SI",Inicial!#REF!,"N/A") -> #REF! | F14: =IF(Inicial!#REF!="SI",Inicial!#REF!,"N/A") -> #REF! | G14: =IF(Inicial!#REF!="SI",Inicial!#REF!,"N/A") -> #REF! | H14: =IF(Inicial!#REF!="SI",Inicial!#REF!,"N/A") -> #REF! | I14: =IF(Inicial!#REF!="SI",Inicial!#REF!,"N/A") -> #REF! | AG14: {=IF(OR(M14:AF14="NO"),"No aceptable","Aceptable")} -> Aceptable | BD14: {=IF(OR(AK14:BC14="SI"),"Critico","No Critico")} -> No Critico
A15: =Inicial!#REF! -> #REF! | B15: =Inicial!#REF! -> #REF! | C15: =Inicial!#REF! -> #REF! | D15: =Inicial!#REF! -> #REF! | E15: =IF(Inicial!#REF!="SI",Inicial!#REF!,"N/A") -> #REF! | F15: =IF(Inicial!#REF!="SI",Inicial!#REF!,"N/A") -> #REF! | G15: =IF(Inicial!#REF!="SI",Inicial!#REF!,"N/A") -> #REF! | H15: =IF(Inicial!#REF!="SI",Inicial!#REF!,"N/A") -> #REF! | I15: =IF(Inicial!#REF!="SI",Inicial!#REF!,"N/A") -> #REF! | AG15: {=IF(OR(M15:AF15="NO"),"No aceptable","Aceptable")} -> Aceptable | BD15: {=IF(OR(AK15:BC15="SI"),"Critico","No Critico")} -> No Critico
A16: =Inicial!#REF! -> #REF! | B16: =Inicial!#REF! -> #REF! | C16: =Inicial!#REF! -> #REF! | D16: =Inicial!#REF! -> #REF! | E16: =IF(Inicial!#REF!="SI",Inicial!#REF!,"N/A") -> #REF! | F16: =IF(Inicial!#REF!="SI",Inicial!#REF!,"N/A") -> #REF! | G16: =IF(Inicial!#REF!="SI",Inicial!#REF!,"N/A") -> #REF! | H16: =IF(Inicial!#REF!="SI",Inicial!#REF!,"N/A") -> #REF! | I16: =IF(Inicial!#REF!="SI",Inicial!#REF!,"N/A") -> #REF! | AG16: {=IF(OR(M16:AF16="NO"),"No aceptable","Aceptable")} -> Aceptable | BD16: {=IF(OR(AK16:BC16="SI"),"Critico","No Critico")} -> No Critico
A17: =Inicial!#REF! -> #REF! | B17: =Inicial!#REF! -> #REF! | C17: =Inicial!#REF! -> #REF! | D17: =Inicial!#REF! -> #REF! | E17: =IF(Inicial!#REF!="SI",Inicial!#REF!,"N/A") -> #REF! | F17: =IF(Inicial!#REF!="SI",Inicial!#REF!,"N/A") -> #REF! | G17: =IF(Inicial!#REF!="SI",Inicial!#REF!,"N/A") -> #REF! | H17: =IF(Inicial!#REF!="SI",Inicial!#REF!,"N/A") -> #REF! | I17: =IF(Inicial!#REF!="SI",Inicial!#REF!,"N/A") -> #REF! | AG17: {=IF(OR(M17:AF17="NO"),"No aceptable","Aceptable")} -> Aceptable | BD17: {=IF(OR(AK17:BC17="SI"),"Critico","No Critico")} -> No Critico
A18: =Inicial!#REF! -> #REF! | B18: =Inicial!#REF! -> #REF! | C18: =Inicial!#REF! -> #REF! | D18: =Inicial!#REF! -> #REF! | E18: =IF(Inicial!#REF!="SI",Inicial!#REF!,"N/A") -> #REF! | F18: =IF(Inicial!#REF!="SI",Inicial!#REF!,"N/A") -> #REF! | G18: =IF(Inicial!#REF!="SI",Inicial!#REF!,"N/A") -> #REF! | H18: =IF(Inicial!#REF!="SI",Inicial!#REF!,"N/A") -> #REF! | I18: =IF(Inicial!#REF!="SI",Inicial!#REF!,"N/A") -> #REF! | AG18: {=IF(OR(M18:AF18="NO"),"No aceptable","Aceptable")} -> Aceptable | BD18: {=IF(OR(AK18:BC18="SI"),"Critico","No Critico")} -> No Critico
A19: =Inicial!#REF! -> #REF! | B19: =Inicial!#REF! -> #REF! | C19: =Inicial!#REF! -> #REF! | D19: =Inicial!#REF! -> #REF! | E19: =IF(Inicial!#REF!="SI",Inicial!#REF!,"N/A") -> #REF! | F19: =IF(Inicial!#REF!="SI",Inicial!#REF!,"N/A") -> #REF! | G19: =IF(Inicial!#REF!="SI",Inicial!#REF!,"N/A") -> #REF! | H19: =IF(Inicial!#REF!="SI",Inicial!#REF!,"N/A") -> #REF! | I19: =IF(Inicial!#REF!="SI",Inicial!#REF!,"N/A") -> #REF! | AG19: {=IF(OR(M19:AF19="NO"),"No aceptable","Aceptable")} -> Aceptable | BD19: {=IF(OR(AK19:BC19="SI"),"Critico","No Critico")} -> No Critico
A20: =Inicial!#REF! -> #REF! | B20: =Inicial!#REF! -> #REF! | C20: =Inicial!#REF! -> #REF! | D20: =Inicial!#REF! -> #REF! | E20: =IF(Inicial!#REF!="SI",Inicial!#REF!,"N/A") -> #REF! | F20: =IF(Inicial!#REF!="SI",Inicial!#REF!,"N/A") -> #REF! | G20: =IF(Inicial!#REF!="SI",Inicial!#REF!,"N/A") -> #REF! | H20: =IF(Inicial!#REF!="SI",Inicial!#REF!,"N/A") -> #REF! | I20: =IF(Inicial!#REF!="SI",Inicial!#REF!,"N/A") -> #REF! | AG20: {=IF(OR(M20:AF20="NO"),"No aceptable","Aceptable")} -> Aceptable | BD20: {=IF(OR(AK20:BC20="SI"),"Critico","No Critico")} -> No Critico
A21: =Inicial!#REF! -> #REF! | B21: =Inicial!#REF! -> #REF! | C21: =Inicial!#REF! -> #REF! | D21: =Inicial!#REF! -> #REF! | E21: =IF(Inicial!#REF!="SI",Inicial!#REF!,"N/A") -> #REF! | F21: =IF(Inicial!#REF!="SI",Inicial!#REF!,"N/A") -> #REF! | G21: =IF(Inicial!#REF!="SI",Inicial!#REF!,"N/A") -> #REF! | H21: =IF(Inicial!#REF!="SI",Inicial!#REF!,"N/A") -> #REF! | I21: =IF(Inicial!#REF!="SI",Inicial!#REF!,"N/A") -> #REF! | AG21: {=IF(OR(M21:AF21="NO"),"No aceptable","Aceptable")} -> Aceptable | BD21: {=IF(OR(AK21:BC21="SI"),"Critico","No Critico")} -> No Critico
... A47: =Inicial!#REF! -> #REF! | B47: =Inicial!#REF! -> #REF! | C47: =Inicial!#REF! -> #REF! | D47: =Inicial!#REF! -> #REF! | E47: =IF(Inicial!#REF!="SI",Inicial!#REF!,"N/A") -> #REF! | F47: =IF(Inicial!#REF!="SI",Inicial!#REF!,"N/A") -> #REF! | G47: =IF(Inicial!#REF!="SI",Inicial!#REF!,"N/A") -> #REF! | H47: =IF(Inicial!#REF!="SI",Inicial!#REF!,"N/A") -> #REF! | I47: =IF(Inicial!#REF!="SI",Inicial!#REF!,"N/A") -> #REF! | AG47: {=IF(OR(M47:AF47="NO"),"No aceptable","Aceptable")} -> Aceptable | BD47: {=IF(OR(AK47:BC47="SI"),"Critico","No Critico")} -> No Critico
A48: =Inicial!A10 -> 0 | B48: =Inicial!B10 -> 0 | C48: =Inicial!C10 -> 0 | D48: =Inicial!D10 -> 0 | E48: =IF(Inicial!L10="SI",Inicial!E10,"N/A") -> N/A | F48: =IF(Inicial!L10="SI",Inicial!F10,"N/A") -> N/A | G48: =IF(Inicial!L10="SI",Inicial!G10,"N/A") -> N/A | H48: =IF(Inicial!L10="SI",Inicial!H10,"N/A") -> N/A | I48: =IF(Inicial!L10="SI",Inicial!I10,"N/A") -> N/A | AG48: {=IF(OR(M48:AF48="NO"),"No aceptable","Aceptable")} -> Aceptable | BD48: {=IF(OR(AK48:BC48="SI"),"Critico","No Critico")} -> No Critico
A49: =Inicial!A11 -> 0 | B49: =Inicial!B11 -> 0 | C49: =Inicial!C11 -> 0 | D49: =Inicial!D11 -> 0 | E49: =IF(Inicial!L11="SI",Inicial!E11,"N/A") -> N/A | F49: =IF(Inicial!L11="SI",Inicial!F11,"N/A") -> N/A | G49: =IF(Inicial!L11="SI",Inicial!G11,"N/A") -> N/A | H49: =IF(Inicial!L11="SI",Inicial!H11,"N/A") -> N/A | I49: =IF(Inicial!L11="SI",Inicial!I11,"N/A") -> N/A | AG49: {=IF(OR(M49:AF49="NO"),"No aceptable","Aceptable")} -> Aceptable | BD49: {=IF(OR(AK49:BC49="SI"),"Critico","No Critico")} -> No Critico
A50: =Inicial!A12 -> 0 | B50: =Inicial!B12 -> 0 | C50: =Inicial!C12 -> 0 | D50: =Inicial!D12 -> 0 | E50: =IF(Inicial!L12="SI",Inicial!E12,"N/A") -> N/A | F50: =IF(Inicial!L12="SI",Inicial!F12,"N/A") -> N/A | G50: =IF(Inicial!L12="SI",Inicial!G12,"N/A") -> N/A | H50: =IF(Inicial!L12="SI",Inicial!H12,"N/A") -> N/A | I50: =IF(Inicial!L12="SI",Inicial!I12,"N/A") -> N/A | AG50: {=IF(OR(M50:AF50="NO"),"No aceptable","Aceptable")} -> Aceptable | BD50: {=IF(OR(AK50:BC50="SI"),"Critico","No Critico")} -> No Critico
A51: =Inicial!A13 -> 0 | B51: =Inicial!B13 -> 0 | C51: =Inicial!C13 -> 0 | D51: =Inicial!D13 -> 0 | E51: =IF(Inicial!L13="SI",Inicial!E13,"N/A") -> N/A | F51: =IF(Inicial!L13="SI",Inicial!F13,"N/A") -> N/A | G51: =IF(Inicial!L13="SI",Inicial!G13,"N/A") -> N/A | H51: =IF(Inicial!L13="SI",Inicial!H13,"N/A") -> N/A | I51: =IF(Inicial!L13="SI",Inicial!I13,"N/A") -> N/A | AG51: {=IF(OR(M51:AF51="NO"),"No aceptable","Aceptable")} -> Aceptable | BD51: {=IF(OR(AK51:BC51="SI"),"Critico","No Critico")} -> No Critico
A52: =Inicial!A14 -> 0 | B52: =Inicial!B14 -> 0 | C52: =Inicial!C14 -> 0 | D52: =Inicial!D14 -> 0 | E52: =IF(Inicial!L14="SI",Inicial!E14,"N/A") -> N/A | F52: =IF(Inicial!L14="SI",Inicial!F14,"N/A") -> N/A | G52: =IF(Inicial!L14="SI",Inicial!G14,"N/A") -> N/A | H52: =IF(Inicial!L14="SI",Inicial!H14,"N/A") -> N/A | I52: =IF(Inicial!L14="SI",Inicial!I14,"N/A") -> N/A | AG52: {=IF(OR(M52:AF52="NO"),"No aceptable","Aceptable")} -> Aceptable | BD52: {=IF(OR(AK52:BC52="SI"),"Critico","No Critico")} -> No Critico
A53: =Inicial!A15 -> 0 | B53: =Inicial!B15 -> 0 | C53: =Inicial!C15 -> 0 | D53: =Inicial!D15 -> 0 | E53: =IF(Inicial!L15="SI",Inicial!E15,"N/A") -> N/A | F53: =IF(Inicial!L15="SI",Inicial!F15,"N/A") -> N/A | G53: =IF(Inicial!L15="SI",Inicial!G15,"N/A") -> N/A | H53: =IF(Inicial!L15="SI",Inicial!H15,"N/A") -> N/A | I53: =IF(Inicial!L15="SI",Inicial!I15,"N/A") -> N/A | AG53: {=IF(OR(M53:AF53="NO"),"No aceptable","Aceptable")} -> Aceptable | BD53: {=IF(OR(AK53:BC53="SI"),"Critico","No Critico")} -> No Critico
A54: =Inicial!A16 -> 0 | B54: =Inicial!B16 -> 0 | C54: =Inicial!C16 -> 0 | D54: =Inicial!D16 -> 0 | E54: =IF(Inicial!L16="SI",Inicial!E16,"N/A") -> N/A | F54: =IF(Inicial!L16="SI",Inicial!F16,"N/A") -> N/A | G54: =IF(Inicial!L16="SI",Inicial!G16,"N/A") -> N/A | H54: =IF(Inicial!L16="SI",Inicial!H16,"N/A") -> N/A | I54: =IF(Inicial!L16="SI",Inicial!I16,"N/A") -> N/A | AG54: {=IF(OR(M54:AF54="NO"),"No aceptable","Aceptable")} -> Aceptable | BD54: {=IF(OR(AK54:BC54="SI"),"Critico","No Critico")} -> No Critico
A55: =Inicial!A17 -> 0 | B55: =Inicial!B17 -> 0 | C55: =Inicial!C17 -> 0 | D55: =Inicial!D17 -> 0 | E55: =IF(Inicial!L17="SI",Inicial!E17,"N/A") -> N/A | F55: =IF(Inicial!L17="SI",Inicial!F17,"N/A") -> N/A | G55: =IF(Inicial!L17="SI",Inicial!G17,"N/A") -> N/A | H55: =IF(Inicial!L17="SI",Inicial!H17,"N/A") -> N/A | I55: =IF(Inicial!L17="SI",Inicial!I17,"N/A") -> N/A | AG55: {=IF(OR(M55:AF55="NO"),"No aceptable","Aceptable")} -> Aceptable | BD55: {=IF(OR(AK55:BC55="SI"),"Critico","No Critico")} -> No Critico
A56: =Inicial!A18 -> 0 | B56: =Inicial!B18 -> 0 | C56: =Inicial!C18 -> 0 | D56: =Inicial!D18 -> 0 | E56: =IF(Inicial!L18="SI",Inicial!E18,"N/A") -> N/A | F56: =IF(Inicial!L18="SI",Inicial!F18,"N/A") -> N/A | G56: =IF(Inicial!L18="SI",Inicial!G18,"N/A") -> N/A | H56: =IF(Inicial!L18="SI",Inicial!H18,"N/A") -> N/A | I56: =IF(Inicial!L18="SI",Inicial!I18,"N/A") -> N/A | AG56: {=IF(OR(M56:AF56="NO"),"No aceptable","Aceptable")} -> Aceptable | BD56: {=IF(OR(AK56:BC56="SI"),"Critico","No Critico")} -> No Critico
A57: =Inicial!A19 -> 0 | B57: =Inicial!B19 -> 0 | C57: =Inicial!C19 -> 0 | D57: =Inicial!D19 -> 0 | E57: =IF(Inicial!L19="SI",Inicial!E19,"N/A") -> N/A | F57: =IF(Inicial!L19="SI",Inicial!F19,"N/A") -> N/A | G57: =IF(Inicial!L19="SI",Inicial!G19,"N/A") -> N/A | H57: =IF(Inicial!L19="SI",Inicial!H19,"N/A") -> N/A | I57: =IF(Inicial!L19="SI",Inicial!I19,"N/A") -> N/A | AG57: {=IF(OR(M57:AF57="NO"),"No aceptable","Aceptable")} -> Aceptable | BD57: {=IF(OR(AK57:BC57="SI"),"Critico","No Critico")} -> No Critico
A58: =Inicial!A20 -> 0 | B58: =Inicial!B20 -> 0 | C58: =Inicial!C20 -> 0 | D58: =Inicial!D20 -> 0 | E58: =IF(Inicial!L20="SI",Inicial!E20,"N/A") -> N/A | F58: =IF(Inicial!L20="SI",Inicial!F20,"N/A") -> N/A | G58: =IF(Inicial!L20="SI",Inicial!G20,"N/A") -> N/A | H58: =IF(Inicial!L20="SI",Inicial!H20,"N/A") -> N/A | I58: =IF(Inicial!L20="SI",Inicial!I20,"N/A") -> N/A | AG58: {=IF(OR(M58:AF58="NO"),"No aceptable","Aceptable")} -> Aceptable | BD58: {=IF(OR(AK58:BC58="SI"),"Critico","No Critico")} -> No Critico
A59: =Inicial!A21 -> 0 | B59: =Inicial!B21 -> 0 | C59: =Inicial!C21 -> 0 | D59: =Inicial!D21 -> 0 | E59: =IF(Inicial!L21="SI",Inicial!E21,"N/A") -> N/A | F59: =IF(Inicial!L21="SI",Inicial!F21,"N/A") -> N/A | G59: =IF(Inicial!L21="SI",Inicial!G21,"N/A") -> N/A | H59: =IF(Inicial!L21="SI",Inicial!H21,"N/A") -> N/A | I59: =IF(Inicial!L21="SI",Inicial!I21,"N/A") -> N/A | AG59: {=IF(OR(M59:AF59="NO"),"No aceptable","Aceptable")} -> Aceptable | BD59: {=IF(OR(AK59:BC59="SI"),"Critico","No Critico")} -> No Critico
... A132: =Inicial!A94 -> 0 | B132: =Inicial!B94 -> 0 | C132: =Inicial!C94 -> 0 | D132: =Inicial!D94 -> 0 | E132: =IF(Inicial!L94="SI",Inicial!E94,"N/A") -> N/A | F132: =IF(Inicial!L94="SI",Inicial!F94,"N/A") -> N/A | G132: =IF(Inicial!L94="SI",Inicial!G94,"N/A") -> N/A | H132: =IF(Inicial!L94="SI",Inicial!H94,"N/A") -> N/A | I132: =IF(Inicial!L94="SI",Inicial!I94,"N/A") -> N/A | AG132: {=IF(OR(M132:AF132="NO"),"No aceptable","Aceptable")} -> Aceptable | BD132: {=IF(OR(AK132:BC132="SI"),"Critico","No Critico")} -> No Critico
A133: =Inicial!A95 -> 0 | B133: =Inicial!B95 -> 0 | C133: =Inicial!C95 -> 0 | D133: =Inicial!D95 -> 0 | E133: =IF(Inicial!L95="SI",Inicial!E95,"N/A") -> N/A | F133: =IF(Inicial!L95="SI",Inicial!F95,"N/A") -> N/A | G133: =IF(Inicial!L95="SI",Inicial!G95,"N/A") -> N/A | H133: =IF(Inicial!L95="SI",Inicial!H95,"N/A") -> N/A | I133: =IF(Inicial!L95="SI",Inicial!I95,"N/A") -> N/A | AG133: {=IF(OR(M133:AE133="NO"),"No aceptable","Aceptable")} -> Aceptable | BD133: {=IF(OR(AK133:BC133="SI"),"Critico","No Critico")} -> No Critico
A134: =Inicial!A96 -> 0 | B134: =Inicial!B96 -> 0 | C134: =Inicial!C96 -> 0 | D134: =Inicial!D96 -> 0 | E134: =IF(Inicial!L96="SI",Inicial!E96,"N/A") -> N/A | F134: =IF(Inicial!L96="SI",Inicial!F96,"N/A") -> N/A | G134: =IF(Inicial!L96="SI",Inicial!G96,"N/A") -> N/A | H134: =IF(Inicial!L96="SI",Inicial!H96,"N/A") -> N/A | I134: =IF(Inicial!L96="SI",Inicial!I96,"N/A") -> N/A | AG134: {=IF(OR(M134:AE134="NO"),"No aceptable","Aceptable")} -> Aceptable | BD134: {=IF(OR(AK134:BC134="SI"),"Critico","No Critico")} -> No Critico
A135: =Inicial!A97 -> 0 | B135: =Inicial!B97 -> 0 | C135: =Inicial!C97 -> 0 | D135: =Inicial!D97 -> 0 | E135: =IF(Inicial!L97="SI",Inicial!E97,"N/A") -> N/A | F135: =IF(Inicial!L97="SI",Inicial!F97,"N/A") -> N/A | G135: =IF(Inicial!L97="SI",Inicial!G97,"N/A") -> N/A | H135: =IF(Inicial!L97="SI",Inicial!H97,"N/A") -> N/A | I135: =IF(Inicial!L97="SI",Inicial!I97,"N/A") -> N/A | AG135: {=IF(OR(M135:AE135="NO"),"No aceptable","Aceptable")} -> Aceptable | BD135: {=IF(OR(AK135:BC135="SI"),"Critico","No Critico")} -> No Critico
A136: =Inicial!A98 -> 0 | B136: =Inicial!B98 -> 0 | C136: =Inicial!C98 -> 0 | D136: =Inicial!D98 -> 0 | E136: =IF(Inicial!L98="SI",Inicial!E98,"N/A") -> N/A | F136: =IF(Inicial!L98="SI",Inicial!F98,"N/A") -> N/A | G136: =IF(Inicial!L98="SI",Inicial!G98,"N/A") -> N/A | H136: =IF(Inicial!L98="SI",Inicial!H98,"N/A") -> N/A | I136: =IF(Inicial!L98="SI",Inicial!I98,"N/A") -> N/A | AG136: {=IF(OR(M136:AE136="NO"),"No aceptable","Aceptable")} -> Aceptable | BD136: {=IF(OR(AK136:BC136="SI"),"Critico","No Critico")} -> No Critico
A137: =Inicial!A99 -> 0 | B137: =Inicial!B99 -> 0 | C137: =Inicial!C99 -> 0 | D137: =Inicial!D99 -> 0 | E137: =IF(Inicial!L99="SI",Inicial!E99,"N/A") -> N/A | F137: =IF(Inicial!L99="SI",Inicial!F99,"N/A") -> N/A | G137: =IF(Inicial!L99="SI",Inicial!G99,"N/A") -> N/A | H137: =IF(Inicial!L99="SI",Inicial!H99,"N/A") -> N/A | I137: =IF(Inicial!L99="SI",Inicial!I99,"N/A") -> N/A | AG137: {=IF(OR(M137:AE137="NO"),"No aceptable","Aceptable")} -> Aceptable | BD137: {=IF(OR(AK137:BC137="SI"),"Critico","No Critico")} -> No Critico
A138: =Inicial!A100 -> 0 | B138: =Inicial!B100 -> 0 | C138: =Inicial!C100 -> 0 | D138: =Inicial!D100 -> 0 | E138: =IF(Inicial!L100="SI",Inicial!E100,"N/A") -> N/A | F138: =IF(Inicial!L100="SI",Inicial!F100,"N/A") -> N/A | G138: =IF(Inicial!L100="SI",Inicial!G100,"N/A") -> N/A | H138: =IF(Inicial!L100="SI",Inicial!H100,"N/A") -> N/A | I138: =IF(Inicial!L100="SI",Inicial!I100,"N/A") -> N/A | AG138: {=IF(OR(M138:AE138="NO"),"No aceptable","Aceptable")} -> Aceptable | BD138: {=IF(OR(AK138:BC138="SI"),"Critico","No Critico")} -> No Critico
A139: =Inicial!A101 -> 0 | B139: =Inicial!B101 -> 0 | C139: =Inicial!C101 -> 0 | D139: =Inicial!D101 -> 0 | E139: =IF(Inicial!L101="SI",Inicial!E101,"N/A") -> N/A | F139: =IF(Inicial!L101="SI",Inicial!F101,"N/A") -> N/A | G139: =IF(Inicial!L101="SI",Inicial!G101,"N/A") -> N/A | H139: =IF(Inicial!L101="SI",Inicial!H101,"N/A") -> N/A | I139: =IF(Inicial!L101="SI",Inicial!I101,"N/A") -> N/A | AG139: {=IF(OR(M139:AE139="NO"),"No aceptable","Aceptable")} -> Aceptable | BD139: {=IF(OR(AK139:BC139="SI"),"Critico","No Critico")} -> No Critico
A140: =Inicial!A102 -> 0 | B140: =Inicial!B102 -> 0 | C140: =Inicial!C102 -> 0 | D140: =Inicial!D102 -> 0 | E140: =IF(Inicial!L102="SI",Inicial!E102,"N/A") -> N/A | F140: =IF(Inicial!L102="SI",Inicial!F102,"N/A") -> N/A | G140: =IF(Inicial!L102="SI",Inicial!G102,"N/A") -> N/A | H140: =IF(Inicial!L102="SI",Inicial!H102,"N/A") -> N/A | I140: =IF(Inicial!L102="SI",Inicial!I102,"N/A") -> N/A | AG140: {=IF(OR(M140:AE140="NO"),"No aceptable","Aceptable")} -> Aceptable | BD140: {=IF(OR(AK140:BC140="SI"),"Critico","No Critico")} -> No Critico
A141: =Inicial!A103 -> 0 | B141: =Inicial!B103 -> 0 | C141: =Inicial!C103 -> 0 | D141: =Inicial!D103 -> 0 | E141: =IF(Inicial!L103="SI",Inicial!E103,"N/A") -> N/A | F141: =IF(Inicial!L103="SI",Inicial!F103,"N/A") -> N/A | G141: =IF(Inicial!L103="SI",Inicial!G103,"N/A") -> N/A | H141: =IF(Inicial!L103="SI",Inicial!H103,"N/A") -> N/A | I141: =IF(Inicial!L103="SI",Inicial!I103,"N/A") -> N/A | AG141: {=IF(OR(M141:AE141="NO"),"No aceptable","Aceptable")} -> Aceptable | BD141: {=IF(OR(AK141:BC141="SI"),"Critico","No Critico")} -> No Critico
A142: =Inicial!A104 -> 0 | B142: =Inicial!B104 -> 0 | C142: =Inicial!C104 -> 0 | D142: =Inicial!D104 -> 0 | E142: =IF(Inicial!L104="SI",Inicial!E104,"N/A") -> N/A | F142: =IF(Inicial!L104="SI",Inicial!F104,"N/A") -> N/A | G142: =IF(Inicial!L104="SI",Inicial!G104,"N/A") -> N/A | H142: =IF(Inicial!L104="SI",Inicial!H104,"N/A") -> N/A | I142: =IF(Inicial!L104="SI",Inicial!I104,"N/A") -> N/A | AG142: {=IF(OR(M142:AE142="NO"),"No aceptable","Aceptable")} -> Aceptable | BD142: {=IF(OR(AK142:BC142="SI"),"Critico","No Critico")} -> No Critico
A143: =Inicial!A105 -> 0 | B143: =Inicial!B105 -> 0 | C143: =Inicial!C105 -> 0 | D143: =Inicial!D105 -> 0 | E143: =IF(Inicial!L105="SI",Inicial!E105,"N/A") -> N/A | F143: =IF(Inicial!L105="SI",Inicial!F105,"N/A") -> N/A | G143: =IF(Inicial!L105="SI",Inicial!G105,"N/A") -> N/A | H143: =IF(Inicial!L105="SI",Inicial!H105,"N/A") -> N/A | I143: =IF(Inicial!L105="SI",Inicial!I105,"N/A") -> N/A | AG143: {=IF(OR(M143:AE143="NO"),"No aceptable","Aceptable")} -> Aceptable | BD143: {=IF(OR(AK143:BC143="SI"),"Critico","No Critico")} -> No Critico
A144: =Inicial!A106 -> 0 | B144: =Inicial!B106 -> 0 | C144: =Inicial!C106 -> 0 | D144: =Inicial!D106 -> 0 | E144: =IF(Inicial!L106="SI",Inicial!E106,"N/A") -> N/A | F144: =IF(Inicial!L106="SI",Inicial!F106,"N/A") -> N/A | G144: =IF(Inicial!L106="SI",Inicial!G106,"N/A") -> N/A | H144: =IF(Inicial!L106="SI",Inicial!H106,"N/A") -> N/A | I144: =IF(Inicial!L106="SI",Inicial!I106,"N/A") -> N/A | AG144: {=IF(OR(M144:AE144="NO"),"No aceptable","Aceptable")} -> Aceptable | BD144: {=IF(OR(AK144:BC144="SI"),"Critico","No Critico")} -> No Critico
... A172: =Inicial!A134 -> 0 | B172: =Inicial!B134 -> 0 | C172: =Inicial!C134 -> 0 | D172: =Inicial!D134 -> 0 | E172: =IF(Inicial!L134="SI",Inicial!E134,"N/A") -> N/A | F172: =IF(Inicial!L134="SI",Inicial!F134,"N/A") -> N/A | G172: =IF(Inicial!L134="SI",Inicial!G134,"N/A") -> N/A | H172: =IF(Inicial!L134="SI",Inicial!H134,"N/A") -> N/A | I172: =IF(Inicial!L134="SI",Inicial!I134,"N/A") -> N/A | AG172: {=IF(OR(M172:AE172="NO"),"No aceptable","Aceptable")} -> Aceptable | BD172: {=IF(OR(AK172:BC172="SI"),"Critico","No Critico")} -> No Critico
A173: =Inicial!A135 -> 0 | AG173: {=IF(OR(M173:AE173="NO"),"No aceptable","Aceptable")} -> Aceptable | BD173: {=IF(OR(AK173:BC173="SI"),"Critico","No Critico")} -> No Critico
A174: =Inicial!A136 -> 0 | AG174: {=IF(OR(M174:AE174="NO"),"No aceptable","Aceptable")} -> Aceptable | BD174: {=IF(OR(AK174:BC174="SI"),"Critico","No Critico")} -> No Critico
A175: =Inicial!A137 -> 0 | BD175: {=IF(OR(AK175:BC175="SI"),"Critico","No Critico")} -> No Critico
A176: =Inicial!A138 -> 0 | BD176: {=IF(OR(AK176:BC176="SI"),"Critico","No Critico")} -> No Critico
A177: =Inicial!A139 -> 0 | BD177: {=IF(OR(AK177:BC177="SI"),"Critico","No Critico")} -> No Critico
A178: =Inicial!A140 -> 0 | BD178: {=IF(OR(AK178:BC178="SI"),"Critico","No Critico")} -> No Critico

Sheet Postura estatica
A1: Postura Estatica | F1: Horas extras | H1: N° Trabajadores Expuestos | J1: Tabla III. IDENTIFICACIÓN AVANZADA – Tarea(s) con Posturas Estáticas e incómodas de Trabajo – Condición Aceptable (CABEZA Y TRONCO) | Q1: Tabla III. IDENTIFICACIÓN AVANZADA – Tarea(s) con Posturas Estáticas e incómodas de Trabajo – Condición Aceptable Identificación de posturas de miembros superiores (Evaluar miembro con mayor exigencia) | X1: Tabla III. IDENTIFICACIÓN AVANZADA – Tarea(s) con Posturas Estáticas e incómodas de Trabajo – Condición Aceptable Identificación de posturas de Miembros Inferiores (Evaluar miembro con mayor exigencia) | AE1: Tabla VII. IDENTIFICACIÓN AVANZADA – Tarea(s) con Posturas Estáticas de Trabajo – Condición Crítica (CABEZA Y TRONCO) | AL1: Identificación de posturas de miembros superiores (Evaluar miembro con mayor exigencia) | AQ1: Identificación de posturas de Miembros Inferiores (Evaluar miembro con mayor exigencia) | AW1: Plan Acción
A2: N° | B2: Área de trabajo | C2: Puesto de trabajo | D2: Tareas del puesto de trabajo | E2: Horario de funcionamiento | F2: Por dia | G2: Por Semana | H2: HOMBRE | I2: MUJER | J2: ¿Las posturas de tronco y cuello son simétricas? | K2: En caso de haber flexión de tronco (inclinación hacia delante), ¿es menor a 20º?, o en caso de existir extensión (inclinación hacia atrás), ¿el tronco está totalmente apoyado? | L2: Si existe flexión de tronco entre 20º y 60º, ¿este se encuentra totalmente apoyado? | M2: ¿Está ausente la extensión de cuello? | N2: En caso de que exista flexión de cuello, ¿no supera los 25º? | O2: Estando la cabeza inclinada hacia atrás (extensión), ¿se encuentra totalmente apoyada | P2: Si está sentado, ¿la curvatura de la espalda se mantiene no forzada? | Q2: Miembro con mayor exigencia | R2: ¿Están ausentes las posturas forzadas de MMSS (Miembros Superiores)? | S2: ¿Los hombros no se encuentran levantados? | T2: Estando el brazo sin apoyo completo, ¿La elevación del miembro superior es menor a 20°? | U2: Con el brazo totalmente apoyado, ¿la elevación del miembro superior no supera los 60°? | V2: ¿Están ausentes la flexión / extensión extrema de codo? | W2: ¿Está ausente el giro extremo de muñeca? | X2: Miembro con mayor exigencia | Y2: ¿Está ausente la flexión extrema de rodilla? | Z2: En postura de pie ¿La rodilla no está en flexión? | AA2: ¿El tobillo está en posición neutra? | AB2: ¿Están ausentes las posiciones cuclillas y arrodillado? | AC2: Cuando está sentado, ¿El ángulo de la rodilla está entre 90º y 135º? | AD2: Condición Aceptable | AE2: ¿La postura de tronco o la postura de cuello están en rangos extremos? | AF2: ¿Existe flexión de tronco (inclinación hacia adelante) de 60° o más? | AG2: ¿Existe flexión de tronco (aun cuando sea levemente) durante más de 4 minutos continuos? | AH2: ¿Está la cabeza extendida (inclinada hacia atrás) sin apoyo? | AI2: ¿Está la cabeza en flexión (inclinacion hacia adelante) de 25° o mas? | AJ2: ¿Está la cabeza en flexión (aunque sea levemente ) durante mas de 8 minutos continuos? | AK2: Si está sentado, ¿la espalda (región lumbar) está forzada y no logra mantener la curvatura natural? | AL2: ¿Hay posturas de brazos que los trabajadores relaten como muy incomodas y que les impiden el normal desenvolvimiento? | AM2: ¿Los hombros se encuentran levantados sobre los 60°? | AN2: ¿Los hombros se encuentran levantados (aún cuando sea levemente) durante más de 3 minutos continuos? | AO2: ¿Hay flexión / extensión extrema de codo y rotación extrema de antebrazo? | AP2: ¿Hay giro extremo de muñeca? | AQ2: ¿Hay flexión extrema de rodilla (posición de cuclillas o sentado en los talones)? | AR2: Estando en postura de pie, ¿la rodilla se encuentra en flexión leve sostenida? | AS2: ¿El tobillo se encuentra en una posición extrema de flexión o extensión? | AT2: ¿Se adoptan posiciones en cuclillas y/o arrodillado de la rodilla? | AU2: Estando sentado, ¿la angulación de rodilla es menor de 90° y mayor de 135°? | AV2: Condición Crítica | AW2: Fecha aplicación identificación avanzada | AX2: Medidas de control (administrativas) | AY2: Medidas de control (Ingeniería) | AZ2: Responsable aplicación medida | BA2: Fecha de implementación medidas (Max 90 días) | BB2: Evidencia
A3: =Inicial!A3 -> 1 | B3: =Inicial!B3 -> Despacho | C3: =Inicial!C3 -> Carton Frezzer | D3: =Inicial!D3 -> Pinchador | E3: =IF(Inicial!K3="SI",Inicial!E3,"N/A") -> N/A | F3: =IF(Inicial!K3="SI",Inicial!F3,"N/A") -> N/A | G3: =IF(Inicial!K3="SI",Inicial!G3,"N/A") -> N/A | H3: =IF(Inicial!K3="SI",Inicial!H3,"N/A") -> N/A | I3: =IF(Inicial!K3="SI",Inicial!I3,"N/A") -> N/A | AD3: =IF(OR(J3="NO",K3="NO",L3="NO",M3="NO",N3="NO",O3="NO",P3="NO",R3="NO",S3="NO",T3="NO",U3="NO", V3="NO",W3="NO",Y3="NO",Z3="NO",AA3="NO",AB3="NO",AC3="NO"),"No aceptable","Aceptable") -> Aceptable | AV3: {=IF(OR(AE3:AU3="SI"),"Critico","No critico")} -> No critico
A4: =Inicial!A4 -> 2 | B4: =Inicial!B4 -> Despacho | C4: =Inicial!C4 -> Carton Frezzer | D4: =Inicial!D4 -> Depaletizador | E4: =IF(Inicial!K4="SI",Inicial!E4,"N/A") -> N/A | F4: =IF(Inicial!K4="SI",Inicial!F4,"N/A") -> N/A | G4: =IF(Inicial!K4="SI",Inicial!G4,"N/A") -> N/A | H4: =IF(Inicial!K4="SI",Inicial!H4,"N/A") -> N/A | I4: =IF(Inicial!K4="SI",Inicial!I4,"N/A") -> N/A | AD4: =IF(OR(J4="NO",K4="NO",L4="NO",M4="NO",N4="NO",O4="NO",P4="NO",R4="NO",S4="NO",T4="NO",U4="NO", V4="NO",W4="NO",Y4="NO",Z4="NO",AA4="NO",AB4="NO",AC4="NO"),"No aceptable","Aceptable") -> Aceptable | AV4: {=IF(OR(AE4:AU4="SI"),"Critico","No critico")} -> No critico
A5: =Inicial!A5 -> 3 | B5: =Inicial!B5 -> Despacho | C5: =Inicial!C5 -> Carton Frezzer | D5: =Inicial!D5 -> Pinchador | E5: =IF(Inicial!K5="SI",Inicial!E5,"N/A") -> N/A | F5: =IF(Inicial!K5="SI",Inicial!F5,"N/A") -> N/A | G5: =IF(Inicial!K5="SI",Inicial!G5,"N/A") -> N/A | H5: =IF(Inicial!K5="SI",Inicial!H5,"N/A") -> N/A | I5: =IF(Inicial!K5="SI",Inicial!I5,"N/A") -> N/A | AD5: =IF(OR(J5="NO",K5="NO",L5="NO",M5="NO",N5="NO",O5="NO",P5="NO",R5="NO",S5="NO",T5="NO",U5="NO", V5="NO",W5="NO",Y5="NO",Z5="NO",AA5="NO",AB5="NO",AC5="NO"),"No aceptable","Aceptable") -> Aceptable | AV5: {=IF(OR(AE5:AU5="SI"),"Critico","No critico")} -> No critico
A6: =Inicial!A6 -> 4 | B6: =Inicial!B6 -> Despacho | C6: =Inicial!C6 -> Despacho congelado | D6: =Inicial!D6 -> Gruero | E6: =IF(Inicial!K6="SI",Inicial!E6,"N/A") -> N/A | F6: =IF(Inicial!K6="SI",Inicial!F6,"N/A") -> N/A | G6: =IF(Inicial!K6="SI",Inicial!G6,"N/A") -> N/A | H6: =IF(Inicial!K6="SI",Inicial!H6,"N/A") -> N/A | I6: =IF(Inicial!K6="SI",Inicial!I6,"N/A") -> N/A | AD6: =IF(OR(J6="NO",K6="NO",L6="NO",M6="NO",N6="NO",O6="NO",P6="NO",R6="NO",S6="NO",T6="NO",U6="NO", V6="NO",W6="NO",Y6="NO",Z6="NO",AA6="NO",AB6="NO",AC6="NO"),"No aceptable","Aceptable") -> Aceptable | AV6: {=IF(OR(AE6:AU6="SI"),"Critico","No critico")} -> No critico
A7: =Inicial!A7 -> 5 | B7: =Inicial!B7 -> Despacho | C7: =Inicial!C7 -> Despacho congelado | D7: =Inicial!D7 -> Transpaletero | E7: =IF(Inicial!K7="SI",Inicial!E7,"N/A") -> N/A | F7: =IF(Inicial!K7="SI",Inicial!F7,"N/A") -> N/A | G7: =IF(Inicial!K7="SI",Inicial!G7,"N/A") -> N/A | H7: =IF(Inicial!K7="SI",Inicial!H7,"N/A") -> N/A | I7: =IF(Inicial!K7="SI",Inicial!I7,"N/A") -> N/A | AD7: =IF(OR(J7="NO",K7="NO",L7="NO",M7="NO",N7="NO",O7="NO",P7="NO",R7="NO",S7="NO",T7="NO",U7="NO", V7="NO",W7="NO",Y7="NO",Z7="NO",AA7="NO",AB7="NO",AC7="NO"),"No aceptable","Aceptable") -> Aceptable | AV7: {=IF(OR(AE7:AU7="SI"),"Critico","No critico")} -> No critico
A8: =Inicial!A8 -> 6 | B8: =Inicial!B8 -> Despacho | C8: =Inicial!C8 -> Despacho congelado | D8: =Inicial!D8 -> Postura de films | E8: =IF(Inicial!K8="SI",Inicial!E8,"N/A") -> N/A | F8: =IF(Inicial!K8="SI",Inicial!F8,"N/A") -> N/A | G8: =IF(Inicial!K8="SI",Inicial!G8,"N/A") -> N/A | H8: =IF(Inicial!K8="SI",Inicial!H8,"N/A") -> N/A | I8: =IF(Inicial!K8="SI",Inicial!I8,"N/A") -> N/A | AD8: =IF(OR(J8="NO",K8="NO",L8="NO",M8="NO",N8="NO",O8="NO",P8="NO",R8="NO",S8="NO",T8="NO",U8="NO", V8="NO",W8="NO",Y8="NO",Z8="NO",AA8="NO",AB8="NO",AC8="NO"),"No aceptable","Aceptable") -> Aceptable | AV8: {=IF(OR(AE8:AU8="SI"),"Critico","No critico")} -> No critico
A9: =Inicial!A9 -> 7 | B9: =Inicial!B9 -> Despacho | C9: =Inicial!C9 -> Despacho Congelado | D9: =Inicial!D9 -> Reprocesos de producto | E9: =IF(Inicial!K9="SI",Inicial!E9,"N/A") -> N/A | F9: =IF(Inicial!K9="SI",Inicial!F9,"N/A") -> N/A | G9: =IF(Inicial!K9="SI",Inicial!G9,"N/A") -> N/A | H9: =IF(Inicial!K9="SI",Inicial!H9,"N/A") -> N/A | I9: =IF(Inicial!K9="SI",Inicial!I9,"N/A") -> N/A | AD9: =IF(OR(J9="NO",K9="NO",L9="NO",M9="NO",N9="NO",O9="NO",P9="NO",R9="NO",S9="NO",T9="NO",U9="NO", V9="NO",W9="NO",Y9="NO",Z9="NO",AA9="NO",AB9="NO",AC9="NO"),"No aceptable","Aceptable") -> Aceptable | AV9: {=IF(OR(AE9:AU9="SI"),"Critico","No critico")} -> No critico
A10: =Inicial!#REF! -> #REF! | B10: =Inicial!#REF! -> #REF! | C10: =Inicial!#REF! -> #REF! | D10: =Inicial!#REF! -> #REF! | E10: =IF(Inicial!#REF!="SI",Inicial!#REF!,"N/A") -> #REF! | F10: =IF(Inicial!#REF!="SI",Inicial!#REF!,"N/A") -> #REF! | G10: =IF(Inicial!#REF!="SI",Inicial!#REF!,"N/A") -> #REF! | H10: =IF(Inicial!#REF!="SI",Inicial!#REF!,"N/A") -> #REF! | I10: =IF(Inicial!#REF!="SI",Inicial!#REF!,"N/A") -> #REF! | AD10: =IF(OR(J10="NO",K10="NO",L10="NO",M10="NO",N10="NO",O10="NO",P10="NO",R10="NO",S10="NO",T10="NO",U10="NO", V10="NO",W10="NO",Y10="NO",Z10="NO",AA10="NO",AB10="NO",AC10="NO"),"No aceptable","Aceptable") -> Aceptable | AV10: {=IF(OR(AE10:AU10="SI"),"Critico","No critico")} -> No critico
A11: =Inicial!#REF! -> #REF! | B11: =Inicial!#REF! -> #REF! | C11: =Inicial!#REF! -> #REF! | D11: =Inicial!#REF! -> #REF! | E11: =IF(Inicial!#REF!="SI",Inicial!#REF!,"N/A") -> #REF! | F11: =IF(Inicial!#REF!="SI",Inicial!#REF!,"N/A") -> #REF! | G11: =IF(Inicial!#REF!="SI",Inicial!#REF!,"N/A") -> #REF! | H11: =IF(Inicial!#REF!="SI",Inicial!#REF!,"N/A") -> #REF! | I11: =IF(Inicial!#REF!="SI",Inicial!#REF!,"N/A") -> #REF! | AD11: =IF(OR(J11="NO",K11="NO",L11="NO",M11="NO",N11="NO",O11="NO",P11="NO",R11="NO",S11="NO",T11="NO",U11="NO", V11="NO",W11="NO",Y11="NO",Z11="NO",AA11="NO",AB11="NO",AC11="NO"),"No aceptable","Aceptable") -> Aceptable | AV11: {=IF(OR(AE11:AU11="SI"),"Critico","No critico")} -> No critico
A12: =Inicial!#REF! -> #REF! | B12: =Inicial!#REF! -> #REF! | C12: =Inicial!#REF! -> #REF! | D12: =Inicial!#REF! -> #REF! | E12: =IF(Inicial!#REF!="SI",Inicial!#REF!,"N/A") -> #REF! | F12: =IF(Inicial!#REF!="SI",Inicial!#REF!,"N/A") -> #REF! | G12: =IF(Inicial!#REF!="SI",Inicial!#REF!,"N/A") -> #REF! | H12: =IF(Inicial!#REF!="SI",Inicial!#REF!,"N/A") -> #REF! | I12: =IF(Inicial!#REF!="SI",Inicial!#REF!,"N/A") -> #REF! | AD12: =IF(OR(J12="NO",K12="NO",L12="NO",M12="NO",N12="NO",O12="NO",P12="NO",R12="NO",S12="NO",T12="NO",U12="NO", V12="NO",W12="NO",Y12="NO",Z12="NO",AA12="NO",AB12="NO",AC12="NO"),"No aceptable","Aceptable") -> Aceptable | AV12: {=IF(OR(AE12:AU12="SI"),"Critico","No critico")} -> No critico
A13: =Inicial!#REF! -> #REF! | B13: =Inicial!#REF! -> #REF! | C13: =Inicial!#REF! -> #REF! | D13: =Inicial!#REF! -> #REF! | E13: =IF(Inicial!#REF!="SI",Inicial!#REF!,"N/A") -> #REF! | F13: =IF(Inicial!#REF!="SI",Inicial!#REF!,"N/A") -> #REF! | G13: =IF(Inicial!#REF!="SI",Inicial!#REF!,"N/A") -> #REF! | H13: =IF(Inicial!#REF!="SI",Inicial!#REF!,"N/A") -> #REF! | I13: =IF(Inicial!#REF!="SI",Inicial!#REF!,"N/A") -> #REF! | AD13: =IF(OR(J13="NO",K13="NO",L13="NO",M13="NO",N13="NO",O13="NO",P13="NO",R13="NO",S13="NO",T13="NO",U13="NO", V13="NO",W13="NO",Y13="NO",Z13="NO",AA13="NO",AB13="NO",AC13="NO"),"No aceptable","Aceptable") -> Aceptable | AV13: {=IF(OR(AE13:AU13="SI"),"Critico","No critico")} -> No critico
A14: =Inicial!#REF! -> #REF! | B14: =Inicial!#REF! -> #REF! | C14: =Inicial!#REF! -> #REF! | D14: =Inicial!#REF! -> #REF! | E14: =IF(Inicial!#REF!="SI",Inicial!#REF!,"N/A") -> #REF! | F14: =IF(Inicial!#REF!="SI",Inicial!#REF!,"N/A") -> #REF! | G14: =IF(Inicial!#REF!="SI",Inicial!#REF!,"N/A") -> #REF! | H14: =IF(Inicial!#REF!="SI",Inicial!#REF!,"N/A") -> #REF! | I14: =IF(Inicial!#REF!="SI",Inicial!#REF!,"N/A") -> #REF! | AD14: =IF(OR(J14="NO",K14="NO",L14="NO",M14="NO",N14="NO",O14="NO",P14="NO",R14="NO",S14="NO",T14="NO",U14="NO", V14="NO",W14="NO",Y14="NO",Z14="NO",AA14="NO",AB14="NO",AC14="NO"),"No aceptable","Aceptable") -> Aceptable | AV14: {=IF(OR(AE14:AU14="SI"),"Critico","No critico")} -> No critico
A15: =Inicial!#REF! -> #REF! | B15: =Inicial!#REF! -> #REF! | C15: =Inicial!#REF! -> #REF! | D15: =Inicial!#REF! -> #REF! | E15: =IF(Inicial!#REF!="SI",Inicial!#REF!,"N/A") -> #REF! | F15: =IF(Inicial!#REF!="SI",Inicial!#REF!,"N/A") -> #REF! | G15: =IF(Inicial!#REF!="SI",Inicial!#REF!,"N/A") -> #REF! | H15: =IF(Inicial!#REF!="SI",Inicial!#REF!,"N/A") -> #REF! | I15: =IF(Inicial!#REF!="SI",Inicial!#REF!,"N/A") -> #REF! | AD15: =IF(OR(J15="NO",K15="NO",L15="NO",M15="NO",N15="NO",O15="NO",P15="NO",R15="NO",S15="NO",T15="NO",U15="NO", V15="NO",W15="NO",Y15="NO",Z15="NO",AA15="NO",AB15="NO",AC15="NO"),"No aceptable","Aceptable") -> Aceptable | AV15: {=IF(OR(AE15:AU15="SI"),"Critico","No critico")} -> No critico
A16: =Inicial!#REF! -> #REF! | B16: =Inicial!#REF! -> #REF! | C16: =Inicial!#REF! -> #REF! | D16: =Inicial!#REF! -> #REF! | E16: =IF(Inicial!#REF!="SI",Inicial!#REF!,"N/A") -> #REF! | F16: =IF(Inicial!#REF!="SI",Inicial!#REF!,"N/A") -> #REF! | G16: =IF(Inicial!#REF!="SI",Inicial!#REF!,"N/A") -> #REF! | H16: =IF(Inicial!#REF!="SI",Inicial!#REF!,"N/A") -> #REF! | I16: =IF(Inicial!#REF!="SI",Inicial!#REF!,"N/A") -> #REF! | AD16: =IF(OR(J16="NO",K16="NO",L16="NO",M16="NO",N16="NO",O16="NO",P16="NO",R16="NO",S16="NO",T16="NO",U16="NO", V16="NO",W16="NO",Y16="NO",Z16="NO",AA16="NO",AB16="NO",AC16="NO"),"No aceptable","Aceptable") -> Aceptable | AV16: {=IF(OR(AE16:AU16="SI"),"Critico","No critico")} -> No critico
A17: =Inicial!#REF! -> #REF! | B17: =Inicial!#REF! -> #REF! | C17: =Inicial!#REF! -> #REF! | D17: =Inicial!#REF! -> #REF! | E17: =IF(Inicial!#REF!="SI",Inicial!#REF!,"N/A") -> #REF! | F17: =IF(Inicial!#REF!="SI",Inicial!#REF!,"N/A") -> #REF! | G17: =IF(Inicial!#REF!="SI",Inicial!#REF!,"N/A") -> #REF! | H17: =IF(Inicial!#REF!="SI",Inicial!#REF!,"N/A") -> #REF! | I17: =IF(Inicial!#REF!="SI",Inicial!#REF!,"N/A") -> #REF! | AD17: =IF(OR(J17="NO",K17="NO",L17="NO",M17="NO",N17="NO",O17="NO",P17="NO",R17="NO",S17="NO",T17="NO",U17="NO", V17="NO",W17="NO",Y17="NO",Z17="NO",AA17="NO",AB17="NO",AC17="NO"),"No aceptable","Aceptable") -> Aceptable | AV17: {=IF(OR(AE17:AU17="SI"),"Critico","No critico")} -> No critico
A18: =Inicial!#REF! -> #REF! | B18: =Inicial!#REF! -> #REF! | C18: =Inicial!#REF! -> #REF! | D18: =Inicial!#REF! -> #REF! | E18: =IF(Inicial!#REF!="SI",Inicial!#REF!,"N/A") -> #REF! | F18: =IF(Inicial!#REF!="SI",Inicial!#REF!,"N/A") -> #REF! | G18: =IF(Inicial!#REF!="SI",Inicial!#REF!,"N/A") -> #REF! | H18: =IF(Inicial!#REF!="SI",Inicial!#REF!,"N/A") -> #REF! | I18: =IF(Inicial!#REF!="SI",Inicial!#REF!,"N/A") -> #REF! | AD18: =IF(OR(J18="NO",K18="NO",L18="NO",M18="NO",N18="NO",O18="NO",P18="NO",R18="NO",S18="NO",T18="NO",U18="NO", V18="NO",W18="NO",Y18="NO",Z18="NO",AA18="NO",AB18="NO",AC18="NO"),"No aceptable","Aceptable") -> Aceptable | AV18: {=IF(OR(AE18:AU18="SI"),"Critico","No critico")} -> No critico
A19: =Inicial!#REF! -> #REF! | B19: =Inicial!#REF! -> #REF! | C19: =Inicial!#REF! -> #REF! | D19: =Inicial!#REF! -> #REF! | E19: =IF(Inicial!#REF!="SI",Inicial!#REF!,"N/A") -> #REF! | F19: =IF(Inicial!#REF!="SI",Inicial!#REF!,"N/A") -> #REF! | G19: =IF(Inicial!#REF!="SI",Inicial!#REF!,"N/A") -> #REF! | H19: =IF(Inicial!#REF!="SI",Inicial!#REF!,"N/A") -> #REF! | I19: =IF(Inicial!#REF!="SI",Inicial!#REF!,"N/A") -> #REF! | AD19: =IF(OR(J19="NO",K19="NO",L19="NO",M19="NO",N19="NO",O19="NO",P19="NO",R19="NO",S19="NO",T19="NO",U19="NO", V19="NO",W19="NO",Y19="NO",Z19="NO",AA19="NO",AB19="NO",AC19="NO"),"No aceptable","Aceptable") -> Aceptable | AV19: {=IF(OR(AE19:AU19="SI"),"Critico","No critico")} -> No critico
A20: =Inicial!#REF! -> #REF! | B20: =Inicial!#REF! -> #REF! | C20: =Inicial!#REF! -> #REF! | D20: =Inicial!#REF! -> #REF! | E20: =IF(Inicial!#REF!="SI",Inicial!#REF!,"N/A") -> #REF! | F20: =IF(Inicial!#REF!="SI",Inicial!#REF!,"N/A") -> #REF! | G20: =IF(Inicial!#REF!="SI",Inicial!#REF!,"N/A") -> #REF! | H20: =IF(Inicial!#REF!="SI",Inicial!#REF!,"N/A") -> #REF! | I20: =IF(Inicial!#REF!="SI",Inicial!#REF!,"N/A") -> #REF! | AD20: =IF(OR(J20="NO",K20="NO",L20="NO",M20="NO",N20="NO",O20="NO",P20="NO",R20="NO",S20="NO",T20="NO",U20="NO", V20="NO",W20="NO",Y20="NO",Z20="NO",AA20="NO",AB20="NO",AC20="NO"),"No aceptable","Aceptable") -> Aceptable | AV20: {=IF(OR(AE20:AU20="SI"),"Critico","No critico")} -> No critico
A21: =Inicial!#REF! -> #REF! | B21: =Inicial!#REF! -> #REF! | C21: =Inicial!#REF! -> #REF! | D21: =Inicial!#REF! -> #REF! | E21: =IF(Inicial!#REF!="SI",Inicial!#REF!,"N/A") -> #REF! | F21: =IF(Inicial!#REF!="SI",Inicial!#REF!,"N/A") -> #REF! | G21: =IF(Inicial!#REF!="SI",Inicial!#REF!,"N/A") -> #REF! | H21: =IF(Inicial!#REF!="SI",Inicial!#REF!,"N/A") -> #REF! | I21: =IF(Inicial!#REF!="SI",Inicial!#REF!,"N/A") -> #REF! | AD21: =IF(OR(J21="NO",K21="NO",L21="NO",M21="NO",N21="NO",O21="NO",P21="NO",R21="NO",S21="NO",T21="NO",U21="NO", V21="NO",W21="NO",Y21="NO",Z21="NO",AA21="NO",AB21="NO",AC21="NO"),"No aceptable","Aceptable") -> Aceptable | AV21: {=IF(OR(AE21:AU21="SI"),"Critico","No critico")} -> No critico
... A47: =Inicial!#REF! -> #REF! | B47: =Inicial!#REF! -> #REF! | C47: =Inicial!#REF! -> #REF! | D47: =Inicial!#REF! -> #REF! | E47: =IF(Inicial!#REF!="SI",Inicial!#REF!,"N/A") -> #REF! | F47: =IF(Inicial!#REF!="SI",Inicial!#REF!,"N/A") -> #REF! | G47: =IF(Inicial!#REF!="SI",Inicial!#REF!,"N/A") -> #REF! | H47: =IF(Inicial!#REF!="SI",Inicial!#REF!,"N/A") -> #REF! | I47: =IF(Inicial!#REF!="SI",Inicial!#REF!,"N/A") -> #REF! | AD47: =IF(OR(J47="NO",K47="NO",L47="NO",M47="NO",N47="NO",O47="NO",P47="NO",R47="NO",S47="NO",T47="NO",U47="NO", V47="NO",W47="NO",Y47="NO",Z47="NO",AA47="NO",AB47="NO",AC47="NO"),"No aceptable","Aceptable") -> Aceptable | AV47: {=IF(OR(AE47:AU47="SI"),"Critico","No critico")} -> No critico
A48: =Inicial!A10 -> 0 | B48: =Inicial!B10 -> 0 | C48: =Inicial!C10 -> 0 | D48: =Inicial!D10 -> 0 | E48: =IF(Inicial!K10="SI",Inicial!E10,"N/A") -> N/A | F48: =IF(Inicial!K10="SI",Inicial!F10,"N/A") -> N/A | G48: =IF(Inicial!K10="SI",Inicial!G10,"N/A") -> N/A | H48: =IF(Inicial!K10="SI",Inicial!H10,"N/A") -> N/A | I48: =IF(Inicial!K10="SI",Inicial!I10,"N/A") -> N/A | AD48: =IF(OR(J48="NO",K48="NO",L48="NO",M48="NO",N48="NO",O48="NO",P48="NO",R48="NO",S48="NO",T48="NO",U48="NO", V48="NO",W48="NO",Y48="NO",Z48="NO",AA48="NO",AB48="NO",AC48="NO"),"No aceptable","Aceptable") -> Aceptable | AV48: {=IF(OR(AE48:AU48="SI"),"Critico","No critico")} -> No critico
A49: =Inicial!A11 -> 0 | B49: =Inicial!B11 -> 0 | C49: =Inicial!C11 -> 0 | D49: =Inicial!D11 -> 0 | E49: =IF(Inicial!K11="SI",Inicial!E11,"N/A") -> N/A | F49: =IF(Inicial!K11="SI",Inicial!F11,"N/A") -> N/A | G49: =IF(Inicial!K11="SI",Inicial!G11,"N/A") -> N/A | H49: =IF(Inicial!K11="SI",Inicial!H11,"N/A") -> N/A | I49: =IF(Inicial!K11="SI",Inicial!I11,"N/A") -> N/A | AD49: =IF(OR(J49="NO",K49="NO",L49="NO",M49="NO",N49="NO",O49="NO",P49="NO",R49="NO",S49="NO",T49="NO",U49="NO", V49="NO",W49="NO",Y49="NO",Z49="NO",AA49="NO",AB49="NO",AC49="NO"),"No aceptable","Aceptable") -> Aceptable | AV49: {=IF(OR(AE49:AU49="SI"),"Critico","No critico")} -> No critico
A50: =Inicial!A12 -> 0 | B50: =Inicial!B12 -> 0 | C50: =Inicial!C12 -> 0 | D50: =Inicial!D12 -> 0 | E50: =IF(Inicial!K12="SI",Inicial!E12,"N/A") -> N/A | F50: =IF(Inicial!K12="SI",Inicial!F12,"N/A") -> N/A | G50: =IF(Inicial!K12="SI",Inicial!G12,"N/A") -> N/A | H50: =IF(Inicial!K12="SI",Inicial!H12,"N/A") -> N/A | I50: =IF(Inicial!K12="SI",Inicial!I12,"N/A") -> N/A | AD50: =IF(OR(J50="NO",K50="NO",L50="NO",M50="NO",N50="NO",O50="NO",P50="NO",R50="NO",S50="NO",T50="NO",U50="NO", V50="NO",W50="NO",Y50="NO",Z50="NO",AA50="NO",AB50="NO",AC50="NO"),"No aceptable","Aceptable") -> Aceptable | AV50: {=IF(OR(AE50:AU50="SI"),"Critico","No critico")} -> No critico
A51: =Inicial!A13 -> 0 | B51: =Inicial!B13 -> 0 | C51: =Inicial!C13 -> 0 | D51: =Inicial!D13 -> 0 | E51: =IF(Inicial!K13="SI",Inicial!E13,"N/A") -> N/A | F51: =IF(Inicial!K13="SI",Inicial!F13,"N/A") -> N/A | G51: =IF(Inicial!K13="SI",Inicial!G13,"N/A") -> N/A | H51: =IF(Inicial!K13="SI",Inicial!H13,"N/A") -> N/A | I51: =IF(Inicial!K13="SI",Inicial!I13,"N/A") -> N/A | AD51: =IF(OR(J51="NO",K51="NO",L51="NO",M51="NO",N51="NO",O51="NO",P51="NO",R51="NO",S51="NO",T51="NO",U51="NO", V51="NO",W51="NO",Y51="NO",Z51="NO",AA51="NO",AB51="NO",AC51="NO"),"No aceptable","Aceptable") -> Aceptable | AV51: {=IF(OR(AE51:AU51="SI"),"Critico","No critico")} -> No critico
A52: =Inicial!A14 -> 0 | B52: =Inicial!B14 -> 0 | C52: =Inicial!C14 -> 0 | D52: =Inicial!D14 -> 0 | E52: =IF(Inicial!K14="SI",Inicial!E14,"N/A") -> N/A | F52: =IF(Inicial!K14="SI",Inicial!F14,"N/A") -> N/A | G52: =IF(Inicial!K14="SI",Inicial!G14,"N/A") -> N/A | H52: =IF(Inicial!K14="SI",Inicial!H14,"N/A") -> N/A | I52: =IF(Inicial!K14="SI",Inicial!I14,"N/A") -> N/A | AD52: =IF(OR(J52="NO",K52="NO",L52="NO",M52="NO",N52="NO",O52="NO",P52="NO",R52="NO",S52="NO",T52="NO",U52="NO", V52="NO",W52="NO",Y52="NO",Z52="NO",AA52="NO",AB52="NO",AC52="NO"),"No aceptable","Aceptable") -> Aceptable | AV52: {=IF(OR(AE52:AU52="SI"),"Critico","No critico")} -> No critico
A53: =Inicial!A15 -> 0 | B53: =Inicial!B15 -> 0 | C53: =Inicial!C15 -> 0 | D53: =Inicial!D15 -> 0 | E53: =IF(Inicial!K15="SI",Inicial!E15,"N/A") -> N/A | F53: =IF(Inicial!K15="SI",Inicial!F15,"N/A") -> N/A | G53: =IF(Inicial!K15="SI",Inicial!G15,"N/A") -> N/A | H53: =IF(Inicial!K15="SI",Inicial!H15,"N/A") -> N/A | I53: =IF(Inicial!K15="SI",Inicial!I15,"N/A") -> N/A | AD53: =IF(OR(J53="NO",K53="NO",L53="NO",M53="NO",N53="NO",O53="NO",P53="NO",R53="NO",S53="NO",T53="NO",U53="NO", V53="NO",W53="NO",Y53="NO",Z53="NO",AA53="NO",AB53="NO",AC53="NO"),"No aceptable","Aceptable") -> Aceptable | AV53: {=IF(OR(AE53:AU53="SI"),"Critico","No critico")} -> No critico
A54: =Inicial!A16 -> 0 | B54: =Inicial!B16 -> 0 | C54: =Inicial!C16 -> 0 | D54: =Inicial!D16 -> 0 | E54: =IF(Inicial!K16="SI",Inicial!E16,"N/A") -> N/A | F54: =IF(Inicial!K16="SI",Inicial!F16,"N/A") -> N/A | G54: =IF(Inicial!K16="SI",Inicial!G16,"N/A") -> N/A | H54: =IF(Inicial!K16="SI",Inicial!H16,"N/A") -> N/A | I54: =IF(Inicial!K16="SI",Inicial!I16,"N/A") -> N/A | AD54: =IF(OR(J54="NO",K54="NO",L54="NO",M54="NO",N54="NO",O54="NO",P54="NO",R54="NO",S54="NO",T54="NO",U54="NO", V54="NO",W54="NO",Y54="NO",Z54="NO",AA54="NO",AB54="NO",AC54="NO"),"No aceptable","Aceptable") -> Aceptable | AV54: {=IF(OR(AE54:AU54="SI"),"Critico","No critico")} -> No critico
A55: =Inicial!A17 -> 0 | B55: =Inicial!B17 -> 0 | C55: =Inicial!C17 -> 0 | D55: =Inicial!D17 -> 0 | E55: =IF(Inicial!K17="SI",Inicial!E17,"N/A") -> N/A | F55: =IF(Inicial!K17="SI",Inicial!F17,"N/A") -> N/A | G55: =IF(Inicial!K17="SI",Inicial!G17,"N/A") -> N/A | H55: =IF(Inicial!K17="SI",Inicial!H17,"N/A") -> N/A | I55: =IF(Inicial!K17="SI",Inicial!I17,"N/A") -> N/A | AD55: =IF(OR(J55="NO",K55="NO",L55="NO",M55="NO",N55="NO",O55="NO",P55="NO",R55="NO",S55="NO",T55="NO",U55="NO", V55="NO",W55="NO",Y55="NO",Z55="NO",AA55="NO",AB55="NO",AC55="NO"),"No aceptable","Aceptable") -> Aceptable | AV55: {=IF(OR(AE55:AU55="SI"),"Critico","No critico")} -> No critico
A56: =Inicial!A18 -> 0 | B56: =Inicial!B18 -> 0 | C56: =Inicial!C18 -> 0 | D56: =Inicial!D18 -> 0 | E56: =IF(Inicial!K18="SI",Inicial!E18,"N/A") -> N/A | F56: =IF(Inicial!K18="SI",Inicial!F18,"N/A") -> N/A | G56: =IF(Inicial!K18="SI",Inicial!G18,"N/A") -> N/A | H56: =IF(Inicial!K18="SI",Inicial!H18,"N/A") -> N/A | I56: =IF(Inicial!K18="SI",Inicial!I18,"N/A") -> N/A | AD56: =IF(OR(J56="NO",K56="NO",L56="NO",M56="NO",N56="NO",O56="NO",P56="NO",R56="NO",S56="NO",T56="NO",U56="NO", V56="NO",W56="NO",Y56="NO",Z56="NO",AA56="NO",AB56="NO",AC56="NO"),"No aceptable","Aceptable") -> Aceptable | AV56: {=IF(OR(AE56:AU56="SI"),"Critico","No critico")} -> No critico
A57: =Inicial!A19 -> 0 | B57: =Inicial!B19 -> 0 | C57: =Inicial!C19 -> 0 | D57: =Inicial!D19 -> 0 | E57: =IF(Inicial!K19="SI",Inicial!E19,"N/A") -> N/A | F57: =IF(Inicial!K19="SI",Inicial!F19,"N/A") -> N/A | G57: =IF(Inicial!K19="SI",Inicial!G19,"N/A") -> N/A | H57: =IF(Inicial!K19="SI",Inicial!H19,"N/A") -> N/A | I57: =IF(Inicial!K19="SI",Inicial!I19,"N/A") -> N/A | AD57: =IF(OR(J57="NO",K57="NO",L57="NO",M57="NO",N57="NO",O57="NO",P57="NO",R57="NO",S57="NO",T57="NO",U57="NO", V57="NO",W57="NO",Y57="NO",Z57="NO",AA57="NO",AB57="NO",AC57="NO"),"No aceptable","Aceptable") -> Aceptable | AV57: {=IF(OR(AE57:AU57="SI"),"Critico","No critico")} -> No critico
A58: =Inicial!A20 -> 0 | B58: =Inicial!B20 -> 0 | C58: =Inicial!C20 -> 0 | D58: =Inicial!D20 -> 0 | E58: =IF(Inicial!K20="SI",Inicial!E20,"N/A") -> N/A | F58: =IF(Inicial!K20="SI",Inicial!F20,"N/A") -> N/A | G58: =IF(Inicial!K20="SI",Inicial!G20,"N/A") -> N/A | H58: =IF(Inicial!K20="SI",Inicial!H20,"N/A") -> N/A | I58: =IF(Inicial!K20="SI",Inicial!I20,"N/A") -> N/A | AD58: =IF(OR(J58="NO",K58="NO",L58="NO",M58="NO",N58="NO",O58="NO",P58="NO",R58="NO",S58="NO",T58="NO",U58="NO", V58="NO",W58="NO",Y58="NO",Z58="NO",AA58="NO",AB58="NO",AC58="NO"),"No aceptable","Aceptable") -> Aceptable | AV58: {=IF(OR(AE58:AU58="SI"),"Critico","No critico")} -> No critico
A59: =Inicial!A21 -> 0 | B59: =Inicial!B21 -> 0 | C59: =Inicial!C21 -> 0 | D59: =Inicial!D21 -> 0 | E59: =IF(Inicial!K21="SI",Inicial!E21,"N/A") -> N/A | F59: =IF(Inicial!K21="SI",Inicial!F21,"N/A") -> N/A | G59: =IF(Inicial!K21="SI",Inicial!G21,"N/A") -> N/A | H59: =IF(Inicial!K21="SI",Inicial!H21,"N/A") -> N/A | I59: =IF(Inicial!K21="SI",Inicial!I21,"N/A") -> N/A | AD59: =IF(OR(J59="NO",K59="NO",L59="NO",M59="NO",N59="NO",O59="NO",P59="NO",R59="NO",S59="NO",T59="NO",U59="NO", V59="NO",W59="NO",Y59="NO",Z59="NO",AA59="NO",AB59="NO",AC59="NO"),"No aceptable","Aceptable") -> Aceptable | AV59: {=IF(OR(AE59:AU59="SI"),"Critico","No critico")} -> No critico
... A71: =Inicial!A33 -> 0 | B71: =Inicial!B33 -> 0 | C71: =Inicial!C33 -> 0 | D71: =Inicial!D33 -> 0 | E71: =IF(Inicial!K33="SI",Inicial!E33,"N/A") -> N/A | F71: =IF(Inicial!K33="SI",Inicial!F33,"N/A") -> N/A | G71: =IF(Inicial!K33="SI",Inicial!G33,"N/A") -> N/A | H71: =IF(Inicial!K33="SI",Inicial!H33,"N/A") -> N/A | I71: =IF(Inicial!K33="SI",Inicial!I33,"N/A") -> N/A | AD71: =IF(OR(J71="NO",K71="NO",L71="NO",M71="NO",N71="NO",O71="NO",P71="NO",R71="NO",S71="NO",T71="NO",U71="NO", V71="NO",W71="NO",Y71="NO",Z71="NO",AA71="NO",AB71="NO",AC71="NO"),"No aceptable","Aceptable") -> Aceptable | AV71: {=IF(OR(AE71:AU71="SI"),"Critico","No critico")} -> No critico
A72: =Inicial!A34 -> 0 | B72: =Inicial!B34 -> 0 | C72: =Inicial!C34 -> 0 | D72: =Inicial!D34 -> 0 | E72: =IF(Inicial!K34="SI",Inicial!E34,"N/A") -> N/A | F72: =IF(Inicial!K34="SI",Inicial!F34,"N/A") -> N/A | G72: =IF(Inicial!K34="SI",Inicial!G34,"N/A") -> N/A | H72: =IF(Inicial!K34="SI",Inicial!H34,"N/A") -> N/A | I72: =IF(Inicial!K34="SI",Inicial!I34,"N/A") -> N/A | AD72: =IF(OR(J72="NO",K72="NO",L72="NO",M72="NO",N72="NO",O72="NO",P72="NO",R72="NO",S72="NO",T72="NO",U72="NO", V72="NO",W72="NO",Y72="NO",Z72="NO",AA72="NO",AB72="NO",AC72="NO"),"No aceptable","Aceptable") -> Aceptable
A73: =Inicial!A35 -> 0 | B73: =Inicial!B35 -> 0 | C73: =Inicial!C35 -> 0 | D73: =Inicial!D35 -> 0 | E73: =IF(Inicial!K35="SI",Inicial!E35,"N/A") -> N/A | F73: =IF(Inicial!K35="SI",Inicial!F35,"N/A") -> N/A | G73: =IF(Inicial!K35="SI",Inicial!G35,"N/A") -> N/A | H73: =IF(Inicial!K35="SI",Inicial!H35,"N/A") -> N/A | I73: =IF(Inicial!K35="SI",Inicial!I35,"N/A") -> N/A | AD73: =IF(OR(J73="NO",K73="NO",L73="NO",M73="NO",N73="NO",O73="NO",P73="NO",R73="NO",S73="NO",T73="NO",U73="NO", V73="NO",W73="NO",Y73="NO",Z73="NO",AA73="NO",AB73="NO",AC73="NO"),"No aceptable","Aceptable") -> Aceptable
A74: =Inicial!A36 -> 0 | B74: =Inicial!B36 -> 0 | C74: =Inicial!C36 -> 0 | D74: =Inicial!D36 -> 0 | E74: =IF(Inicial!K36="SI",Inicial!E36,"N/A") -> N/A | F74: =IF(Inicial!K36="SI",Inicial!F36,"N/A") -> N/A | G74: =IF(Inicial!K36="SI",Inicial!G36,"N/A") -> N/A | H74: =IF(Inicial!K36="SI",Inicial!H36,"N/A") -> N/A | I74: =IF(Inicial!K36="SI",Inicial!I36,"N/A") -> N/A | AD74: =IF(OR(J74="NO",K74="NO",L74="NO",M74="NO",N74="NO",O74="NO",P74="NO",R74="NO",S74="NO",T74="NO",U74="NO", V74="NO",W74="NO",Y74="NO",Z74="NO",AA74="NO",AB74="NO",AC74="NO"),"No aceptable","Aceptable") -> Aceptable
A75: =Inicial!A37 -> 0 | B75: =Inicial!B37 -> 0 | C75: =Inicial!C37 -> 0 | D75: =Inicial!D37 -> 0 | E75: =IF(Inicial!K37="SI",Inicial!E37,"N/A") -> N/A | F75: =IF(Inicial!K37="SI",Inicial!F37,"N/A") -> N/A | G75: =IF(Inicial!K37="SI",Inicial!G37,"N/A") -> N/A | H75: =IF(Inicial!K37="SI",Inicial!H37,"N/A") -> N/A | I75: =IF(Inicial!K37="SI",Inicial!I37,"N/A") -> N/A | AD75: =IF(OR(J75="NO",K75="NO",L75="NO",M75="NO",N75="NO",O75="NO",P75="NO",R75="NO",S75="NO",T75="NO",U75="NO", V75="NO",W75="NO",Y75="NO",Z75="NO",AA75="NO",AB75="NO",AC75="NO"),"No aceptable","Aceptable") -> Aceptable
A76: =Inicial!A38 -> 0 | B76: =Inicial!B38 -> 0 | C76: =Inicial!C38 -> 0 | D76: =Inicial!D38 -> 0 | E76: =IF(Inicial!K38="SI",Inicial!E38,"N/A") -> N/A | F76: =IF(Inicial!K38="SI",Inicial!F38,"N/A") -> N/A | G76: =IF(Inicial!K38="SI",Inicial!G38,"N/A") -> N/A | H76: =IF(Inicial!K38="SI",Inicial!H38,"N/A") -> N/A | I76: =IF(Inicial!K38="SI",Inicial!I38,"N/A") -> N/A | AD76: =IF(OR(J76="NO",K76="NO",L76="NO",M76="NO",N76="NO",O76="NO",P76="NO",R76="NO",S76="NO",T76="NO",U76="NO", V76="NO",W76="NO",Y76="NO",Z76="NO",AA76="NO",AB76="NO",AC76="NO"),"No aceptable","Aceptable") -> Aceptable
A77: =Inicial!A39 -> 0 | B77: =Inicial!B39 -> 0 | C77: =Inicial!C39 -> 0 | D77: =Inicial!D39 -> 0 | E77: =IF(Inicial!K39="SI",Inicial!E39,"N/A") -> N/A | F77: =IF(Inicial!K39="SI",Inicial!F39,"N/A") -> N/A | G77: =IF(Inicial!K39="SI",Inicial!G39,"N/A") -> N/A | H77: =IF(Inicial!K39="SI",Inicial!H39,"N/A") -> N/A | I77: =IF(Inicial!K39="SI",Inicial!I39,"N/A") -> N/A | AD77: =IF(OR(J77="NO",K77="NO",L77="NO",M77="NO",N77="NO",O77="NO",P77="NO",R77="NO",S77="NO",T77="NO",U77="NO", V77="NO",W77="NO",Y77="NO",Z77="NO",AA77="NO",AB77="NO",AC77="NO"),"No aceptable","Aceptable") -> Aceptable
A78: =Inicial!A40 -> 0 | B78: =Inicial!B40 -> 0 | C78: =Inicial!C40 -> 0 | D78: =Inicial!D40 -> 0 | E78: =IF(Inicial!K40="SI",Inicial!E40,"N/A") -> N/A | F78: =IF(Inicial!K40="SI",Inicial!F40,"N/A") -> N/A | G78: =IF(Inicial!K40="SI",Inicial!G40,"N/A") -> N/A | H78: =IF(Inicial!K40="SI",Inicial!H40,"N/A") -> N/A | I78: =IF(Inicial!K40="SI",Inicial!I40,"N/A") -> N/A | AD78: =IF(OR(J78="NO",K78="NO",L78="NO",M78="NO",N78="NO",O78="NO",P78="NO",R78="NO",S78="NO",T78="NO",U78="NO", V78="NO",W78="NO",Y78="NO",Z78="NO",AA78="NO",AB78="NO",AC78="NO"),"No aceptable","Aceptable") -> Aceptable
A79: =Inicial!A41 -> 0 | B79: =Inicial!B41 -> 0 | C79: =Inicial!C41 -> 0 | D79: =Inicial!D41 -> 0 | E79: =IF(Inicial!K41="SI",Inicial!E41,"N/A") -> N/A | F79: =IF(Inicial!K41="SI",Inicial!F41,"N/A") -> N/A | G79: =IF(Inicial!K41="SI",Inicial!G41,"N/A") -> N/A | H79: =IF(Inicial!K41="SI",Inicial!H41,"N/A") -> N/A | I79: =IF(Inicial!K41="SI",Inicial!I41,"N/A") -> N/A | AD79: =IF(OR(J79="NO",K79="NO",L79="NO",M79="NO",N79="NO",O79="NO",P79="NO",R79="NO",S79="NO",T79="NO",U79="NO", V79="NO",W79="NO",Y79="NO",Z79="NO",AA79="NO",AB79="NO",AC79="NO"),"No aceptable","Aceptable") -> Aceptable
A80: =Inicial!A42 -> 0 | B80: =Inicial!B42 -> 0 | C80: =Inicial!C42 -> 0 | D80: =Inicial!D42 -> 0 | E80: =IF(Inicial!K42="SI",Inicial!E42,"N/A") -> N/A | F80: =IF(Inicial!K42="SI",Inicial!F42,"N/A") -> N/A | G80: =IF(Inicial!K42="SI",Inicial!G42,"N/A") -> N/A | H80: =IF(Inicial!K42="SI",Inicial!H42,"N/A") -> N/A | I80: =IF(Inicial!K42="SI",Inicial!I42,"N/A") -> N/A | AD80: =IF(OR(J80="NO",K80="NO",L80="NO",M80="NO",N80="NO",O80="NO",P80="NO",R80="NO",S80="NO",T80="NO",U80="NO", V80="NO",W80="NO",Y80="NO",Z80="NO",AA80="NO",AB80="NO",AC80="NO"),"No aceptable","Aceptable") -> Aceptable
A81: =Inicial!A43 -> 0 | B81: =Inicial!B43 -> 0 | C81: =Inicial!C43 -> 0 | D81: =Inicial!D43 -> 0 | E81: =IF(Inicial!K43="SI",Inicial!E43,"N/A") -> N/A | F81: =IF(Inicial!K43="SI",Inicial!F43,"N/A") -> N/A | G81: =IF(Inicial!K43="SI",Inicial!G43,"N/A") -> N/A | H81: =IF(Inicial!K43="SI",Inicial!H43,"N/A") -> N/A | I81: =IF(Inicial!K43="SI",Inicial!I43,"N/A") -> N/A | AD81: =IF(OR(J81="NO",K81="NO",L81="NO",M81="NO",N81="NO",O81="NO",P81="NO",R81="NO",S81="NO",T81="NO",U81="NO", V81="NO",W81="NO",Y81="NO",Z81="NO",AA81="NO",AB81="NO",AC81="NO"),"No aceptable","Aceptable") -> Aceptable
A82: =Inicial!A44 -> 0 | B82: =Inicial!B44 -> 0 | C82: =Inicial!C44 -> 0 | D82: =Inicial!D44 -> 0 | E82: =IF(Inicial!K44="SI",Inicial!E44,"N/A") -> N/A | F82: =IF(Inicial!K44="SI",Inicial!F44,"N/A") -> N/A | G82: =IF(Inicial!K44="SI",Inicial!G44,"N/A") -> N/A | H82: =IF(Inicial!K44="SI",Inicial!H44,"N/A") -> N/A | I82: =IF(Inicial!K44="SI",Inicial!I44,"N/A") -> N/A | AD82: =IF(OR(J82="NO",K82="NO",L82="NO",M82="NO",N82="NO",O82="NO",P82="NO",R82="NO",S82="NO",T82="NO",U82="NO", V82="NO",W82="NO",Y82="NO",Z82="NO",AA82="NO",AB82="NO",AC82="NO"),"No aceptable","Aceptable") -> Aceptable
A83: =Inicial!A45 -> 0 | B83: =Inicial!B45 -> 0 | C83: =Inicial!C45 -> 0 | D83: =Inicial!D45 -> 0 | E83: =IF(Inicial!K45="SI",Inicial!E45,"N/A") -> N/A | F83: =IF(Inicial!K45="SI",Inicial!F45,"N/A") -> N/A | G83: =IF(Inicial!K45="SI",Inicial!G45,"N/A") -> N/A | H83: =IF(Inicial!K45="SI",Inicial!H45,"N/A") -> N/A | I83: =IF(Inicial!K45="SI",Inicial!I45,"N/A") -> N/A | AD83: =IF(OR(J83="NO",K83="NO",L83="NO",M83="NO",N83="NO",O83="NO",P83="NO",R83="NO",S83="NO",T83="NO",U83="NO", V83="NO",W83="NO",Y83="NO",Z83="NO",AA83="NO",AB83="NO",AC83="NO"),"No aceptable","Aceptable") -> Aceptable
... A127: =Inicial!A89 -> 0 | B127: =Inicial!B89 -> 0 | C127: =Inicial!C89 -> 0 | D127: =Inicial!D89 -> 0 | E127: =IF(Inicial!K89="SI",Inicial!E89,"N/A") -> N/A | F127: =IF(Inicial!K89="SI",Inicial!F89,"N/A") -> N/A | G127: =IF(Inicial!K89="SI",Inicial!G89,"N/A") -> N/A | H127: =IF(Inicial!K89="SI",Inicial!H89,"N/A") -> N/A | I127: =IF(Inicial!K89="SI",Inicial!I89,"N/A") -> N/A | AD127: =IF(OR(J127="NO",K127="NO",L127="NO",M127="NO",N127="NO",O127="NO",P127="NO",R127="NO",S127="NO",T127="NO",U127="NO", V127="NO",W127="NO",Y127="NO",Z127="NO",AA127="NO",AB127="NO",AC127="NO"),"No aceptable","Aceptable") -> Aceptable

Sheet MMC Empuje-Arrastre 
A1: Empuje y Arrastre | F1: Horas extras | H1: N° Trabajadores Expuestos | J1: IDENTIFICACIÓN AVANZADA – Tarea(s) Empuje y arrastre de carga – Condición Aceptable AMBIENTE TRABAJO | M1: IDENTIFICACIÓN AVANZADA – Tarea(s) con MMC: Levantamiento, Descenso y Transporte de cargas de 3kg o más – Condición Aceptable CARACTERISTICA DEL CARRO O TRANSPALETA | R1: IDENTIFICACIÓN AVANZADA – Tarea(s) con MMC: Levantamiento, Descenso y Transporte de cargas de 3kg o más – Condición Aceptable MAGNITUD DE LA FUERZA | S1: IDENTIFICACIÓN AVANZADA – Tarea(s) con MMC: Levantamiento, Descenso y Transporte de cargas de 3kg o más – Condición Aceptable DURACIÓN | T1: IDENTIFICACIÓN AVANZADA – Tarea(s) con MMC: Levantamiento, Descenso y Transporte de cargas de 3kg o más – Condición Aceptable Altura aplicación de la Fuerza | U1: IDENTIFICACIÓN AVANZADA – Tarea(s) con MMC: Levantamiento, Descenso y Transporte de cargas de 3kg o más – Condición Aceptable POSTURA | V1: IDENTIFICACIÓN AVANZADA – Tarea(s) con MMC: Levantamiento, Descenso y Transporte de cargas de 3kg o más – Condición Aceptable ZONA DE AGARRE | W1: RESULTADO | X1: IDENTIFICACIÓN AVANZADA – Tarea(s) Empuje y arrastre de carga -Identificación avanzada – Condición Crítica AMBIENTE TRABAJO | AA1: IDENTIFICACIÓN AVANZADA – Tarea(s) Empuje y arrastre de carga -Identificación avanzada – Condición Crítica CARACTERISTICA DEL CARRO | AF1: IDENTIFICACIÓN AVANZADA – Tarea(s) con MMC: Levantamiento, Descenso y Transporte de cargas de 3kg o más – Condición Crítica HORAS DE TRABAJO | AG1: IDENTIFICACIÓN AVANZADA – Tarea(s) Empuje y arrastre de carga -Identificación avanzada – Condición Crítica MAGNITUD DE LA FUERZA | AH1: IDENTIFICACIÓN AVANZADA – Tarea(s) Empuje y arrastre de carga -Identificación avanzada – Condición Crítica DIRECCION DE LA FUERZA | AI1: IDENTIFICACIÓN AVANZADA – Tarea(s) Empuje y arrastre de carga -Identificación avanzada – Condición Crítica ESFUERZO FISICO | AJ1: IDENTIFICACIÓN AVANZADA – Tarea(s) Empuje y arrastre de carga -Identificación avanzada – Condición Crítica POSTURA | AK1: IDENTIFICACIÓN AVANZADA – Tarea(s) Empuje y arrastre de carga -Identificación avanzada – Condición Crítica ALTURA APLICACIÓN DE FUERZA | AL1: IDENTIFICACIÓN AVANZADA – Tarea(s) Empuje y arrastre de carga -Identificación avanzada – Condición Crítica ALTURA APLICACIÓN DE FUERZA | AM1: IDENTIFICACIÓN AVANZADA – Tarea(s) Empuje y arrastre de carga -Identificación avanzada – Condición Crítica ALTURA APLICACIÓN DE FUERZA | AN1: RESULTADO | AO1: Plan de acción
A2: N° | B2: Área de trabajo | C2: Puesto de trabajo | D2: Tareas del puesto de trabajo | E2: Horario de funcionamiento | F2: Por dia | G2: Por Semana | H2: HOMBRE | I2: MUJER | J2: La temperatura en donde se realiza la tarea está entre los 18° y 26° (grados Celsius). | K2: El piso en buenas condiciones (regular, compacto, seco y estable) y sin pendiente. | L2: Presencia de vías/caminos donde se permite el normal desplazamiento (espacio suficiente para el desplazamiento). | M2: El carro o transpaleta cargada permite la visibilidad y movimientos normales del trabajador. | N2: El centro de gravedad de la carga es estable. | O2: El carro o transpaleta permite su agarre sin riesgo de cortes, compresión o quemaduras. | P2: Presencia de ruedas grandes o pequeñas en buen estado. | Q2: Presencia de ruedas grandes o pequeñas adecuadas al tipo de carro, peso de la carga y vías de desplazamiento. | R2: Método dinamómetro (*): la fuerza inicial no supera los 10 kgs de fuerza y la fuerza de sustentación no supera los 5 kgs de fuerza. Método Escala de Borg: los trabajadores perciben leve esfuerzo físico (valor 2 o menos en escala de Borg) durante la tarea (s) de empuje y arrastre de carga | S2: La(s) tarea(s) de empuje y arrastre de carga duran hasta 8 hrs. diaria. | T2: La fuerza se realiza entre las caderas y la zona media del tronco. | U2: La fuerza de empuje o arrastre es aplicada con el tronco recto (sin flexión o torsión). | V2: Las manos están delante del cuerpo y entre los hombros cuando se realiza la fuerza de empuje o arrastre. | W2: Condición Aceptable | X2: Presencia de temperatura extrema (bajo 16° o superior a los 26° grados Celsius) y sin ropa adecuada que proteja de las temperaturas extremas | Y2: Presencia de suelo resbaladizo, irregular o inestable | Z2: Presencia de espacio insuficiente para el levantamiento/descenso y transporte de carga que genera posturas incómodas o restricción en el movimiento. | AA2: El carro o transpaleta reduce la vista del operador y/o dificulta su movimiento. | AB2: La carga es inestable. | AC2: El carro o transpaleta tienen condiciones peligrosas (bordes, superficies o protuberancias afiladas, etc) que pueden lesionar al trabajador. | AD2: Presencia de ruedas grandes o pequeñas en mal estado, rotas, desgastadas o con poca mantención. | AE2: Presencia de ruedas grandes o pequeñas inadecuadas al tipo de carro, peso de la carga y vías de desplazamiento. | AF2: La tarea de levantamiento/descenso o transporte de carga dura más de 8 hrs. | AG2: Método dinamómetro (*): 1. Fuerza inicial es superior a 36 kgs. (Hombres) o 24 kgs. (Mujeres). 2. Fuerza de sustentación es superior a 25 kgs. (Hombres) y 15 kgs. (Mujeres). Método Escala de Borg: los trabajadores perciben alto nivel de esfuerzo físico (valor 8 o más en escala de Borg) durante la (s) tarea (s) de empuje y arrastre de carga (Para obtener la información debe preguntar a los trabajadores utilizando la escala de Borg al final de este anexo). | AH2: Durante el desplazamiento la carga requiere de un levantamiento parcial, mientras se empuja o arrastra. | AI2: La fuerza de empuje o arrastre es realizada con movimientos bruscos o de manera poco controlada. | AJ2: La fuerza de empuje o arrastre es aplicada con el tronco en flexión o torsión significativa | AK2: Las manos no están delante del cuerpo o fuera del ancho de los hombros cuando se realiza la fuerza de empuje o arrastre. | AL2: La fuerza de empuje o arrastre es aplicada sobre los 150 cm o bajo los 60 cm. | AM2: La(s) tarea(s) de empuje y arrastre de carga duran más de 8 hrs. diaria. | AN2: Condición Crítica | AO2: Fecha aplicación identificación avanzada | AP2: Medidas de control (administrativas) | AQ2: Medidas de control (Ingeniería) | AR2: Responsable aplicación medida | AS2: Fecha de implementación medidas (Max 90 días) | AT2: Evidencia
A3: =Inicial!A3 -> 1 | B3: =Inicial!B3 -> Despacho | C3: =Inicial!C3 -> Carton Frezzer | D3: =Inicial!D3 -> Pinchador | E3: =IF(Inicial!M3="SI",Inicial!E3,"N/A") -> 06:00 - 14:00 14:00 - 22:00 22:00 - 06:00 | F3: =IF(Inicial!M3="SI",Inicial!F3,"N/A") -> 0 | G3: =IF(Inicial!M3="SI",Inicial!G3,"N/A") -> 2 | H3: =IF(Inicial!M3="SI",Inicial!H3,"N/A") -> 6 | I3: =IF(Inicial!M3="SI",Inicial!I3,"N/A") -> 0 | J3: NO | K3: SI | L3: SI | M3: SI | N3: SI | O3: SI | P3: SI | Q3: SI | R3: SI | S3: SI | T3: SI | U3: SI | V3: SI | W3: {=IF(OR(M3:V3="NO"),"No aceptable","Aceptable")} -> Aceptable | AN3: {=IF(OR(AA3:AM3="SI"),"Critico","No Critico")} -> No Critico
A4: =Inicial!A4 -> 2 | B4: =Inicial!B4 -> Despacho | C4: =Inicial!C4 -> Carton Frezzer | D4: =Inicial!D4 -> Depaletizador | E4: =IF(Inicial!M4="SI",Inicial!E4,"N/A") -> 06:00 - 14:00 14:00 - 22:00 22:00 - 06:00 | F4: =IF(Inicial!M4="SI",Inicial!F4,"N/A") -> 0 | G4: =IF(Inicial!M4="SI",Inicial!G4,"N/A") -> 2 | H4: =IF(Inicial!M4="SI",Inicial!H4,"N/A") -> 24 | I4: =IF(Inicial!M4="SI",Inicial!I4,"N/A") -> 0 | J4: NO | K4: SI | L4: SI | M4: SI | N4: SI | O4: SI | P4: SI | Q4: SI | R4: SI | S4: SI | T4: SI | U4: SI | V4: SI | W4: {=IF(OR(M4:V4="NO"),"No aceptable","Aceptable")} -> Aceptable | AN4: {=IF(OR(AA4:AM4="SI"),"Critico","No Critico")} -> No Critico
A5: =Inicial!A5 -> 3 | B5: =Inicial!B5 -> Despacho | C5: =Inicial!C5 -> Carton Frezzer | D5: =Inicial!D5 -> Pinchador | E5: =IF(Inicial!M5="SI",Inicial!E5,"N/A") -> 06:00 - 14:00 14:00 - 22:00 22:00 - 06:00 | F5: =IF(Inicial!M5="SI",Inicial!F5,"N/A") -> 0 | G5: =IF(Inicial!M5="SI",Inicial!G5,"N/A") -> 2 | H5: =IF(Inicial!M5="SI",Inicial!H5,"N/A") -> 24 | I5: =IF(Inicial!M5="SI",Inicial!I5,"N/A") -> 0 | J5: NO | K5: SI | L5: SI | M5: SI | N5: SI | O5: SI | P5: SI | Q5: SI | R5: SI | S5: SI | T5: SI | U5: SI | V5: SI | W5: {=IF(OR(M5:V5="NO"),"No aceptable","Aceptable")} -> Aceptable | AN5: {=IF(OR(AA5:AM5="SI"),"Critico","No Critico")} -> No Critico
A6: =Inicial!A6 -> 4 | B6: =Inicial!B6 -> Despacho | C6: =Inicial!C6 -> Despacho congelado | D6: =Inicial!D6 -> Gruero | E6: =IF(Inicial!M6="SI",Inicial!E6,"N/A") -> N/A | F6: =IF(Inicial!M6="SI",Inicial!F6,"N/A") -> N/A | G6: =IF(Inicial!M6="SI",Inicial!G6,"N/A") -> N/A | H6: =IF(Inicial!M6="SI",Inicial!H6,"N/A") -> N/A | I6: =IF(Inicial!M6="SI",Inicial!I6,"N/A") -> N/A | W6: {=IF(OR(M6:V6="NO"),"No aceptable","Aceptable")} -> Aceptable | AN6: {=IF(OR(AA6:AM6="SI"),"Critico","No Critico")} -> No Critico
A7: =Inicial!A7 -> 5 | B7: =Inicial!B7 -> Despacho | C7: =Inicial!C7 -> Despacho congelado | D7: =Inicial!D7 -> Transpaletero | E7: =IF(Inicial!M7="SI",Inicial!E7,"N/A") -> N/A | F7: =IF(Inicial!M7="SI",Inicial!F7,"N/A") -> N/A | G7: =IF(Inicial!M7="SI",Inicial!G7,"N/A") -> N/A | H7: =IF(Inicial!M7="SI",Inicial!H7,"N/A") -> N/A | I7: =IF(Inicial!M7="SI",Inicial!I7,"N/A") -> N/A | W7: {=IF(OR(M7:V7="NO"),"No aceptable","Aceptable")} -> Aceptable | AN7: {=IF(OR(AA7:AM7="SI"),"Critico","No Critico")} -> No Critico
A8: =Inicial!A8 -> 6 | B8: =Inicial!B8 -> Despacho | C8: =Inicial!C8 -> Despacho congelado | D8: =Inicial!D8 -> Postura de films | E8: =IF(Inicial!M8="SI",Inicial!E8,"N/A") -> N/A | F8: =IF(Inicial!M8="SI",Inicial!F8,"N/A") -> N/A | G8: =IF(Inicial!M8="SI",Inicial!G8,"N/A") -> N/A | H8: =IF(Inicial!M8="SI",Inicial!H8,"N/A") -> N/A | I8: =IF(Inicial!M8="SI",Inicial!I8,"N/A") -> N/A | W8: {=IF(OR(M8:V8="NO"),"No aceptable","Aceptable")} -> Aceptable | AN8: {=IF(OR(AA8:AM8="SI"),"Critico","No Critico")} -> No Critico
A9: =Inicial!A9 -> 7 | B9: =Inicial!B9 -> Despacho | C9: =Inicial!C9 -> Despacho Congelado | D9: =Inicial!D9 -> Reprocesos de producto | E9: =IF(Inicial!M9="SI",Inicial!E9,"N/A") -> N/A | F9: =IF(Inicial!M9="SI",Inicial!F9,"N/A") -> N/A | G9: =IF(Inicial!M9="SI",Inicial!G9,"N/A") -> N/A | H9: =IF(Inicial!M9="SI",Inicial!H9,"N/A") -> N/A | I9: =IF(Inicial!M9="SI",Inicial!I9,"N/A") -> N/A | W9: {=IF(OR(M9:V9="NO"),"No aceptable","Aceptable")} -> Aceptable | AN9: {=IF(OR(AA9:AM9="SI"),"Critico","No Critico")} -> No Critico
A10: =Inicial!#REF! -> #REF! | B10: =Inicial!#REF! -> #REF! | C10: =Inicial!#REF! -> #REF! | D10: =Inicial!#REF! -> #REF! | E10: =IF(Inicial!#REF!="SI",Inicial!#REF!,"N/A") -> #REF! | F10: =IF(Inicial!#REF!="SI",Inicial!#REF!,"N/A") -> #REF! | G10: =IF(Inicial!#REF!="SI",Inicial!#REF!,"N/A") -> #REF! | H10: =IF(Inicial!#REF!="SI",Inicial!#REF!,"N/A") -> #REF! | I10: =IF(Inicial!#REF!="SI",Inicial!#REF!,"N/A") -> #REF! | W10: {=IF(OR(M10:V10="NO"),"No aceptable","Aceptable")} -> Aceptable | AN10: {=IF(OR(AA10:AM10="SI"),"Critico","No Critico")} -> No Critico
A11: =Inicial!#REF! -> #REF! | B11: =Inicial!#REF! -> #REF! | C11: =Inicial!#REF! -> #REF! | D11: =Inicial!#REF! -> #REF! | E11: =IF(Inicial!#REF!="SI",Inicial!#REF!,"N/A") -> #REF! | F11: =IF(Inicial!#REF!="SI",Inicial!#REF!,"N/A") -> #REF! | G11: =IF(Inicial!#REF!="SI",Inicial!#REF!,"N/A") -> #REF! | H11: =IF(Inicial!#REF!="SI",Inicial!#REF!,"N/A") -> #REF! | I11: =IF(Inicial!#REF!="SI",Inicial!#REF!,"N/A") -> #REF! | W11: {=IF(OR(M11:V11="NO"),"No aceptable","Aceptable")} -> Aceptable | AN11: {=IF(OR(AA11:AM11="SI"),"Critico","No Critico")} -> No Critico
A12: =Inicial!#REF! -> #REF! | B12: =Inicial!#REF! -> #REF! | C12: =Inicial!#REF! -> #REF! | D12: =Inicial!#REF! -> #REF! | E12: =IF(Inicial!#REF!="SI",Inicial!#REF!,"N/A") -> #REF! | F12: =IF(Inicial!#REF!="SI",Inicial!#REF!,"N/A") -> #REF! | G12: =IF(Inicial!#REF!="SI",Inicial!#REF!,"N/A") -> #REF! | H12: =IF(Inicial!#REF!="SI",Inicial!#REF!,"N/A") -> #REF! | I12: =IF(Inicial!#REF!="SI",Inicial!#REF!,"N/A") -> #REF! | W12: {=IF(OR(M12:V12="NO"),"No aceptable","Aceptable")} -> Aceptable | AN12: {=IF(OR(AA12:AM12="SI"),"Critico","No Critico")} -> No Critico
A13: =Inicial!#REF! -> #REF! | B13: =Inicial!#REF! -> #REF! | C13: =Inicial!#REF! -> #REF! | D13: =Inicial!#REF! -> #REF! | E13: =IF(Inicial!#REF!="SI",Inicial!#REF!,"N/A") -> #REF! | F13: =IF(Inicial!#REF!="SI",Inicial!#REF!,"N/A") -> #REF! | G13: =IF(Inicial!#REF!="SI",Inicial!#REF!,"N/A") -> #REF! | H13: =IF(Inicial!#REF!="SI",Inicial!#REF!,"N/A") -> #REF! | I13: =IF(Inicial!#REF!="SI",Inicial!#REF!,"N/A") -> #REF! | W13: {=IF(OR(M13:V13="NO"),"No aceptable","Aceptable")} -> Aceptable | AN13: {=IF(OR(AA13:AM13="SI"),"Critico","No Critico")} -> No Critico
A14: =Inicial!#REF! -> #REF! | B14: =Inicial!#REF! -> #REF! | C14: =Inicial!#REF! -> #REF! | D14: =Inicial!#REF! -> #REF! | E14: =IF(Inicial!#REF!="SI",Inicial!#REF!,"N/A") -> #REF! | F14: =IF(Inicial!#REF!="SI",Inicial!#REF!,"N/A") -> #REF! | G14: =IF(Inicial!#REF!="SI",Inicial!#REF!,"N/A") -> #REF! | H14: =IF(Inicial!#REF!="SI",Inicial!#REF!,"N/A") -> #REF! | I14: =IF(Inicial!#REF!="SI",Inicial!#REF!,"N/A") -> #REF! | W14: {=IF(OR(M14:V14="NO"),"No aceptable","Aceptable")} -> Aceptable | AN14: {=IF(OR(AA14:AM14="SI"),"Critico","No Critico")} -> No Critico
A15: =Inicial!#REF! -> #REF! | B15: =Inicial!#REF! -> #REF! | C15: =Inicial!#REF! -> #REF! | D15: =Inicial!#REF! -> #REF! | E15: =IF(Inicial!#REF!="SI",Inicial!#REF!,"N/A") -> #REF! | F15: =IF(Inicial!#REF!="SI",Inicial!#REF!,"N/A") -> #REF! | G15: =IF(Inicial!#REF!="SI",Inicial!#REF!,"N/A") -> #REF! | H15: =IF(Inicial!#REF!="SI",Inicial!#REF!,"N/A") -> #REF! | I15: =IF(Inicial!#REF!="SI",Inicial!#REF!,"N/A") -> #REF! | W15: {=IF(OR(M15:V15="NO"),"No aceptable","Aceptable")} -> Aceptable | AN15: {=IF(OR(AA15:AM15="SI"),"Critico","No Critico")} -> No Critico
A16: =Inicial!#REF! -> #REF! | B16: =Inicial!#REF! -> #REF! | C16: =Inicial!#REF! -> #REF! | D16: =Inicial!#REF! -> #REF! | E16: =IF(Inicial!#REF!="SI",Inicial!#REF!,"N/A") -> #REF! | F16: =IF(Inicial!#REF!="SI",Inicial!#REF!,"N/A") -> #REF! | G16: =IF(Inicial!#REF!="SI",Inicial!#REF!,"N/A") -> #REF! | H16: =IF(Inicial!#REF!="SI",Inicial!#REF!,"N/A") -> #REF! | I16: =IF(Inicial!#REF!="SI",Inicial!#REF!,"N/A") -> #REF! | W16: {=IF(OR(M16:V16="NO"),"No aceptable","Aceptable")} -> Aceptable | AN16: {=IF(OR(AA16:AM16="SI"),"Critico","No Critico")} -> No Critico
A17: =Inicial!#REF! -> #REF! | B17: =Inicial!#REF! -> #REF! | C17: =Inicial!#REF! -> #REF! | D17: =Inicial!#REF! -> #REF! | E17: =IF(Inicial!#REF!="SI",Inicial!#REF!,"N/A") -> #REF! | F17: =IF(Inicial!#REF!="SI",Inicial!#REF!,"N/A") -> #REF! | G17: =IF(Inicial!#REF!="SI",Inicial!#REF!,"N/A") -> #REF! | H17: =IF(Inicial!#REF!="SI",Inicial!#REF!,"N/A") -> #REF! | I17: =IF(Inicial!#REF!="SI",Inicial!#REF!,"N/A") -> #REF! | W17: {=IF(OR(M17:V17="NO"),"No aceptable","Aceptable")} -> Aceptable | AN17: {=IF(OR(AA17:AM17="SI"),"Critico","No Critico")} -> No Critico
A18: =Inicial!#REF! -> #REF! | B18: =Inicial!#REF! -> #REF! | C18: =Inicial!#REF! -> #REF! | D18: =Inicial!#REF! -> #REF! | E18: =IF(Inicial!#REF!="SI",Inicial!#REF!,"N/A") -> #REF! | F18: =IF(Inicial!#REF!="SI",Inicial!#REF!,"N/A") -> #REF! | G18: =IF(Inicial!#REF!="SI",Inicial!#REF!,"N/A") -> #REF! | H18: =IF(Inicial!#REF!="SI",Inicial!#REF!,"N/A") -> #REF! | I18: =IF(Inicial!#REF!="SI",Inicial!#REF!,"N/A") -> #REF! | W18: {=IF(OR(M18:V18="NO"),"No aceptable","Aceptable")} -> Aceptable | AN18: {=IF(OR(AA18:AM18="SI"),"Critico","No Critico")} -> No Critico
A19: =Inicial!#REF! -> #REF! | B19: =Inicial!#REF! -> #REF! | C19: =Inicial!#REF! -> #REF! | D19: =Inicial!#REF! -> #REF! | E19: =IF(Inicial!#REF!="SI",Inicial!#REF!,"N/A") -> #REF! | F19: =IF(Inicial!#REF!="SI",Inicial!#REF!,"N/A") -> #REF! | G19: =IF(Inicial!#REF!="SI",Inicial!#REF!,"N/A") -> #REF! | H19: =IF(Inicial!#REF!="SI",Inicial!#REF!,"N/A") -> #REF! | I19: =IF(Inicial!#REF!="SI",Inicial!#REF!,"N/A") -> #REF! | W19: {=IF(OR(M19:V19="NO"),"No aceptable","Aceptable")} -> Aceptable | AN19: {=IF(OR(AA19:AM19="SI"),"Critico","No Critico")} -> No Critico
A20: =Inicial!#REF! -> #REF! | B20: =Inicial!#REF! -> #REF! | C20: =Inicial!#REF! -> #REF! | D20: =Inicial!#REF! -> #REF! | E20: =IF(Inicial!#REF!="SI",Inicial!#REF!,"N/A") -> #REF! | F20: =IF(Inicial!#REF!="SI",Inicial!#REF!,"N/A") -> #REF! | G20: =IF(Inicial!#REF!="SI",Inicial!#REF!,"N/A") -> #REF! | H20: =IF(Inicial!#REF!="SI",Inicial!#REF!,"N/A") -> #REF! | I20: =IF(Inicial!#REF!="SI",Inicial!#REF!,"N/A") -> #REF! | W20: {=IF(OR(M20:V20="NO"),"No aceptable","Aceptable")} -> Aceptable | AN20: {=IF(OR(AA20:AM20="SI"),"Critico","No Critico")} -> No Critico
A21: =Inicial!#REF! -> #REF! | B21: =Inicial!#REF! -> #REF! | C21: =Inicial!#REF! -> #REF! | D21: =Inicial!#REF! -> #REF! | E21: =IF(Inicial!#REF!="SI",Inicial!#REF!,"N/A") -> #REF! | F21: =IF(Inicial!#REF!="SI",Inicial!#REF!,"N/A") -> #REF! | G21: =IF(Inicial!#REF!="SI",Inicial!#REF!,"N/A") -> #REF! | H21: =IF(Inicial!#REF!="SI",Inicial!#REF!,"N/A") -> #REF! | I21: =IF(Inicial!#REF!="SI",Inicial!#REF!,"N/A") -> #REF! | W21: {=IF(OR(M21:V21="NO"),"No aceptable","Aceptable")} -> Aceptable | AN21: {=IF(OR(AA21:AM21="SI"),"Critico","No Critico")} -> No Critico
... A47: =Inicial!#REF! -> #REF! | B47: =Inicial!#REF! -> #REF! | C47: =Inicial!#REF! -> #REF! | D47: =Inicial!#REF! -> #REF! | E47: =IF(Inicial!#REF!="SI",Inicial!#REF!,"N/A") -> #REF! | F47: =IF(Inicial!#REF!="SI",Inicial!#REF!,"N/A") -> #REF! | G47: =IF(Inicial!#REF!="SI",Inicial!#REF!,"N/A") -> #REF! | H47: =IF(Inicial!#REF!="SI",Inicial!#REF!,"N/A") -> #REF! | I47: =IF(Inicial!#REF!="SI",Inicial!#REF!,"N/A") -> #REF! | W47: {=IF(OR(M47:V47="NO"),"No aceptable","Aceptable")} -> Aceptable | AN47: {=IF(OR(AA47:AM47="SI"),"Critico","No Critico")} -> No Critico
A48: =Inicial!A10 -> 0 | B48: =Inicial!B10 -> 0 | C48: =Inicial!C10 -> 0 | D48: =Inicial!D10 -> 0 | E48: =IF(Inicial!M10="SI",Inicial!E10,"N/A") -> N/A | F48: =IF(Inicial!M10="SI",Inicial!F10,"N/A") -> N/A | G48: =IF(Inicial!M10="SI",Inicial!G10,"N/A") -> N/A | H48: =IF(Inicial!M10="SI",Inicial!H10,"N/A") -> N/A | I48: =IF(Inicial!M10="SI",Inicial!I10,"N/A") -> N/A | W48: {=IF(OR(M48:V48="NO"),"No aceptable","Aceptable")} -> Aceptable | AN48: {=IF(OR(AA48:AM48="SI"),"Critico","No Critico")} -> No Critico
A49: =Inicial!A11 -> 0 | B49: =Inicial!B11 -> 0 | C49: =Inicial!C11 -> 0 | D49: =Inicial!D11 -> 0 | E49: =IF(Inicial!M11="SI",Inicial!E11,"N/A") -> N/A | F49: =IF(Inicial!M11="SI",Inicial!F11,"N/A") -> N/A | G49: =IF(Inicial!M11="SI",Inicial!G11,"N/A") -> N/A | H49: =IF(Inicial!M11="SI",Inicial!H11,"N/A") -> N/A | I49: =IF(Inicial!M11="SI",Inicial!I11,"N/A") -> N/A | W49: {=IF(OR(M49:V49="NO"),"No aceptable","Aceptable")} -> Aceptable | AN49: {=IF(OR(AA49:AM49="SI"),"Critico","No Critico")} -> No Critico
A50: =Inicial!A12 -> 0 | B50: =Inicial!B12 -> 0 | C50: =Inicial!C12 -> 0 | D50: =Inicial!D12 -> 0 | E50: =IF(Inicial!M12="SI",Inicial!E12,"N/A") -> N/A | F50: =IF(Inicial!M12="SI",Inicial!F12,"N/A") -> N/A | G50: =IF(Inicial!M12="SI",Inicial!G12,"N/A") -> N/A | H50: =IF(Inicial!M12="SI",Inicial!H12,"N/A") -> N/A | I50: =IF(Inicial!M12="SI",Inicial!I12,"N/A") -> N/A | W50: {=IF(OR(M50:V50="NO"),"No aceptable","Aceptable")} -> Aceptable | AN50: {=IF(OR(AA50:AM50="SI"),"Critico","No Critico")} -> No Critico
A51: =Inicial!A13 -> 0 | B51: =Inicial!B13 -> 0 | C51: =Inicial!C13 -> 0 | D51: =Inicial!D13 -> 0 | E51: =IF(Inicial!M13="SI",Inicial!E13,"N/A") -> N/A | F51: =IF(Inicial!M13="SI",Inicial!F13,"N/A") -> N/A | G51: =IF(Inicial!M13="SI",Inicial!G13,"N/A") -> N/A | H51: =IF(Inicial!M13="SI",Inicial!H13,"N/A") -> N/A | I51: =IF(Inicial!M13="SI",Inicial!I13,"N/A") -> N/A | W51: {=IF(OR(M51:V51="NO"),"No aceptable","Aceptable")} -> Aceptable | AN51: {=IF(OR(AA51:AM51="SI"),"Critico","No Critico")} -> No Critico
A52: =Inicial!A14 -> 0 | B52: =Inicial!B14 -> 0 | C52: =Inicial!C14 -> 0 | D52: =Inicial!D14 -> 0 | E52: =IF(Inicial!M14="SI",Inicial!E14,"N/A") -> N/A | F52: =IF(Inicial!M14="SI",Inicial!F14,"N/A") -> N/A | G52: =IF(Inicial!M14="SI",Inicial!G14,"N/A") -> N/A | H52: =IF(Inicial!M14="SI",Inicial!H14,"N/A") -> N/A | I52: =IF(Inicial!M14="SI",Inicial!I14,"N/A") -> N/A | W52: {=IF(OR(M52:V52="NO"),"No aceptable","Aceptable")} -> Aceptable | AN52: {=IF(OR(AA52:AM52="SI"),"Critico","No Critico")} -> No Critico
A53: =Inicial!A15 -> 0 | B53: =Inicial!B15 -> 0 | C53: =Inicial!C15 -> 0 | D53: =Inicial!D15 -> 0 | E53: =IF(Inicial!M15="SI",Inicial!E15,"N/A") -> N/A | F53: =IF(Inicial!M15="SI",Inicial!F15,"N/A") -> N/A | G53: =IF(Inicial!M15="SI",Inicial!G15,"N/A") -> N/A | H53: =IF(Inicial!M15="SI",Inicial!H15,"N/A") -> N/A | I53: =IF(Inicial!M15="SI",Inicial!I15,"N/A") -> N/A | W53: {=IF(OR(M53:V53="NO"),"No aceptable","Aceptable")} -> Aceptable | AN53: {=IF(OR(AA53:AM53="SI"),"Critico","No Critico")} -> No Critico
A54: =Inicial!A16 -> 0 | B54: =Inicial!B16 -> 0 | C54: =Inicial!C16 -> 0 | D54: =Inicial!D16 -> 0 | E54: =IF(Inicial!M16="SI",Inicial!E16,"N/A") -> N/A | F54: =IF(Inicial!M16="SI",Inicial!F16,"N/A") -> N/A | G54: =IF(Inicial!M16="SI",Inicial!G16,"N/A") -> N/A | H54: =IF(Inicial!M16="SI",Inicial!H16,"N/A") -> N/A | I54: =IF(Inicial!M16="SI",Inicial!I16,"N/A") -> N/A | W54: {=IF(OR(M54:V54="NO"),"No aceptable","Aceptable")} -> Aceptable | AN54: {=IF(OR(AA54:AM54="SI"),"Critico","No Critico")} -> No Critico
A55: =Inicial!A17 -> 0 | B55: =Inicial!B17 -> 0 | C55: =Inicial!C17 -> 0 | D55: =Inicial!D17 -> 0 | E55: =IF(Inicial!M17="SI",Inicial!E17,"N/A") -> N/A | F55: =IF(Inicial!M17="SI",Inicial!F17,"N/A") -> N/A | G55: =IF(Inicial!M17="SI",Inicial!G17,"N/A") -> N/A | H55: =IF(Inicial!M17="SI",Inicial!H17,"N/A") -> N/A | I55: =IF(Inicial!M17="SI",Inicial!I17,"N/A") -> N/A | W55: {=IF(OR(M55:V55="NO"),"No aceptable","Aceptable")} -> Aceptable | AN55: {=IF(OR(AA55:AM55="SI"),"Critico","No Critico")} -> No Critico
A56: =Inicial!A18 -> 0 | B56: =Inicial!B18 -> 0 | C56: =Inicial!C18 -> 0 | D56: =Inicial!D18 -> 0 | E56: =IF(Inicial!M18="SI",Inicial!E18,"N/A") -> N/A | F56: =IF(Inicial!M18="SI",Inicial!F18,"N/A") -> N/A | G56: =IF(Inicial!M18="SI",Inicial!G18,"N/A") -> N/A | H56: =IF(Inicial!M18="SI",Inicial!H18,"N/A") -> N/A | I56: =IF(Inicial!M18="SI",Inicial!I18,"N/A") -> N/A | W56: {=IF(OR(M56:V56="NO"),"No aceptable","Aceptable")} -> Aceptable | AN56: {=IF(OR(AA56:AM56="SI"),"Critico","No Critico")} -> No Critico
A57: =Inicial!A19 -> 0 | B57: =Inicial!B19 -> 0 | C57: =Inicial!C19 -> 0 | D57: =Inicial!D19 -> 0 | E57: =IF(Inicial!M19="SI",Inicial!E19,"N/A") -> N/A | F57: =IF(Inicial!M19="SI",Inicial!F19,"N/A") -> N/A | G57: =IF(Inicial!M19="SI",Inicial!G19,"N/A") -> N/A | H57: =IF(Inicial!M19="SI",Inicial!H19,"N/A") -> N/A | I57: =IF(Inicial!M19="SI",Inicial!I19,"N/A") -> N/A | W57: {=IF(OR(M57:V57="NO"),"No aceptable","Aceptable")} -> Aceptable | AN57: {=IF(OR(AA57:AM57="SI"),"Critico","No Critico")} -> No Critico
A58: =Inicial!A20 -> 0 | B58: =Inicial!B20 -> 0 | C58: =Inicial!C20 -> 0 | D58: =Inicial!D20 -> 0 | E58: =IF(Inicial!M20="SI",Inicial!E20,"N/A") -> N/A | F58: =IF(Inicial!M20="SI",Inicial!F20,"N/A") -> N/A | G58: =IF(Inicial!M20="SI",Inicial!G20,"N/A") -> N/A | H58: =IF(Inicial!M20="SI",Inicial!H20,"N/A") -> N/A | I58: =IF(Inicial!M20="SI",Inicial!I20,"N/A") -> N/A | W58: {=IF(OR(M58:V58="NO"),"No aceptable","Aceptable")} -> Aceptable | AN58: {=IF(OR(AA58:AM58="SI"),"Critico","No Critico")} -> No Critico
A59: =Inicial!A21 -> 0 | B59: =Inicial!B21 -> 0 | C59: =Inicial!C21 -> 0 | D59: =Inicial!D21 -> 0 | E59: =IF(Inicial!M21="SI",Inicial!E21,"N/A") -> N/A | F59: =IF(Inicial!M21="SI",Inicial!F21,"N/A") -> N/A | G59: =IF(Inicial!M21="SI",Inicial!G21,"N/A") -> N/A | H59: =IF(Inicial!M21="SI",Inicial!H21,"N/A") -> N/A | I59: =IF(Inicial!M21="SI",Inicial!I21,"N/A") -> N/A | W59: {=IF(OR(M59:V59="NO"),"No aceptable","Aceptable")} -> Aceptable | AN59: {=IF(OR(AA59:AM59="SI"),"Critico","No Critico")} -> No Critico
... A172: =Inicial!A134 -> 0 | B172: =Inicial!B134 -> 0 | C172: =Inicial!C134 -> 0 | D172: =Inicial!D134 -> 0 | E172: =IF(Inicial!M134="SI",Inicial!E134,"N/A") -> N/A | F172: =IF(Inicial!M134="SI",Inicial!F134,"N/A") -> N/A | G172: =IF(Inicial!M134="SI",Inicial!G134,"N/A") -> N/A | H172: =IF(Inicial!M134="SI",Inicial!H134,"N/A") -> N/A | I172: =IF(Inicial!M134="SI",Inicial!I134,"N/A") -> N/A | W172: {=IF(OR(M172:V172="NO"),"No aceptable","Aceptable")} -> Aceptable | AN172: {=IF(OR(AA172:AM172="SI"),"Critico","No Critico")} -> No Critico
A173: =Inicial!A135 -> 0 | W173: {=IF(OR(M173:V173="NO"),"No aceptable","Aceptable")} -> Aceptable | AN173: {=IF(OR(AA173:AM173="SI"),"Critico","No Critico")} -> No Critico
A174: =Inicial!A136 -> 0 | W174: {=IF(OR(M174:V174="NO"),"No aceptable","Aceptable")} -> Aceptable | AN174: {=IF(OR(AA174:AM174="SI"),"Critico","No Critico")} -> No Critico
A175: =Inicial!A137 -> 0 | W175: {=IF(OR(M175:V175="NO"),"No aceptable","Aceptable")} -> Aceptable | AN175: {=IF(OR(AA175:AM175="SI"),"Critico","No Critico")} -> No Critico
A176: =Inicial!A138 -> 0 | W176: {=IF(OR(M176:V176="NO"),"No aceptable","Aceptable")} -> Aceptable | AN176: {=IF(OR(AA176:AM176="SI"),"Critico","No Critico")} -> No Critico
A177: =Inicial!A139 -> 0 | W177: {=IF(OR(M177:V177="NO"),"No aceptable","Aceptable")} -> Aceptable | AN177: {=IF(OR(AA177:AM177="SI"),"Critico","No Critico")} -> No Critico
A178: =Inicial!A140 -> 0 | W178: {=IF(OR(M178:V178="NO"),"No aceptable","Aceptable")} -> Aceptable | AN178: {=IF(OR(AA178:AM178="SI"),"Critico","No Critico")} -> No Critico

Sheet Manejo manual PCTS
A1: MMP | F1: Horas extras | H1: N° Trabajadores Expuestos | J1: IDENTIFICACIÓN AVANZADA – Tarea(s) Manejo manual de personas/pacientes – Condición AceptableAPLICACIÓN DE LA FUERZA | N1: IDENTIFICACIÓN AVANZADA – Tarea(s) Manejo manual de personas/pacientes – Condición Aceptable EQUIPAMIENTO | Q1: IDENTIFICACIÓN AVANZADA – Tarea(s) Manejo manual de personas/pacientes – Condición Aceptable AMBIENTES Y ESPACIOS | T1: IDENTIFICACIÓN AVANZADA – Tarea(s) Manejo manual de personas/pacientes – Condición Aceptable ORGANIZACIÓN | W1: IDENTIFICACIÓN AVANZADA – Tarea(s) Manejo manual de personas/pacientes – Condición Aceptable ENTRENAMIENTO | X1: RESULTADO | Y1: IDENTIFICACIÓN AVANZADA – Tarea(s) Manejo manual de personas/pacientes – Condición AceptableAPLICACIÓN DE LA FUERZA | AC1: IDENTIFICACIÓN AVANZADA – Tarea(s) Manejo manual de personas/pacientes – Condición Aceptable EQUIPAMIENTO | AG1: IDENTIFICACIÓN AVANZADA – Tarea(s) Manejo manual de personas/pacientes – Condición Aceptable AMBIENTES Y ESPACIOS | AJ1: IDENTIFICACIÓN AVANZADA – Tarea(s) Manejo manual de personas/pacientes – Condición Aceptable ORGANIZACIÓN | AM1: IDENTIFICACIÓN AVANZADA – Tarea(s) Manejo manual de personas/pacientes – Condición Aceptable ENTRENAMIENTO | AN1: RESULTADO | AO1: Plan de acción
A2: N° | B2: Área de trabajo | C2: Puesto de trabajo | D2: Tareas del puesto de trabajo | E2: Horario de funcionamiento | F2: Por dia | G2: Por Semana | H2: HOMBRE | I2: MUJER | J2: En promedio, por turno, el trabajador realiza 6 o menos MMP que superen los 15 kg. cada uno. | K2: Ausencia de asimetría (Ej: cuerpo rotado, torsión y/o inclinación de tronco). | L2: El paciente es mantenido cerca del cuerpo del trabajador. | M2: El MMP se realiza entre la altura nudillo suelo y la altura codo suelo (°). | N2: Cuenta con camas regulables en altura. | O2: Existe y se utilizan de forma correcta las ayudas mecánicas. | P2: Existen programas de mantenimiento de las ayudas mecánicas, de sillas de rueda y camillas. | Q2: La iluminación permite visualizar todos los elementos en el espacio de trabajo y la temperatura son adecuadas está entre 19° y 25° grados Celsius. | R2: Existe suficiente espacio para moverse libremente y para utilizar las ayudas mecánicas existentes. | S2: Presencia de suelo en salas, pasillos y otros que permiten el normal desplazamiento de sillas de rueda y camillas. | T2: Existe un programa institucional para la prevención del riego por MMP: evaluación de riesgo, clasificación de pacientes (según nivel de asistencia requerida, peso, etc.), monitoreo de la salud de los trabajadores, etc. | U2: Existen procedimientos escritos e informados de MMP de acuerdo con el peso y características del paciente. | V2: La organización del trabajo permite distribuir las tareas de MMP a lo largo de la jornada e incluye periodos de descanso dentro de ella. | W2: Al menos un 75 % de los trabajadores del servicio/unidad recibieron capacitación teórico-práctico en MMP en los últimos 12 meses. | X2: Condición Aceptable | Y2: En promedio, por turno, el trabajador realiza 12 o más MMP que superen los 15 kgs. cada uno. | Z2: El MMP se realiza bajo las rodillas o sobre la altura codo suelo | AA2: La distancia horizontal entre el cuerpo y el paciente manipulado es superior a 63 cm. | AB2: Torsión extrema del tronco sin movimientos de los pies. | AC2: Las camas no son regulables y tienen una altura inferior a 70 cm. | AD2: Las camas tienen ninguna o solo 2 ruedas. | AE2: El trabajador hace todo el esfuerzo en el manejo del paciente ya que no se utiliza ningún tipo de ayudas mecánicas. | AF2: No existe programa de mantenimiento de las ayudas mecánicas ni de sillas de rueda o camillas. | AG2: La temperatura ambiente es menor a 18° o superior a 26° grados Celsius y no se cuenta con ropa que proteja de las temperaturas extremas. | AH2: Existe menos de 90 cm de espacio entre la cama y la pared o entre las camas, o menos de 120 cm. al final de la cama. | AI2: Presencia de suelo resbaladizo, irregular o inestable en salas o pasillos. | AJ2: La organización carece de un sistema de clasificación del paciente (según nivel de asistencia, peso, etc.). | AK2: La organización no cuenta con procedimientos escritos e informados de MMP de acuerdo con el peso y características del paciente. | AL2: La organización del trabajo genera concentración de tareas de MMP en ciertos horarios de trabajo y no cuenta con pausas de descanso durante la jornada. | AM2: Un 50 % o menos de los trabajadores del servicio/unidad recibieron capacitación teórico-práctico en MMP en los últimos 18 meses. | AN2: Condición Crítica | AO2: Fecha aplicación identificación avanzada | AP2: Medidas de control (administrativas) | AQ2: Medidas de control (Ingeniería) | AR2: Responsable aplicación medida | AS2: Fecha de implementación medidas (Max 90 días) | AT2: Evidencia
A3: =Inicial!A3 -> 1 | B3: =Inicial!B3 -> Despacho | C3: =Inicial!C3 -> Carton Frezzer | D3: =Inicial!D3 -> Pinchador | E3: =IF(Inicial!N3="SI",Inicial!E3,"N/A") -> N/A | F3: =IF(Inicial!N3="SI",Inicial!F3,"N/A") -> N/A | G3: =IF(Inicial!N3="SI",Inicial!G3,"N/A") -> N/A | H3: =IF(Inicial!N3="SI",Inicial!H3,"N/A") -> N/A | I3: =IF(Inicial!N3="SI",Inicial!I3,"N/A") -> N/A | X3: {=IF(OR(J3:W3="NO"),"No aceptable","Aceptable")} -> Aceptable | AN3: {=IF(OR(Y3:AM3="NO"),"Critico","No Critico")} -> No Critico
A4: =Inicial!A4 -> 2 | B4: =Inicial!B4 -> Despacho | C4: =Inicial!C4 -> Carton Frezzer | D4: =Inicial!D4 -> Depaletizador | E4: =IF(Inicial!N4="SI",Inicial!E4,"N/A") -> N/A | F4: =IF(Inicial!N4="SI",Inicial!F4,"N/A") -> N/A | G4: =IF(Inicial!N4="SI",Inicial!G4,"N/A") -> N/A | H4: =IF(Inicial!N4="SI",Inicial!H4,"N/A") -> N/A | I4: =IF(Inicial!N4="SI",Inicial!I4,"N/A") -> N/A | X4: {=IF(OR(J4:W4="NO"),"No aceptable","Aceptable")} -> Aceptable | AN4: {=IF(OR(Y4:AM4="NO"),"Critico","No Critico")} -> No Critico
A5: =Inicial!A5 -> 3 | B5: =Inicial!B5 -> Despacho | C5: =Inicial!C5 -> Carton Frezzer | D5: =Inicial!D5 -> Pinchador | E5: =IF(Inicial!N5="SI",Inicial!E5,"N/A") -> N/A | F5: =IF(Inicial!N5="SI",Inicial!F5,"N/A") -> N/A | G5: =IF(Inicial!N5="SI",Inicial!G5,"N/A") -> N/A | H5: =IF(Inicial!N5="SI",Inicial!H5,"N/A") -> N/A | I5: =IF(Inicial!N5="SI",Inicial!I5,"N/A") -> N/A | X5: {=IF(OR(J5:W5="NO"),"No aceptable","Aceptable")} -> Aceptable | AN5: {=IF(OR(Y5:AM5="NO"),"Critico","No Critico")} -> No Critico
A6: =Inicial!A6 -> 4 | B6: =Inicial!B6 -> Despacho | C6: =Inicial!C6 -> Despacho congelado | D6: =Inicial!D6 -> Gruero | E6: =IF(Inicial!N6="SI",Inicial!E6,"N/A") -> N/A | F6: =IF(Inicial!N6="SI",Inicial!F6,"N/A") -> N/A | G6: =IF(Inicial!N6="SI",Inicial!G6,"N/A") -> N/A | H6: =IF(Inicial!N6="SI",Inicial!H6,"N/A") -> N/A | I6: =IF(Inicial!N6="SI",Inicial!I6,"N/A") -> N/A | X6: {=IF(OR(J6:W6="NO"),"No aceptable","Aceptable")} -> Aceptable | AN6: {=IF(OR(Y6:AM6="NO"),"Critico","No Critico")} -> No Critico
A7: =Inicial!A7 -> 5 | B7: =Inicial!B7 -> Despacho | C7: =Inicial!C7 -> Despacho congelado | D7: =Inicial!D7 -> Transpaletero | E7: =IF(Inicial!N7="SI",Inicial!E7,"N/A") -> N/A | F7: =IF(Inicial!N7="SI",Inicial!F7,"N/A") -> N/A | G7: =IF(Inicial!N7="SI",Inicial!G7,"N/A") -> N/A | H7: =IF(Inicial!N7="SI",Inicial!H7,"N/A") -> N/A | I7: =IF(Inicial!N7="SI",Inicial!I7,"N/A") -> N/A | X7: {=IF(OR(J7:W7="NO"),"No aceptable","Aceptable")} -> Aceptable | AN7: {=IF(OR(Y7:AM7="NO"),"Critico","No Critico")} -> No Critico
A8: =Inicial!A8 -> 6 | B8: =Inicial!B8 -> Despacho | C8: =Inicial!C8 -> Despacho congelado | D8: =Inicial!D8 -> Postura de films | E8: =IF(Inicial!N8="SI",Inicial!E8,"N/A") -> N/A | F8: =IF(Inicial!N8="SI",Inicial!F8,"N/A") -> N/A | G8: =IF(Inicial!N8="SI",Inicial!G8,"N/A") -> N/A | H8: =IF(Inicial!N8="SI",Inicial!H8,"N/A") -> N/A | I8: =IF(Inicial!N8="SI",Inicial!I8,"N/A") -> N/A | X8: {=IF(OR(J8:W8="NO"),"No aceptable","Aceptable")} -> Aceptable | AN8: {=IF(OR(Y8:AM8="NO"),"Critico","No Critico")} -> No Critico
A9: =Inicial!A9 -> 7 | B9: =Inicial!B9 -> Despacho | C9: =Inicial!C9 -> Despacho Congelado | D9: =Inicial!D9 -> Reprocesos de producto | E9: =IF(Inicial!N9="SI",Inicial!E9,"N/A") -> N/A | F9: =IF(Inicial!N9="SI",Inicial!F9,"N/A") -> N/A | G9: =IF(Inicial!N9="SI",Inicial!G9,"N/A") -> N/A | H9: =IF(Inicial!N9="SI",Inicial!H9,"N/A") -> N/A | I9: =IF(Inicial!N9="SI",Inicial!I9,"N/A") -> N/A | X9: {=IF(OR(J9:W9="NO"),"No aceptable","Aceptable")} -> Aceptable | AN9: {=IF(OR(Y9:AM9="NO"),"Critico","No Critico")} -> No Critico
A10: =Inicial!#REF! -> #REF! | B10: =Inicial!#REF! -> #REF! | C10: =Inicial!#REF! -> #REF! | D10: =Inicial!#REF! -> #REF! | E10: =IF(Inicial!#REF!="SI",Inicial!#REF!,"N/A") -> #REF! | F10: =IF(Inicial!#REF!="SI",Inicial!#REF!,"N/A") -> #REF! | G10: =IF(Inicial!#REF!="SI",Inicial!#REF!,"N/A") -> #REF! | H10: =IF(Inicial!#REF!="SI",Inicial!#REF!,"N/A") -> #REF! | I10: =IF(Inicial!#REF!="SI",Inicial!#REF!,"N/A") -> #REF! | X10: {=IF(OR(J10:W10="NO"),"No aceptable","Aceptable")} -> Aceptable | AN10: {=IF(OR(Y10:AM10="NO"),"Critico","No Critico")} -> No Critico
A11: =Inicial!#REF! -> #REF! | B11: =Inicial!#REF! -> #REF! | C11: =Inicial!#REF! -> #REF! | D11: =Inicial!#REF! -> #REF! | E11: =IF(Inicial!#REF!="SI",Inicial!#REF!,"N/A") -> #REF! | F11: =IF(Inicial!#REF!="SI",Inicial!#REF!,"N/A") -> #REF! | G11: =IF(Inicial!#REF!="SI",Inicial!#REF!,"N/A") -> #REF! | H11: =IF(Inicial!#REF!="SI",Inicial!#REF!,"N/A") -> #REF! | I11: =IF(Inicial!#REF!="SI",Inicial!#REF!,"N/A") -> #REF! | X11: {=IF(OR(J11:W11="NO"),"No aceptable","Aceptable")} -> Aceptable | AN11: {=IF(OR(Y11:AM11="NO"),"Critico","No Critico")} -> No Critico
A12: =Inicial!#REF! -> #REF! | B12: =Inicial!#REF! -> #REF! | C12: =Inicial!#REF! -> #REF! | D12: =Inicial!#REF! -> #REF! | E12: =IF(Inicial!#REF!="SI",Inicial!#REF!,"N/A") -> #REF! | F12: =IF(Inicial!#REF!="SI",Inicial!#REF!,"N/A") -> #REF! | G12: =IF(Inicial!#REF!="SI",Inicial!#REF!,"N/A") -> #REF! | H12: =IF(Inicial!#REF!="SI",Inicial!#REF!,"N/A") -> #REF! | I12: =IF(Inicial!#REF!="SI",Inicial!#REF!,"N/A") -> #REF! | X12: {=IF(OR(J12:W12="NO"),"No aceptable","Aceptable")} -> Aceptable | AN12: {=IF(OR(Y12:AM12="NO"),"Critico","No Critico")} -> No Critico
A13: =Inicial!#REF! -> #REF! | B13: =Inicial!#REF! -> #REF! | C13: =Inicial!#REF! -> #REF! | D13: =Inicial!#REF! -> #REF! | E13: =IF(Inicial!#REF!="SI",Inicial!#REF!,"N/A") -> #REF! | F13: =IF(Inicial!#REF!="SI",Inicial!#REF!,"N/A") -> #REF! | G13: =IF(Inicial!#REF!="SI",Inicial!#REF!,"N/A") -> #REF! | H13: =IF(Inicial!#REF!="SI",Inicial!#REF!,"N/A") -> #REF! | I13: =IF(Inicial!#REF!="SI",Inicial!#REF!,"N/A") -> #REF! | X13: {=IF(OR(J13:W13="NO"),"No aceptable","Aceptable")} -> Aceptable | AN13: {=IF(OR(Y13:AM13="NO"),"Critico","No Critico")} -> No Critico
A14: =Inicial!#REF! -> #REF! | B14: =Inicial!#REF! -> #REF! | C14: =Inicial!#REF! -> #REF! | D14: =Inicial!#REF! -> #REF! | E14: =IF(Inicial!#REF!="SI",Inicial!#REF!,"N/A") -> #REF! | F14: =IF(Inicial!#REF!="SI",Inicial!#REF!,"N/A") -> #REF! | G14: =IF(Inicial!#REF!="SI",Inicial!#REF!,"N/A") -> #REF! | H14: =IF(Inicial!#REF!="SI",Inicial!#REF!,"N/A") -> #REF! | I14: =IF(Inicial!#REF!="SI",Inicial!#REF!,"N/A") -> #REF! | X14: {=IF(OR(J14:W14="NO"),"No aceptable","Aceptable")} -> Aceptable | AN14: {=IF(OR(Y14:AM14="NO"),"Critico","No Critico")} -> No Critico
A15: =Inicial!#REF! -> #REF! | B15: =Inicial!#REF! -> #REF! | C15: =Inicial!#REF! -> #REF! | D15: =Inicial!#REF! -> #REF! | E15: =IF(Inicial!#REF!="SI",Inicial!#REF!,"N/A") -> #REF! | F15: =IF(Inicial!#REF!="SI",Inicial!#REF!,"N/A") -> #REF! | G15: =IF(Inicial!#REF!="SI",Inicial!#REF!,"N/A") -> #REF! | H15: =IF(Inicial!#REF!="SI",Inicial!#REF!,"N/A") -> #REF! | I15: =IF(Inicial!#REF!="SI",Inicial!#REF!,"N/A") -> #REF! | X15: {=IF(OR(J15:W15="NO"),"No aceptable","Aceptable")} -> Aceptable | AN15: {=IF(OR(Y15:AM15="NO"),"Critico","No Critico")} -> No Critico
A16: =Inicial!#REF! -> #REF! | B16: =Inicial!#REF! -> #REF! | C16: =Inicial!#REF! -> #REF! | D16: =Inicial!#REF! -> #REF! | E16: =IF(Inicial!#REF!="SI",Inicial!#REF!,"N/A") -> #REF! | F16: =IF(Inicial!#REF!="SI",Inicial!#REF!,"N/A") -> #REF! | G16: =IF(Inicial!#REF!="SI",Inicial!#REF!,"N/A") -> #REF! | H16: =IF(Inicial!#REF!="SI",Inicial!#REF!,"N/A") -> #REF! | I16: =IF(Inicial!#REF!="SI",Inicial!#REF!,"N/A") -> #REF! | X16: {=IF(OR(J16:W16="NO"),"No aceptable","Aceptable")} -> Aceptable | AN16: {=IF(OR(Y16:AM16="NO"),"Critico","No Critico")} -> No Critico
A17: =Inicial!#REF! -> #REF! | B17: =Inicial!#REF! -> #REF! | C17: =Inicial!#REF! -> #REF! | D17: =Inicial!#REF! -> #REF! | E17: =IF(Inicial!#REF!="SI",Inicial!#REF!,"N/A") -> #REF! | F17: =IF(Inicial!#REF!="SI",Inicial!#REF!,"N/A") -> #REF! | G17: =IF(Inicial!#REF!="SI",Inicial!#REF!,"N/A") -> #REF! | H17: =IF(Inicial!#REF!="SI",Inicial!#REF!,"N/A") -> #REF! | I17: =IF(Inicial!#REF!="SI",Inicial!#REF!,"N/A") -> #REF! | X17: {=IF(OR(J17:W17="NO"),"No aceptable","Aceptable")} -> Aceptable | AN17: {=IF(OR(Y17:AM17="NO"),"Critico","No Critico")} -> No Critico
A18: =Inicial!#REF! -> #REF! | B18: =Inicial!#REF! -> #REF! | C18: =Inicial!#REF! -> #REF! | D18: =Inicial!#REF! -> #REF! | E18: =IF(Inicial!#REF!="SI",Inicial!#REF!,"N/A") -> #REF! | F18: =IF(Inicial!#REF!="SI",Inicial!#REF!,"N/A") -> #REF! | G18: =IF(Inicial!#REF!="SI",Inicial!#REF!,"N/A") -> #REF! | H18: =IF(Inicial!#REF!="SI",Inicial!#REF!,"N/A") -> #REF! | I18: =IF(Inicial!#REF!="SI",Inicial!#REF!,"N/A") -> #REF! | X18: {=IF(OR(J18:W18="NO"),"No aceptable","Aceptable")} -> Aceptable | AN18: {=IF(OR(Y18:AM18="NO"),"Critico","No Critico")} -> No Critico
A19: =Inicial!#REF! -> #REF! | B19: =Inicial!#REF! -> #REF! | C19: =Inicial!#REF! -> #REF! | D19: =Inicial!#REF! -> #REF! | E19: =IF(Inicial!#REF!="SI",Inicial!#REF!,"N/A") -> #REF! | F19: =IF(Inicial!#REF!="SI",Inicial!#REF!,"N/A") -> #REF! | G19: =IF(Inicial!#REF!="SI",Inicial!#REF!,"N/A") -> #REF! | H19: =IF(Inicial!#REF!="SI",Inicial!#REF!,"N/A") -> #REF! | I19: =IF(Inicial!#REF!="SI",Inicial!#REF!,"N/A") -> #REF! | X19: {=IF(OR(J19:W19="NO"),"No aceptable","Aceptable")} -> Aceptable | AN19: {=IF(OR(Y19:AM19="NO"),"Critico","No Critico")} -> No Critico
A20: =Inicial!#REF! -> #REF! | B20: =Inicial!#REF! -> #REF! | C20: =Inicial!#REF! -> #REF! | D20: =Inicial!#REF! -> #REF! | E20: =IF(Inicial!#REF!="SI",Inicial!#REF!,"N/A") -> #REF! | F20: =IF(Inicial!#REF!="SI",Inicial!#REF!,"N/A") -> #REF! | G20: =IF(Inicial!#REF!="SI",Inicial!#REF!,"N/A") -> #REF! | H20: =IF(Inicial!#REF!="SI",Inicial!#REF!,"N/A") -> #REF! | I20: =IF(Inicial!#REF!="SI",Inicial!#REF!,"N/A") -> #REF! | X20: {=IF(OR(J20:W20="NO"),"No aceptable","Aceptable")} -> Aceptable | AN20: {=IF(OR(Y20:AM20="NO"),"Critico","No Critico")} -> No Critico
A21: =Inicial!#REF! -> #REF! | B21: =Inicial!#REF! -> #REF! | C21: =Inicial!#REF! -> #REF! | D21: =Inicial!#REF! -> #REF! | E21: =IF(Inicial!#REF!="SI",Inicial!#REF!,"N/A") -> #REF! | F21: =IF(Inicial!#REF!="SI",Inicial!#REF!,"N/A") -> #REF! | G21: =IF(Inicial!#REF!="SI",Inicial!#REF!,"N/A") -> #REF! | H21: =IF(Inicial!#REF!="SI",Inicial!#REF!,"N/A") -> #REF! | I21: =IF(Inicial!#REF!="SI",Inicial!#REF!,"N/A") -> #REF! | X21: {=IF(OR(J21:W21="NO"),"No aceptable","Aceptable")} -> Aceptable | AN21: {=IF(OR(Y21:AM21="NO"),"Critico","No Critico")} -> No Critico
... A47: =Inicial!#REF! -> #REF! | B47: =Inicial!#REF! -> #REF! | C47: =Inicial!#REF! -> #REF! | D47: =Inicial!#REF! -> #REF! | E47: =IF(Inicial!#REF!="SI",Inicial!#REF!,"N/A") -> #REF! | F47: =IF(Inicial!#REF!="SI",Inicial!#REF!,"N/A") -> #REF! | G47: =IF(Inicial!#REF!="SI",Inicial!#REF!,"N/A") -> #REF! | H47: =IF(Inicial!#REF!="SI",Inicial!#REF!,"N/A") -> #REF! | I47: =IF(Inicial!#REF!="SI",Inicial!#REF!,"N/A") -> #REF! | X47: {=IF(OR(J47:W47="NO"),"No aceptable","Aceptable")} -> Aceptable | AN47: {=IF(OR(Y47:AM47="NO"),"Critico","No Critico")} -> No Critico
A48: =Inicial!A10 -> 0 | B48: =Inicial!B10 -> 0 | C48: =Inicial!C10 -> 0 | D48: =Inicial!D10 -> 0 | E48: =IF(Inicial!N10="SI",Inicial!E10,"N/A") -> N/A | F48: =IF(Inicial!N10="SI",Inicial!F10,"N/A") -> N/A | G48: =IF(Inicial!N10="SI",Inicial!G10,"N/A") -> N/A | H48: =IF(Inicial!N10="SI",Inicial!H10,"N/A") -> N/A | I48: =IF(Inicial!N10="SI",Inicial!I10,"N/A") -> N/A | X48: {=IF(OR(J48:W48="NO"),"No aceptable","Aceptable")} -> Aceptable | AN48: {=IF(OR(Y48:AM48="NO"),"Critico","No Critico")} -> No Critico
A49: =Inicial!A11 -> 0 | B49: =Inicial!B11 -> 0 | C49: =Inicial!C11 -> 0 | D49: =Inicial!D11 -> 0 | E49: =IF(Inicial!N11="SI",Inicial!E11,"N/A") -> N/A | F49: =IF(Inicial!N11="SI",Inicial!F11,"N/A") -> N/A | G49: =IF(Inicial!N11="SI",Inicial!G11,"N/A") -> N/A | H49: =IF(Inicial!N11="SI",Inicial!H11,"N/A") -> N/A | I49: =IF(Inicial!N11="SI",Inicial!I11,"N/A") -> N/A | X49: {=IF(OR(J49:W49="NO"),"No aceptable","Aceptable")} -> Aceptable | AN49: {=IF(OR(Y49:AM49="NO"),"Critico","No Critico")} -> No Critico
A50: =Inicial!A12 -> 0 | B50: =Inicial!B12 -> 0 | C50: =Inicial!C12 -> 0 | D50: =Inicial!D12 -> 0 | E50: =IF(Inicial!N12="SI",Inicial!E12,"N/A") -> N/A | F50: =IF(Inicial!N12="SI",Inicial!F12,"N/A") -> N/A | G50: =IF(Inicial!N12="SI",Inicial!G12,"N/A") -> N/A | H50: =IF(Inicial!N12="SI",Inicial!H12,"N/A") -> N/A | I50: =IF(Inicial!N12="SI",Inicial!I12,"N/A") -> N/A | X50: {=IF(OR(J50:W50="NO"),"No aceptable","Aceptable")} -> Aceptable | AN50: {=IF(OR(Y50:AM50="NO"),"Critico","No Critico")} -> No Critico
A51: =Inicial!A13 -> 0 | B51: =Inicial!B13 -> 0 | C51: =Inicial!C13 -> 0 | D51: =Inicial!D13 -> 0 | E51: =IF(Inicial!N13="SI",Inicial!E13,"N/A") -> N/A | F51: =IF(Inicial!N13="SI",Inicial!F13,"N/A") -> N/A | G51: =IF(Inicial!N13="SI",Inicial!G13,"N/A") -> N/A | H51: =IF(Inicial!N13="SI",Inicial!H13,"N/A") -> N/A | I51: =IF(Inicial!N13="SI",Inicial!I13,"N/A") -> N/A | X51: {=IF(OR(J51:W51="NO"),"No aceptable","Aceptable")} -> Aceptable | AN51: {=IF(OR(Y51:AM51="NO"),"Critico","No Critico")} -> No Critico
A52: =Inicial!A14 -> 0 | B52: =Inicial!B14 -> 0 | C52: =Inicial!C14 -> 0 | D52: =Inicial!D14 -> 0 | E52: =IF(Inicial!N14="SI",Inicial!E14,"N/A") -> N/A | F52: =IF(Inicial!N14="SI",Inicial!F14,"N/A") -> N/A | G52: =IF(Inicial!N14="SI",Inicial!G14,"N/A") -> N/A | H52: =IF(Inicial!N14="SI",Inicial!H14,"N/A") -> N/A | I52: =IF(Inicial!N14="SI",Inicial!I14,"N/A") -> N/A | X52: {=IF(OR(J52:W52="NO"),"No aceptable","Aceptable")} -> Aceptable | AN52: {=IF(OR(Y52:AM52="NO"),"Critico","No Critico")} -> No Critico
A53: =Inicial!A15 -> 0 | B53: =Inicial!B15 -> 0 | C53: =Inicial!C15 -> 0 | D53: =Inicial!D15 -> 0 | E53: =IF(Inicial!N15="SI",Inicial!E15,"N/A") -> N/A | F53: =IF(Inicial!N15="SI",Inicial!F15,"N/A") -> N/A | G53: =IF(Inicial!N15="SI",Inicial!G15,"N/A") -> N/A | H53: =IF(Inicial!N15="SI",Inicial!H15,"N/A") -> N/A | I53: =IF(Inicial!N15="SI",Inicial!I15,"N/A") -> N/A | X53: {=IF(OR(J53:W53="NO"),"No aceptable","Aceptable")} -> Aceptable | AN53: {=IF(OR(Y53:AM53="NO"),"Critico","No Critico")} -> No Critico
A54: =Inicial!A16 -> 0 | B54: =Inicial!B16 -> 0 | C54: =Inicial!C16 -> 0 | D54: =Inicial!D16 -> 0 | E54: =IF(Inicial!N16="SI",Inicial!E16,"N/A") -> N/A | F54: =IF(Inicial!N16="SI",Inicial!F16,"N/A") -> N/A | G54: =IF(Inicial!N16="SI",Inicial!G16,"N/A") -> N/A | H54: =IF(Inicial!N16="SI",Inicial!H16,"N/A") -> N/A | I54: =IF(Inicial!N16="SI",Inicial!I16,"N/A") -> N/A | X54: {=IF(OR(J54:W54="NO"),"No aceptable","Aceptable")} -> Aceptable | AN54: {=IF(OR(Y54:AM54="NO"),"Critico","No Critico")} -> No Critico
A55: =Inicial!A17 -> 0 | B55: =Inicial!B17 -> 0 | C55: =Inicial!C17 -> 0 | D55: =Inicial!D17 -> 0 | E55: =IF(Inicial!N17="SI",Inicial!E17,"N/A") -> N/A | F55: =IF(Inicial!N17="SI",Inicial!F17,"N/A") -> N/A | G55: =IF(Inicial!N17="SI",Inicial!G17,"N/A") -> N/A | H55: =IF(Inicial!N17="SI",Inicial!H17,"N/A") -> N/A | I55: =IF(Inicial!N17="SI",Inicial!I17,"N/A") -> N/A | X55: {=IF(OR(J55:W55="NO"),"No aceptable","Aceptable")} -> Aceptable | AN55: {=IF(OR(Y55:AM55="NO"),"Critico","No Critico")} -> No Critico
A56: =Inicial!A18 -> 0 | B56: =Inicial!B18 -> 0 | C56: =Inicial!C18 -> 0 | D56: =Inicial!D18 -> 0 | E56: =IF(Inicial!N18="SI",Inicial!E18,"N/A") -> N/A | F56: =IF(Inicial!N18="SI",Inicial!F18,"N/A") -> N/A | G56: =IF(Inicial!N18="SI",Inicial!G18,"N/A") -> N/A | H56: =IF(Inicial!N18="SI",Inicial!H18,"N/A") -> N/A | I56: =IF(Inicial!N18="SI",Inicial!I18,"N/A") -> N/A | X56: {=IF(OR(J56:W56="NO"),"No aceptable","Aceptable")} -> Aceptable | AN56: {=IF(OR(Y56:AM56="NO"),"Critico","No Critico")} -> No Critico
A57: =Inicial!A19 -> 0 | B57: =Inicial!B19 -> 0 | C57: =Inicial!C19 -> 0 | D57: =Inicial!D19 -> 0 | E57: =IF(Inicial!N19="SI",Inicial!E19,"N/A") -> N/A | F57: =IF(Inicial!N19="SI",Inicial!F19,"N/A") -> N/A | G57: =IF(Inicial!N19="SI",Inicial!G19,"N/A") -> N/A | H57: =IF(Inicial!N19="SI",Inicial!H19,"N/A") -> N/A | I57: =IF(Inicial!N19="SI",Inicial!I19,"N/A") -> N/A | X57: {=IF(OR(J57:W57="NO"),"No aceptable","Aceptable")} -> Aceptable | AN57: {=IF(OR(Y57:AM57="NO"),"Critico","No Critico")} -> No Critico
A58: =Inicial!A20 -> 0 | B58: =Inicial!B20 -> 0 | C58: =Inicial!C20 -> 0 | D58: =Inicial!D20 -> 0 | E58: =IF(Inicial!N20="SI",Inicial!E20,"N/A") -> N/A | F58: =IF(Inicial!N20="SI",Inicial!F20,"N/A") -> N/A | G58: =IF(Inicial!N20="SI",Inicial!G20,"N/A") -> N/A | H58: =IF(Inicial!N20="SI",Inicial!H20,"N/A") -> N/A | I58: =IF(Inicial!N20="SI",Inicial!I20,"N/A") -> N/A | X58: {=IF(OR(J58:W58="NO"),"No aceptable","Aceptable")} -> Aceptable | AN58: {=IF(OR(Y58:AM58="NO"),"Critico","No Critico")} -> No Critico
A59: =Inicial!A21 -> 0 | B59: =Inicial!B21 -> 0 | C59: =Inicial!C21 -> 0 | D59: =Inicial!D21 -> 0 | E59: =IF(Inicial!N21="SI",Inicial!E21,"N/A") -> N/A | F59: =IF(Inicial!N21="SI",Inicial!F21,"N/A") -> N/A | G59: =IF(Inicial!N21="SI",Inicial!G21,"N/A") -> N/A | H59: =IF(Inicial!N21="SI",Inicial!H21,"N/A") -> N/A | I59: =IF(Inicial!N21="SI",Inicial!I21,"N/A") -> N/A | X59: {=IF(OR(J59:W59="NO"),"No aceptable","Aceptable")} -> Aceptable | AN59: {=IF(OR(Y59:AM59="NO"),"Critico","No Critico")} -> No Critico
... A176: =Inicial!A138 -> 0 | B176: =Inicial!B138 -> 0 | C176: =Inicial!C138 -> 0 | D176: =Inicial!D138 -> 0 | E176: =IF(Inicial!N138="SI",Inicial!E138,"N/A") -> N/A | F176: =IF(Inicial!N138="SI",Inicial!F138,"N/A") -> N/A | G176: =IF(Inicial!N138="SI",Inicial!G138,"N/A") -> N/A | H176: =IF(Inicial!N138="SI",Inicial!H138,"N/A") -> N/A | I176: =IF(Inicial!N138="SI",Inicial!I138,"N/A") -> N/A | X176: {=IF(OR(J176:W176="NO"),"No aceptable","Aceptable")} -> Aceptable | AN176: {=IF(OR(Y176:AM176="NO"),"Critico","No Critico")} -> No Critico
A177: =Inicial!A139 -> 0 | X177: {=IF(OR(J177:W177="NO"),"No aceptable","Aceptable")} -> Aceptable | AN177: {=IF(OR(Y177:AM177="NO"),"Critico","No Critico")} -> No Critico
A178: =Inicial!A140 -> 0 | X178: {=IF(OR(J178:W178="NO"),"No aceptable","Aceptable")} -> Aceptable | AN178: {=IF(OR(Y178:AM178="NO"),"Critico","No Critico")} -> No Critico

Sheet Vibración Cuerpo completo
A1: Vibración Cuerpo Completo | F1: Horas extras | H1: N° Trabajadores Expuestos | J1: Tabla V. IDENTIFICACIÓN AVANZADA – Tarea(s) con vibraciones de cuerpo completo – Condición aceptable | U1: RESULTADO | V1: Plan de acción
A2: N° | B2: Área de trabajo | C2: Puesto de trabajo | D2: Tareas del puesto de trabajo | E2: Horario de funcionamiento | F2: Por dia | G2: Por Semana | H2: HOMBRE | I2: MUJER | J2: ¿Se debe operar maquinaria vibrante por periodos prolongados de tiempo todos los días o gran parte de la jornada laboral? | K2: En la conducción de vehículos, ¿Se está expuesto a choques o movimientos bruscos? | L2: ¿Los vehículos o maquinarias vibrantes se encuentran sin mantención? | M2: ¿Se conduce por vías poco o mal mantenidas? | N2: Junto con la presencia de vibración, ¿Se adoptan posturas forzadas o estáticas para realizar las tareas? | O2: Junto con la presencia de vibración, ¿Se realiza manejo manual de carga en la tarea realizada por el trabajador o trabajadora? | P2: Los fabricantes o suministradores de la maquinaria que se utiliza no advierten del riesgo de la exposición a vibración | Q2: Si los fabricantes o proveedores de maquinaria que se utiliza indican las aceleraciones equivalentes en los Ejes X, Y, Z ¿Se sobrepasa el criterio de accion de 0,5 m/s2? | R2: ¿Existe desconocimiento por parte de los trabajadores sobre los riesgos relacionados con las vibraciones de cuerpo completo? | S2: ¿No se han hecho capacitaciones a las y los trabajadores que se identifican realizando tareas expuesto a vibraciones de cuerpo entero? | T2: ¿Hay reportes de dolores de espalda baja (lumbar), media (toráxica), alta (toráxica – cuello) de los trabajadores sometidos a vibración de cuerpo completo? | U2: Condición Aceptable | V2: Fecha aplicación identificación avanzada | W2: Medidas de control (administrativas) | X2: Medidas de control (Ingeniería) | Y2: Responsable aplicación medida | Z2: Fecha de implementación medidas (Max 90 días) | AA2: Evidencia
A3: =Inicial!A3 -> 1 | B3: =Inicial!B3 -> Despacho | C3: =Inicial!C3 -> Carton Frezzer | D3: =Inicial!D3 -> Pinchador | E3: =IF(Inicial!O3="SI",Inicial!E3,"N/A") -> N/A | F3: =IF(Inicial!O3="SI",Inicial!F3,"N/A") -> N/A | G3: =IF(Inicial!O3="SI",Inicial!G3,"N/A") -> N/A | H3: =IF(Inicial!O3="SI",Inicial!H3,"N/A") -> N/A | I3: =IF(Inicial!O3="SI",Inicial!I3,"N/A") -> N/A | U3: {=IF(OR(J3:T3="SI"),"No aceptable","Aceptable")} -> Aceptable
A4: =Inicial!A4 -> 2 | B4: =Inicial!B4 -> Despacho | C4: =Inicial!C4 -> Carton Frezzer | D4: =Inicial!D4 -> Depaletizador | E4: =IF(Inicial!O4="SI",Inicial!E4,"N/A") -> N/A | F4: =IF(Inicial!O4="SI",Inicial!F4,"N/A") -> N/A | G4: =IF(Inicial!O4="SI",Inicial!G4,"N/A") -> N/A | H4: =IF(Inicial!O4="SI",Inicial!H4,"N/A") -> N/A | I4: =IF(Inicial!O4="SI",Inicial!I4,"N/A") -> N/A | U4: {=IF(OR(N4:T4="NO"),"No aceptable","Aceptable")} -> Aceptable
A5: =Inicial!A5 -> 3 | B5: =Inicial!B5 -> Despacho | C5: =Inicial!C5 -> Carton Frezzer | D5: =Inicial!D5 -> Pinchador | E5: =IF(Inicial!O5="SI",Inicial!E5,"N/A") -> N/A | F5: =IF(Inicial!O5="SI",Inicial!F5,"N/A") -> N/A | G5: =IF(Inicial!O5="SI",Inicial!G5,"N/A") -> N/A | H5: =IF(Inicial!O5="SI",Inicial!H5,"N/A") -> N/A | I5: =IF(Inicial!O5="SI",Inicial!I5,"N/A") -> N/A | U5: {=IF(OR(N5:T5="NO"),"No aceptable","Aceptable")} -> Aceptable
A6: =Inicial!A6 -> 4 | B6: =Inicial!B6 -> Despacho | C6: =Inicial!C6 -> Despacho congelado | D6: =Inicial!D6 -> Gruero | E6: =IF(Inicial!O6="SI",Inicial!E6,"N/A") -> N/A | F6: =IF(Inicial!O6="SI",Inicial!F6,"N/A") -> N/A | G6: =IF(Inicial!O6="SI",Inicial!G6,"N/A") -> N/A | H6: =IF(Inicial!O6="SI",Inicial!H6,"N/A") -> N/A | I6: =IF(Inicial!O6="SI",Inicial!I6,"N/A") -> N/A | U6: {=IF(OR(N6:T6="NO"),"No aceptable","Aceptable")} -> Aceptable
A7: =Inicial!A7 -> 5 | B7: =Inicial!B7 -> Despacho | C7: =Inicial!C7 -> Despacho congelado | D7: =Inicial!D7 -> Transpaletero | E7: =IF(Inicial!O7="SI",Inicial!E7,"N/A") -> N/A | F7: =IF(Inicial!O7="SI",Inicial!F7,"N/A") -> N/A | G7: =IF(Inicial!O7="SI",Inicial!G7,"N/A") -> N/A | H7: =IF(Inicial!O7="SI",Inicial!H7,"N/A") -> N/A | I7: =IF(Inicial!O7="SI",Inicial!I7,"N/A") -> N/A | U7: {=IF(OR(N7:T7="NO"),"No aceptable","Aceptable")} -> Aceptable
A8: =Inicial!A8 -> 6 | B8: =Inicial!B8 -> Despacho | C8: =Inicial!C8 -> Despacho congelado | D8: =Inicial!D8 -> Postura de films | E8: =IF(Inicial!O8="SI",Inicial!E8,"N/A") -> N/A | F8: =IF(Inicial!O8="SI",Inicial!F8,"N/A") -> N/A | G8: =IF(Inicial!O8="SI",Inicial!G8,"N/A") -> N/A | H8: =IF(Inicial!O8="SI",Inicial!H8,"N/A") -> N/A | I8: =IF(Inicial!O8="SI",Inicial!I8,"N/A") -> N/A | U8: {=IF(OR(N8:T8="NO"),"No aceptable","Aceptable")} -> Aceptable
A9: =Inicial!A9 -> 7 | B9: =Inicial!B9 -> Despacho | C9: =Inicial!C9 -> Despacho Congelado | D9: =Inicial!D9 -> Reprocesos de producto | E9: =IF(Inicial!O9="SI",Inicial!E9,"N/A") -> N/A | F9: =IF(Inicial!O9="SI",Inicial!F9,"N/A") -> N/A | G9: =IF(Inicial!O9="SI",Inicial!G9,"N/A") -> N/A | H9: =IF(Inicial!O9="SI",Inicial!H9,"N/A") -> N/A | I9: =IF(Inicial!O9="SI",Inicial!I9,"N/A") -> N/A | U9: {=IF(OR(N9:T9="NO"),"No aceptable","Aceptable")} -> Aceptable
A10: =Inicial!#REF! -> #REF! | B10: =Inicial!#REF! -> #REF! | C10: =Inicial!#REF! -> #REF! | D10: =Inicial!#REF! -> #REF! | E10: =IF(Inicial!#REF!="SI",Inicial!#REF!,"N/A") -> #REF! | F10: =IF(Inicial!#REF!="SI",Inicial!#REF!,"N/A") -> #REF! | G10: =IF(Inicial!#REF!="SI",Inicial!#REF!,"N/A") -> #REF! | H10: =IF(Inicial!#REF!="SI",Inicial!#REF!,"N/A") -> #REF! | I10: =IF(Inicial!#REF!="SI",Inicial!#REF!,"N/A") -> #REF! | U10: {=IF(OR(N10:T10="NO"),"No aceptable","Aceptable")} -> Aceptable
A11: =Inicial!#REF! -> #REF! | B11: =Inicial!#REF! -> #REF! | C11: =Inicial!#REF! -> #REF! | D11: =Inicial!#REF! -> #REF! | E11: =IF(Inicial!#REF!="SI",Inicial!#REF!,"N/A") -> #REF! | F11: =IF(Inicial!#REF!="SI",Inicial!#REF!,"N/A") -> #REF! | G11: =IF(Inicial!#REF!="SI",Inicial!#REF!,"N/A") -> #REF! | H11: =IF(Inicial!#REF!="SI",Inicial!#REF!,"N/A") -> #REF! | I11: =IF(Inicial!#REF!="SI",Inicial!#REF!,"N/A") -> #REF! | U11: {=IF(OR(N11:T11="NO"),"No aceptable","Aceptable")} -> Aceptable
A12: =Inicial!#REF! -> #REF! | B12: =Inicial!#REF! -> #REF! | C12: =Inicial!#REF! -> #REF! | D12: =Inicial!#REF! -> #REF! | E12: =IF(Inicial!#REF!="SI",Inicial!#REF!,"N/A") -> #REF! | F12: =IF(Inicial!#REF!="SI",Inicial!#REF!,"N/A") -> #REF! | G12: =IF(Inicial!#REF!="SI",Inicial!#REF!,"N/A") -> #REF! | H12: =IF(Inicial!#REF!="SI",Inicial!#REF!,"N/A") -> #REF! | I12: =IF(Inicial!#REF!="SI",Inicial!#REF!,"N/A") -> #REF! | U12: {=IF(OR(N12:T12="NO"),"No aceptable","Aceptable")} -> Aceptable
A13: =Inicial!#REF! -> #REF! | B13: =Inicial!#REF! -> #REF! | C13: =Inicial!#REF! -> #REF! | D13: =Inicial!#REF! -> #REF! | E13: =IF(Inicial!#REF!="SI",Inicial!#REF!,"N/A") -> #REF! | F13: =IF(Inicial!#REF!="SI",Inicial!#REF!,"N/A") -> #REF! | G13: =IF(Inicial!#REF!="SI",Inicial!#REF!,"N/A") -> #REF! | H13: =IF(Inicial!#REF!="SI",Inicial!#REF!,"N/A") -> #REF! | I13: =IF(Inicial!#REF!="SI",Inicial!#REF!,"N/A") -> #REF! | U13: {=IF(OR(N13:T13="NO"),"No aceptable","Aceptable")} -> Aceptable
A14: =Inicial!#REF! -> #REF! | B14: =Inicial!#REF! -> #REF! | C14: =Inicial!#REF! -> #REF! | D14: =Inicial!#REF! -> #REF! | E14: =IF(Inicial!#REF!="SI",Inicial!#REF!,"N/A") -> #REF! | F14: =IF(Inicial!#REF!="SI",Inicial!#REF!,"N/A") -> #REF! | G14: =IF(Inicial!#REF!="SI",Inicial!#REF!,"N/A") -> #REF! | H14: =IF(Inicial!#REF!="SI",Inicial!#REF!,"N/A") -> #REF! | I14: =IF(Inicial!#REF!="SI",Inicial!#REF!,"N/A") -> #REF! | U14: {=IF(OR(N14:T14="NO"),"No aceptable","Aceptable")} -> Aceptable
A15: =Inicial!#REF! -> #REF! | B15: =Inicial!#REF! -> #REF! | C15: =Inicial!#REF! -> #REF! | D15: =Inicial!#REF! -> #REF! | E15: =IF(Inicial!#REF!="SI",Inicial!#REF!,"N/A") -> #REF! | F15: =IF(Inicial!#REF!="SI",Inicial!#REF!,"N/A") -> #REF! | G15: =IF(Inicial!#REF!="SI",Inicial!#REF!,"N/A") -> #REF! | H15: =IF(Inicial!#REF!="SI",Inicial!#REF!,"N/A") -> #REF! | I15: =IF(Inicial!#REF!="SI",Inicial!#REF!,"N/A") -> #REF! | U15: {=IF(OR(N15:T15="NO"),"No aceptable","Aceptable")} -> Aceptable
A16: =Inicial!#REF! -> #REF! | B16: =Inicial!#REF! -> #REF! | C16: =Inicial!#REF! -> #REF! | D16: =Inicial!#REF! -> #REF! | E16: =IF(Inicial!#REF!="SI",Inicial!#REF!,"N/A") -> #REF! | F16: =IF(Inicial!#REF!="SI",Inicial!#REF!,"N/A") -> #REF! | G16: =IF(Inicial!#REF!="SI",Inicial!#REF!,"N/A") -> #REF! | H16: =IF(Inicial!#REF!="SI",Inicial!#REF!,"N/A") -> #REF! | I16: =IF(Inicial!#REF!="SI",Inicial!#REF!,"N/A") -> #REF! | U16: {=IF(OR(N16:T16="NO"),"No aceptable","Aceptable")} -> Aceptable
A17: =Inicial!#REF! -> #REF! | B17: =Inicial!#REF! -> #REF! | C17: =Inicial!#REF! -> #REF! | D17: =Inicial!#REF! -> #REF! | E17: =IF(Inicial!#REF!="SI",Inicial!#REF!,"N/A") -> #REF! | F17: =IF(Inicial!#REF!="SI",Inicial!#REF!,"N/A") -> #REF! | G17: =IF(Inicial!#REF!="SI",Inicial!#REF!,"N/A") -> #REF! | H17: =IF(Inicial!#REF!="SI",Inicial!#REF!,"N/A") -> #REF! | I17: =IF(Inicial!#REF!="SI",Inicial!#REF!,"N/A") -> #REF! | U17: {=IF(OR(N17:T17="NO"),"No aceptable","Aceptable")} -> Aceptable
A18: =Inicial!#REF! -> #REF! | B18: =Inicial!#REF! -> #REF! | C18: =Inicial!#REF! -> #REF! | D18: =Inicial!#REF! -> #REF! | E18: =IF(Inicial!#REF!="SI",Inicial!#REF!,"N/A") -> #REF! | F18: =IF(Inicial!#REF!="SI",Inicial!#REF!,"N/A") -> #REF! | G18: =IF(Inicial!#REF!="SI",Inicial!#REF!,"N/A") -> #REF! | H18: =IF(Inicial!#REF!="SI",Inicial!#REF!,"N/A") -> #REF! | I18: =IF(Inicial!#REF!="SI",Inicial!#REF!,"N/A") -> #REF! | U18: {=IF(OR(N18:T18="NO"),"No aceptable","Aceptable")} -> Aceptable
A19: =Inicial!#REF! -> #REF! | B19: =Inicial!#REF! -> #REF! | C19: =Inicial!#REF! -> #REF! | D19: =Inicial!#REF! -> #REF! | E19: =IF(Inicial!#REF!="SI",Inicial!#REF!,"N/A") -> #REF! | F19: =IF(Inicial!#REF!="SI",Inicial!#REF!,"N/A") -> #REF! | G19: =IF(Inicial!#REF!="SI",Inicial!#REF!,"N/A") -> #REF! | H19: =IF(Inicial!#REF!="SI",Inicial!#REF!,"N/A") -> #REF! | I19: =IF(Inicial!#REF!="SI",Inicial!#REF!,"N/A") -> #REF! | U19: {=IF(OR(N19:T19="NO"),"No aceptable","Aceptable")} -> Aceptable
A20: =Inicial!#REF! -> #REF! | B20: =Inicial!#REF! -> #REF! | C20: =Inicial!#REF! -> #REF! | D20: =Inicial!#REF! -> #REF! | E20: =IF(Inicial!#REF!="SI",Inicial!#REF!,"N/A") -> #REF! | F20: =IF(Inicial!#REF!="SI",Inicial!#REF!,"N/A") -> #REF! | G20: =IF(Inicial!#REF!="SI",Inicial!#REF!,"N/A") -> #REF! | H20: =IF(Inicial!#REF!="SI",Inicial!#REF!,"N/A") -> #REF! | I20: =IF(Inicial!#REF!="SI",Inicial!#REF!,"N/A") -> #REF! | U20: {=IF(OR(N20:T20="NO"),"No aceptable","Aceptable")} -> Aceptable
A21: =Inicial!#REF! -> #REF! | B21: =Inicial!#REF! -> #REF! | C21: =Inicial!#REF! -> #REF! | D21: =Inicial!#REF! -> #REF! | E21: =IF(Inicial!#REF!="SI",Inicial!#REF!,"N/A") -> #REF! | F21: =IF(Inicial!#REF!="SI",Inicial!#REF!,"N/A") -> #REF! | G21: =IF(Inicial!#REF!="SI",Inicial!#REF!,"N/A") -> #REF! | H21: =IF(Inicial!#REF!="SI",Inicial!#REF!,"N/A") -> #REF! | I21: =IF(Inicial!#REF!="SI",Inicial!#REF!,"N/A") -> #REF! | U21: {=IF(OR(N21:T21="NO"),"No aceptable","Aceptable")} -> Aceptable
... A39: =Inicial!#REF! -> #REF! | B39: =Inicial!#REF! -> #REF! | C39: =Inicial!#REF! -> #REF! | D39: =Inicial!#REF! -> #REF! | E39: =IF(Inicial!#REF!="SI",Inicial!#REF!,"N/A") -> #REF! | F39: =IF(Inicial!#REF!="SI",Inicial!#REF!,"N/A") -> #REF! | G39: =IF(Inicial!#REF!="SI",Inicial!#REF!,"N/A") -> #REF! | H39: =IF(Inicial!#REF!="SI",Inicial!#REF!,"N/A") -> #REF! | I39: =IF(Inicial!#REF!="SI",Inicial!#REF!,"N/A") -> #REF! | U39: {=IF(OR(N39:T39="NO"),"No aceptable","Aceptable")} -> Aceptable

Sheet Vibración Mano-Brazo
A1: Vibración Mano- Brazo | F1: Horas extras | H1: N° Trabajadores Expuestos | J1: Tabla IV. IDENTIFICACIÓN AVANZADA – Tarea(s) con vibraciones segmento mano-brazo – Condición aceptable | R1: RESULTADO | S1: Plan de acción
A2: N° | B2: Área de trabajo | C2: Puesto de trabajo | D2: Tareas del puesto de trabajo | E2: Horario de funcionamiento | F2: Por dia | G2: Por Semana | H2: HOMBRE | I2: MUJER | J2: ¿Se usan herramientas de acción rotatoria (con generación de torque)? | K2: ¿Se usan herramientas percutoras o de impacto? | L2: Los fabricantes o suministradores de las herramientas no advierten que su uso presenta riesgo derivados de las vibraciones | M2: Si los fabricantes o proveedores de maquinaria que se utiliza indican las aceleraciones equivalentes para los ejes X, Y, Z ¿Se sobrepasa el límite de acción de 2,5 m/s2? | N2: ¿Existe desconocimiento por parte de los trabajadores/as sobre la exposición a vibración de mano-brazo y sus consecuencias? | O2: ¿Algunos de los trabajadores relata dolor, hormigueo, entumecimiento o alteraciones de la circulación de las manos después de utilizar las herramientas? | P2: ¿Se debe oprar maquinarias o herramientas vibrantes por periodos prolongados mayores a 5 minutos todos los dias? | Q2: ¿Las herramientas que se utilizan no están diseñadas para la tarea realizada? ¿Las herramientas son de confeccion artesanal? | R2: Condición Aceptable | S2: Fecha aplicación identificación avanzada | T2: Medidas de control (administrativas) | U2: Medidas de control (Ingeniería) | V2: Responsable aplicación medida | W2: Fecha de implementación medidas (Max 90 días) | X2: Evidencia
A3: =Inicial!A3 -> 1 | B3: =Inicial!B3 -> Despacho | C3: =Inicial!C3 -> Carton Frezzer | D3: =Inicial!D3 -> Pinchador | E3: =IF(Inicial!P3="SI",Inicial!E3,"N/A") -> N/A | F3: =IF(Inicial!P3="SI",Inicial!F3,"N/A") -> N/A | G3: =IF(Inicial!P3="SI",Inicial!G3,"N/A") -> N/A | H3: =IF(Inicial!P3="SI",Inicial!H3,"N/A") -> N/A | I3: =IF(Inicial!P3="SI",Inicial!I3,"N/A") -> N/A | R3: {=IF(OR(J3:Q3="SI"),"No aceptable","Aceptable")} -> Aceptable
A4: =Inicial!A4 -> 2 | B4: =Inicial!B4 -> Despacho | C4: =Inicial!C4 -> Carton Frezzer | D4: =Inicial!D4 -> Depaletizador | E4: =IF(Inicial!P4="SI",Inicial!E4,"N/A") -> N/A | F4: =IF(Inicial!P4="SI",Inicial!F4,"N/A") -> N/A | G4: =IF(Inicial!P4="SI",Inicial!G4,"N/A") -> N/A | H4: =IF(Inicial!P4="SI",Inicial!H4,"N/A") -> N/A | I4: =IF(Inicial!P4="SI",Inicial!I4,"N/A") -> N/A | R4: {=IF(OR(J4:Q4="SI"),"No aceptable","Aceptable")} -> Aceptable
A5: =Inicial!A5 -> 3 | B5: =Inicial!B5 -> Despacho | C5: =Inicial!C5 -> Carton Frezzer | D5: =Inicial!D5 -> Pinchador | E5: =IF(Inicial!P5="SI",Inicial!E5,"N/A") -> N/A | F5: =IF(Inicial!P5="SI",Inicial!F5,"N/A") -> N/A | G5: =IF(Inicial!P5="SI",Inicial!G5,"N/A") -> N/A | H5: =IF(Inicial!P5="SI",Inicial!H5,"N/A") -> N/A | I5: =IF(Inicial!P5="SI",Inicial!I5,"N/A") -> N/A | R5: {=IF(OR(J5:Q5="SI"),"No aceptable","Aceptable")} -> Aceptable
A6: =Inicial!A6 -> 4 | B6: =Inicial!B6 -> Despacho | C6: =Inicial!C6 -> Despacho congelado | D6: =Inicial!D6 -> Gruero | E6: =IF(Inicial!P6="SI",Inicial!E6,"N/A") -> N/A | F6: =IF(Inicial!P6="SI",Inicial!F6,"N/A") -> N/A | G6: =IF(Inicial!P6="SI",Inicial!G6,"N/A") -> N/A | H6: =IF(Inicial!P6="SI",Inicial!H6,"N/A") -> N/A | I6: =IF(Inicial!P6="SI",Inicial!I6,"N/A") -> N/A | R6: {=IF(OR(J6:Q6="SI"),"No aceptable","Aceptable")} -> Aceptable
A7: =Inicial!A7 -> 5 | B7: =Inicial!B7 -> Despacho | C7: =Inicial!C7 -> Despacho congelado | D7: =Inicial!D7 -> Transpaletero | E7: =IF(Inicial!P7="SI",Inicial!E7,"N/A") -> N/A | F7: =IF(Inicial!P7="SI",Inicial!F7,"N/A") -> N/A | G7: =IF(Inicial!P7="SI",Inicial!G7,"N/A") -> N/A | H7: =IF(Inicial!P7="SI",Inicial!H7,"N/A") -> N/A | I7: =IF(Inicial!P7="SI",Inicial!I7,"N/A") -> N/A | R7: {=IF(OR(J7:Q7="SI"),"No aceptable","Aceptable")} -> Aceptable
A8: =Inicial!A8 -> 6 | B8: =Inicial!B8 -> Despacho | C8: =Inicial!C8 -> Despacho congelado | D8: =Inicial!D8 -> Postura de films | E8: =IF(Inicial!P8="SI",Inicial!E8,"N/A") -> N/A | F8: =IF(Inicial!P8="SI",Inicial!F8,"N/A") -> N/A | G8: =IF(Inicial!P8="SI",Inicial!G8,"N/A") -> N/A | H8: =IF(Inicial!P8="SI",Inicial!H8,"N/A") -> N/A | I8: =IF(Inicial!P8="SI",Inicial!I8,"N/A") -> N/A | R8: {=IF(OR(J8:Q8="SI"),"No aceptable","Aceptable")} -> Aceptable
A9: =Inicial!A9 -> 7 | B9: =Inicial!B9 -> Despacho | C9: =Inicial!C9 -> Despacho Congelado | D9: =Inicial!D9 -> Reprocesos de producto | E9: =IF(Inicial!P9="SI",Inicial!E9,"N/A") -> N/A | F9: =IF(Inicial!P9="SI",Inicial!F9,"N/A") -> N/A | G9: =IF(Inicial!P9="SI",Inicial!G9,"N/A") -> N/A | H9: =IF(Inicial!P9="SI",Inicial!H9,"N/A") -> N/A | I9: =IF(Inicial!P9="SI",Inicial!I9,"N/A") -> N/A | R9: {=IF(OR(J9:Q9="SI"),"No aceptable","Aceptable")} -> Aceptable
A10: =Inicial!#REF! -> #REF! | B10: =Inicial!#REF! -> #REF! | C10: =Inicial!#REF! -> #REF! | D10: =Inicial!#REF! -> #REF! | E10: =IF(Inicial!#REF!="SI",Inicial!#REF!,"N/A") -> #REF! | F10: =IF(Inicial!#REF!="SI",Inicial!#REF!,"N/A") -> #REF! | G10: =IF(Inicial!#REF!="SI",Inicial!#REF!,"N/A") -> #REF! | H10: =IF(Inicial!#REF!="SI",Inicial!#REF!,"N/A") -> #REF! | I10: =IF(Inicial!#REF!="SI",Inicial!#REF!,"N/A") -> #REF! | R10: {=IF(OR(J10:Q10="SI"),"No aceptable","Aceptable")} -> Aceptable
A11: =Inicial!#REF! -> #REF! | B11: =Inicial!#REF! -> #REF! | C11: =Inicial!#REF! -> #REF! | D11: =Inicial!#REF! -> #REF! | E11: =IF(Inicial!#REF!="SI",Inicial!#REF!,"N/A") -> #REF! | F11: =IF(Inicial!#REF!="SI",Inicial!#REF!,"N/A") -> #REF! | G11: =IF(Inicial!#REF!="SI",Inicial!#REF!,"N/A") -> #REF! | H11: =IF(Inicial!#REF!="SI",Inicial!#REF!,"N/A") -> #REF! | I11: =IF(Inicial!#REF!="SI",Inicial!#REF!,"N/A") -> #REF! | R11: {=IF(OR(J11:Q11="SI"),"No aceptable","Aceptable")} -> Aceptable
A12: =Inicial!#REF! -> #REF! | B12: =Inicial!#REF! -> #REF! | C12: =Inicial!#REF! -> #REF! | D12: =Inicial!#REF! -> #REF! | E12: =IF(Inicial!#REF!="SI",Inicial!#REF!,"N/A") -> #REF! | F12: =IF(Inicial!#REF!="SI",Inicial!#REF!,"N/A") -> #REF! | G12: =IF(Inicial!#REF!="SI",Inicial!#REF!,"N/A") -> #REF! | H12: =IF(Inicial!#REF!="SI",Inicial!#REF!,"N/A") -> #REF! | I12: =IF(Inicial!#REF!="SI",Inicial!#REF!,"N/A") -> #REF! | R12: {=IF(OR(J12:Q12="SI"),"No aceptable","Aceptable")} -> Aceptable
A13: =Inicial!#REF! -> #REF! | B13: =Inicial!#REF! -> #REF! | C13: =Inicial!#REF! -> #REF! | D13: =Inicial!#REF! -> #REF! | E13: =IF(Inicial!#REF!="SI",Inicial!#REF!,"N/A") -> #REF! | F13: =IF(Inicial!#REF!="SI",Inicial!#REF!,"N/A") -> #REF! | G13: =IF(Inicial!#REF!="SI",Inicial!#REF!,"N/A") -> #REF! | H13: =IF(Inicial!#REF!="SI",Inicial!#REF!,"N/A") -> #REF! | I13: =IF(Inicial!#REF!="SI",Inicial!#REF!,"N/A") -> #REF! | R13: {=IF(OR(J13:Q13="SI"),"No aceptable","Aceptable")} -> Aceptable
A14: =Inicial!#REF! -> #REF! | B14: =Inicial!#REF! -> #REF! | C14: =Inicial!#REF! -> #REF! | D14: =Inicial!#REF! -> #REF! | E14: =IF(Inicial!#REF!="SI",Inicial!#REF!,"N/A") -> #REF! | F14: =IF(Inicial!#REF!="SI",Inicial!#REF!,"N/A") -> #REF! | G14: =IF(Inicial!#REF!="SI",Inicial!#REF!,"N/A") -> #REF! | H14: =IF(Inicial!#REF!="SI",Inicial!#REF!,"N/A") -> #REF! | I14: =IF(Inicial!#REF!="SI",Inicial!#REF!,"N/A") -> #REF! | R14: {=IF(OR(J14:Q14="SI"),"No aceptable","Aceptable")} -> Aceptable
A15: =Inicial!#REF! -> #REF! | B15: =Inicial!#REF! -> #REF! | C15: =Inicial!#REF! -> #REF! | D15: =Inicial!#REF! -> #REF! | E15: =IF(Inicial!#REF!="SI",Inicial!#REF!,"N/A") -> #REF! | F15: =IF(Inicial!#REF!="SI",Inicial!#REF!,"N/A") -> #REF! | G15: =IF(Inicial!#REF!="SI",Inicial!#REF!,"N/A") -> #REF! | H15: =IF(Inicial!#REF!="SI",Inicial!#REF!,"N/A") -> #REF! | I15: =IF(Inicial!#REF!="SI",Inicial!#REF!,"N/A") -> #REF! | R15: {=IF(OR(J15:Q15="SI"),"No aceptable","Aceptable")} -> Aceptable
A16: =Inicial!#REF! -> #REF! | B16: =Inicial!#REF! -> #REF! | C16: =Inicial!#REF! -> #REF! | D16: =Inicial!#REF! -> #REF! | E16: =IF(Inicial!#REF!="SI",Inicial!#REF!,"N/A") -> #REF! | F16: =IF(Inicial!#REF!="SI",Inicial!#REF!,"N/A") -> #REF! | G16: =IF(Inicial!#REF!="SI",Inicial!#REF!,"N/A") -> #REF! | H16: =IF(Inicial!#REF!="SI",Inicial!#REF!,"N/A") -> #REF! | I16: =IF(Inicial!#REF!="SI",Inicial!#REF!,"N/A") -> #REF! | R16: {=IF(OR(J16:Q16="SI"),"No aceptable","Aceptable")} -> Aceptable
A17: =Inicial!#REF! -> #REF! | B17: =Inicial!#REF! -> #REF! | C17: =Inicial!#REF! -> #REF! | D17: =Inicial!#REF! -> #REF! | E17: =IF(Inicial!#REF!="SI",Inicial!#REF!,"N/A") -> #REF! | F17: =IF(Inicial!#REF!="SI",Inicial!#REF!,"N/A") -> #REF! | G17: =IF(Inicial!#REF!="SI",Inicial!#REF!,"N/A") -> #REF! | H17: =IF(Inicial!#REF!="SI",Inicial!#REF!,"N/A") -> #REF! | I17: =IF(Inicial!#REF!="SI",Inicial!#REF!,"N/A") -> #REF! | R17: {=IF(OR(J17:Q17="SI"),"No aceptable","Aceptable")} -> Aceptable
A18: =Inicial!#REF! -> #REF! | B18: =Inicial!#REF! -> #REF! | C18: =Inicial!#REF! -> #REF! | D18: =Inicial!#REF! -> #REF! | E18: =IF(Inicial!#REF!="SI",Inicial!#REF!,"N/A") -> #REF! | F18: =IF(Inicial!#REF!="SI",Inicial!#REF!,"N/A") -> #REF! | G18: =IF(Inicial!#REF!="SI",Inicial!#REF!,"N/A") -> #REF! | H18: =IF(Inicial!#REF!="SI",Inicial!#REF!,"N/A") -> #REF! | I18: =IF(Inicial!#REF!="SI",Inicial!#REF!,"N/A") -> #REF! | R18: {=IF(OR(J18:Q18="SI"),"No aceptable","Aceptable")} -> Aceptable
A19: =Inicial!#REF! -> #REF! | B19: =Inicial!#REF! -> #REF! | C19: =Inicial!#REF! -> #REF! | D19: =Inicial!#REF! -> #REF! | E19: =IF(Inicial!#REF!="SI",Inicial!#REF!,"N/A") -> #REF! | F19: =IF(Inicial!#REF!="SI",Inicial!#REF!,"N/A") -> #REF! | G19: =IF(Inicial!#REF!="SI",Inicial!#REF!,"N/A") -> #REF! | H19: =IF(Inicial!#REF!="SI",Inicial!#REF!,"N/A") -> #REF! | I19: =IF(Inicial!#REF!="SI",Inicial!#REF!,"N/A") -> #REF! | R19: {=IF(OR(J19:Q19="SI"),"No aceptable","Aceptable")} -> Aceptable
A20: =Inicial!#REF! -> #REF! | B20: =Inicial!#REF! -> #REF! | C20: =Inicial!#REF! -> #REF! | D20: =Inicial!#REF! -> #REF! | E20: =IF(Inicial!#REF!="SI",Inicial!#REF!,"N/A") -> #REF! | F20: =IF(Inicial!#REF!="SI",Inicial!#REF!,"N/A") -> #REF! | G20: =IF(Inicial!#REF!="SI",Inicial!#REF!,"N/A") -> #REF! | H20: =IF(Inicial!#REF!="SI",Inicial!#REF!,"N/A") -> #REF! | I20: =IF(Inicial!#REF!="SI",Inicial!#REF!,"N/A") -> #REF! | R20: {=IF(OR(J20:Q20="SI"),"No aceptable","Aceptable")} -> Aceptable
A21: =Inicial!#REF! -> #REF! | B21: =Inicial!#REF! -> #REF! | C21: =Inicial!#REF! -> #REF! | D21: =Inicial!#REF! -> #REF! | E21: =IF(Inicial!#REF!="SI",Inicial!#REF!,"N/A") -> #REF! | F21: =IF(Inicial!#REF!="SI",Inicial!#REF!,"N/A") -> #REF! | G21: =IF(Inicial!#REF!="SI",Inicial!#REF!,"N/A") -> #REF! | H21: =IF(Inicial!#REF!="SI",Inicial!#REF!,"N/A") -> #REF! | I21: =IF(Inicial!#REF!="SI",Inicial!#REF!,"N/A") -> #REF! | R21: {=IF(OR(J21:Q21="SI"),"No aceptable","Aceptable")} -> Aceptable
A22: =Inicial!#REF! -> #REF! | B22: =Inicial!#REF! -> #REF! | C22: =Inicial!#REF! -> #REF! | D22: =Inicial!#REF! -> #REF! | E22: =IF(Inicial!#REF!="SI",Inicial!#REF!,"N/A") -> #REF! | F22: =IF(Inicial!#REF!="SI",Inicial!#REF!,"N/A") -> #REF! | G22: =IF(Inicial!#REF!="SI",Inicial!#REF!,"N/A") -> #REF! | H22: =IF(Inicial!#REF!="SI",Inicial!#REF!,"N/A") -> #REF! | I22: =IF(Inicial!#REF!="SI",Inicial!#REF!,"N/A") -> #REF!
A23: =Inicial!#REF! -> #REF! | B23: =Inicial!#REF! -> #REF! | C23: =Inicial!#REF! -> #REF! | D23: =Inicial!#REF! -> #REF! | E23: =IF(Inicial!#REF!="SI",Inicial!#REF!,"N/A") -> #REF! | F23: =IF(Inicial!#REF!="SI",Inicial!#REF!,"N/A") -> #REF! | G23: =IF(Inicial!#REF!="SI",Inicial!#REF!,"N/A") -> #REF! | H23: =IF(Inicial!#REF!="SI",Inicial!#REF!,"N/A") -> #REF! | I23: =IF(Inicial!#REF!="SI",Inicial!#REF!,"N/A") -> #REF!
A24: =Inicial!#REF! -> #REF! | B24: =Inicial!#REF! -> #REF! | C24: =Inicial!#REF! -> #REF! | D24: =Inicial!#REF! -> #REF! | E24: =IF(Inicial!#REF!="SI",Inicial!#REF!,"N/A") -> #REF! | F24: =IF(Inicial!#REF!="SI",Inicial!#REF!,"N/A") -> #REF! | G24: =IF(Inicial!#REF!="SI",Inicial!#REF!,"N/A") -> #REF! | H24: =IF(Inicial!#REF!="SI",Inicial!#REF!,"N/A") -> #REF! | I24: =IF(Inicial!#REF!="SI",Inicial!#REF!,"N/A") -> #REF!
A25: =Inicial!#REF! -> #REF! | B25: =Inicial!#REF! -> #REF! | C25: =Inicial!#REF! -> #REF! | D25: =Inicial!#REF! -> #REF! | E25: =IF(Inicial!#REF!="SI",Inicial!#REF!,"N/A") -> #REF! | F25: =IF(Inicial!#REF!="SI",Inicial!#REF!,"N/A") -> #REF! | G25: =IF(Inicial!#REF!="SI",Inicial!#REF!,"N/A") -> #REF! | H25: =IF(Inicial!#REF!="SI",Inicial!#REF!,"N/A") -> #REF! | I25: =IF(Inicial!#REF!="SI",Inicial!#REF!,"N/A") -> #REF!
A26: =Inicial!#REF! -> #REF! | B26: =Inicial!#REF! -> #REF! | C26: =Inicial!#REF! -> #REF! | D26: =Inicial!#REF! -> #REF! | E26: =IF(Inicial!#REF!="SI",Inicial!#REF!,"N/A") -> #REF! | F26: =IF(Inicial!#REF!="SI",Inicial!#REF!,"N/A") -> #REF! | G26: =IF(Inicial!#REF!="SI",Inicial!#REF!,"N/A") -> #REF! | H26: =IF(Inicial!#REF!="SI",Inicial!#REF!,"N/A") -> #REF! | I26: =IF(Inicial!#REF!="SI",Inicial!#REF!,"N/A") -> #REF!
A27: =Inicial!#REF! -> #REF! | B27: =Inicial!#REF! -> #REF! | C27: =Inicial!#REF! -> #REF! | D27: =Inicial!#REF! -> #REF! | E27: =IF(Inicial!#REF!="SI",Inicial!#REF!,"N/A") -> #REF! | F27: =IF(Inicial!#REF!="SI",Inicial!#REF!,"N/A") -> #REF! | G27: =IF(Inicial!#REF!="SI",Inicial!#REF!,"N/A") -> #REF! | H27: =IF(Inicial!#REF!="SI",Inicial!#REF!,"N/A") -> #REF! | I27: =IF(Inicial!#REF!="SI",Inicial!#REF!,"N/A") -> #REF!
A28: =Inicial!#REF! -> #REF! | B28: =Inicial!#REF! -> #REF! | C28: =Inicial!#REF! -> #REF! | D28: =Inicial!#REF! -> #REF! | E28: =IF(Inicial!#REF!="SI",Inicial!#REF!,"N/A") -> #REF! | F28: =IF(Inicial!#REF!="SI",Inicial!#REF!,"N/A") -> #REF! | G28: =IF(Inicial!#REF!="SI",Inicial!#REF!,"N/A") -> #REF! | H28: =IF(Inicial!#REF!="SI",Inicial!#REF!,"N/A") -> #REF! | I28: =IF(Inicial!#REF!="SI",Inicial!#REF!,"N/A") -> #REF!
A29: =Inicial!#REF! -> #REF! | B29: =Inicial!#REF! -> #REF! | C29: =Inicial!#REF! -> #REF! | D29: =Inicial!#REF! -> #REF! | E29: =IF(Inicial!#REF!="SI",Inicial!#REF!,"N/A") -> #REF! | F29: =IF(Inicial!#REF!="SI",Inicial!#REF!,"N/A") -> #REF! | G29: =IF(Inicial!#REF!="SI",Inicial!#REF!,"N/A") -> #REF! | H29: =IF(Inicial!#REF!="SI",Inicial!#REF!,"N/A") -> #REF! | I29: =IF(Inicial!#REF!="SI",Inicial!#REF!,"N/A") -> #REF!
A30: =Inicial!#REF! -> #REF! | B30: =Inicial!#REF! -> #REF! | C30: =Inicial!#REF! -> #REF! | D30: =Inicial!#REF! -> #REF! | E30: =IF(Inicial!#REF!="SI",Inicial!#REF!,"N/A") -> #REF! | F30: =IF(Inicial!#REF!="SI",Inicial!#REF!,"N/A") -> #REF! | G30: =IF(Inicial!#REF!="SI",Inicial!#REF!,"N/A") -> #REF! | H30: =IF(Inicial!#REF!="SI",Inicial!#REF!,"N/A") -> #REF! | I30: =IF(Inicial!#REF!="SI",Inicial!#REF!,"N/A") -> #REF!
A31: =Inicial!#REF! -> #REF! | B31: =Inicial!#REF! -> #REF! | C31: =Inicial!#REF! -> #REF! | D31: =Inicial!#REF! -> #REF! | E31: =IF(Inicial!#REF!="SI",Inicial!#REF!,"N/A") -> #REF! | F31: =IF(Inicial!#REF!="SI",Inicial!#REF!,"N/A") -> #REF! | G31: =IF(Inicial!#REF!="SI",Inicial!#REF!,"N/A") -> #REF! | H31: =IF(Inicial!#REF!="SI",Inicial!#REF!,"N/A") -> #REF! | I31: =IF(Inicial!#REF!="SI",Inicial!#REF!,"N/A") -> #REF!
A32: =Inicial!#REF! -> #REF! | B32: =Inicial!#REF! -> #REF! | C32: =Inicial!#REF! -> #REF! | D32: =Inicial!#REF! -> #REF! | E32: =IF(Inicial!#REF!="SI",Inicial!#REF!,"N/A") -> #REF! | F32: =IF(Inicial!#REF!="SI",Inicial!#REF!,"N/A") -> #REF! | G32: =IF(Inicial!#REF!="SI",Inicial!#REF!,"N/A") -> #REF! | H32: =IF(Inicial!#REF!="SI",Inicial!#REF!,"N/A") -> #REF! | I32: =IF(Inicial!#REF!="SI",Inicial!#REF!,"N/A") -> #REF!
A33: =Inicial!#REF! -> #REF! | B33: =Inicial!#REF! -> #REF! | C33: =Inicial!#REF! -> #REF! | D33: =Inicial!#REF! -> #REF! | E33: =IF(Inicial!#REF!="SI",Inicial!#REF!,"N/A") -> #REF! | F33: =IF(Inicial!#REF!="SI",Inicial!#REF!,"N/A") -> #REF! | G33: =IF(Inicial!#REF!="SI",Inicial!#REF!,"N/A") -> #REF! | H33: =IF(Inicial!#REF!="SI",Inicial!#REF!,"N/A") -> #REF! | I33: =IF(Inicial!#REF!="SI",Inicial!#REF!,"N/A") -> #REF!
... A47: =Inicial!#REF! -> #REF! | B47: =Inicial!#REF! -> #REF! | C47: =Inicial!#REF! -> #REF! | D47: =Inicial!#REF! -> #REF! | E47: =IF(Inicial!#REF!="SI",Inicial!#REF!,"N/A") -> #REF! | F47: =IF(Inicial!#REF!="SI",Inicial!#REF!,"N/A") -> #REF! | G47: =IF(Inicial!#REF!="SI",Inicial!#REF!,"N/A") -> #REF! | H47: =IF(Inicial!#REF!="SI",Inicial!#REF!,"N/A") -> #REF! | I47: =IF(Inicial!#REF!="SI",Inicial!#REF!,"N/A") -> #REF!
A48: =Inicial!A10 -> 0 | B48: =Inicial!B10 -> 0 | C48: =Inicial!C10 -> 0 | D48: =Inicial!D10 -> 0 | E48: =IF(Inicial!P10="SI",Inicial!E10,"N/A") -> N/A | F48: =IF(Inicial!P10="SI",Inicial!F10,"N/A") -> N/A | G48: =IF(Inicial!P10="SI",Inicial!G10,"N/A") -> N/A | H48: =IF(Inicial!P10="SI",Inicial!H10,"N/A") -> N/A | I48: =IF(Inicial!P10="SI",Inicial!I10,"N/A") -> N/A
A49: =Inicial!A11 -> 0 | B49: =Inicial!B11 -> 0 | C49: =Inicial!C11 -> 0 | D49: =Inicial!D11 -> 0 | E49: =IF(Inicial!P11="SI",Inicial!E11,"N/A") -> N/A | F49: =IF(Inicial!P11="SI",Inicial!F11,"N/A") -> N/A | G49: =IF(Inicial!P11="SI",Inicial!G11,"N/A") -> N/A | H49: =IF(Inicial!P11="SI",Inicial!H11,"N/A") -> N/A | I49: =IF(Inicial!P11="SI",Inicial!I11,"N/A") -> N/A
A50: =Inicial!A12 -> 0 | B50: =Inicial!B12 -> 0 | C50: =Inicial!C12 -> 0 | D50: =Inicial!D12 -> 0 | E50: =IF(Inicial!P12="SI",Inicial!E12,"N/A") -> N/A | F50: =IF(Inicial!P12="SI",Inicial!F12,"N/A") -> N/A | G50: =IF(Inicial!P12="SI",Inicial!G12,"N/A") -> N/A | H50: =IF(Inicial!P12="SI",Inicial!H12,"N/A") -> N/A | I50: =IF(Inicial!P12="SI",Inicial!I12,"N/A") -> N/A
A51: =Inicial!A13 -> 0 | B51: =Inicial!B13 -> 0 | C51: =Inicial!C13 -> 0 | D51: =Inicial!D13 -> 0 | E51: =IF(Inicial!P13="SI",Inicial!E13,"N/A") -> N/A | F51: =IF(Inicial!P13="SI",Inicial!F13,"N/A") -> N/A | G51: =IF(Inicial!P13="SI",Inicial!G13,"N/A") -> N/A | H51: =IF(Inicial!P13="SI",Inicial!H13,"N/A") -> N/A | I51: =IF(Inicial!P13="SI",Inicial!I13,"N/A") -> N/A
A52: =Inicial!A14 -> 0 | B52: =Inicial!B14 -> 0 | C52: =Inicial!C14 -> 0 | D52: =Inicial!D14 -> 0 | E52: =IF(Inicial!P14="SI",Inicial!E14,"N/A") -> N/A | F52: =IF(Inicial!P14="SI",Inicial!F14,"N/A") -> N/A | G52: =IF(Inicial!P14="SI",Inicial!G14,"N/A") -> N/A | H52: =IF(Inicial!P14="SI",Inicial!H14,"N/A") -> N/A | I52: =IF(Inicial!P14="SI",Inicial!I14,"N/A") -> N/A
A53: =Inicial!A15 -> 0 | B53: =Inicial!B15 -> 0 | C53: =Inicial!C15 -> 0 | D53: =Inicial!D15 -> 0 | E53: =IF(Inicial!P15="SI",Inicial!E15,"N/A") -> N/A | F53: =IF(Inicial!P15="SI",Inicial!F15,"N/A") -> N/A | G53: =IF(Inicial!P15="SI",Inicial!G15,"N/A") -> N/A | H53: =IF(Inicial!P15="SI",Inicial!H15,"N/A") -> N/A | I53: =IF(Inicial!P15="SI",Inicial!I15,"N/A") -> N/A
A54: =Inicial!A16 -> 0 | B54: =Inicial!B16 -> 0 | C54: =Inicial!C16 -> 0 | D54: =Inicial!D16 -> 0 | E54: =IF(Inicial!P16="SI",Inicial!E16,"N/A") -> N/A | F54: =IF(Inicial!P16="SI",Inicial!F16,"N/A") -> N/A | G54: =IF(Inicial!P16="SI",Inicial!G16,"N/A") -> N/A | H54: =IF(Inicial!P16="SI",Inicial!H16,"N/A") -> N/A | I54: =IF(Inicial!P16="SI",Inicial!I16,"N/A") -> N/A
A55: =Inicial!A17 -> 0 | B55: =Inicial!B17 -> 0 | C55: =Inicial!C17 -> 0 | D55: =Inicial!D17 -> 0 | E55: =IF(Inicial!P17="SI",Inicial!E17,"N/A") -> N/A | F55: =IF(Inicial!P17="SI",Inicial!F17,"N/A") -> N/A | G55: =IF(Inicial!P17="SI",Inicial!G17,"N/A") -> N/A | H55: =IF(Inicial!P17="SI",Inicial!H17,"N/A") -> N/A | I55: =IF(Inicial!P17="SI",Inicial!I17,"N/A") -> N/A
A56: =Inicial!A18 -> 0 | B56: =Inicial!B18 -> 0 | C56: =Inicial!C18 -> 0 | D56: =Inicial!D18 -> 0 | E56: =IF(Inicial!P18="SI",Inicial!E18,"N/A") -> N/A | F56: =IF(Inicial!P18="SI",Inicial!F18,"N/A") -> N/A | G56: =IF(Inicial!P18="SI",Inicial!G18,"N/A") -> N/A | H56: =IF(Inicial!P18="SI",Inicial!H18,"N/A") -> N/A | I56: =IF(Inicial!P18="SI",Inicial!I18,"N/A") -> N/A
A57: =Inicial!A19 -> 0 | B57: =Inicial!B19 -> 0 | C57: =Inicial!C19 -> 0 | D57: =Inicial!D19 -> 0 | E57: =IF(Inicial!P19="SI",Inicial!E19,"N/A") -> N/A | F57: =IF(Inicial!P19="SI",Inicial!F19,"N/A") -> N/A | G57: =IF(Inicial!P19="SI",Inicial!G19,"N/A") -> N/A | H57: =IF(Inicial!P19="SI",Inicial!H19,"N/A") -> N/A | I57: =IF(Inicial!P19="SI",Inicial!I19,"N/A") -> N/A
A58: =Inicial!A20 -> 0 | B58: =Inicial!B20 -> 0 | C58: =Inicial!C20 -> 0 | D58: =Inicial!D20 -> 0 | E58: =IF(Inicial!P20="SI",Inicial!E20,"N/A") -> N/A | F58: =IF(Inicial!P20="SI",Inicial!F20,"N/A") -> N/A | G58: =IF(Inicial!P20="SI",Inicial!G20,"N/A") -> N/A | H58: =IF(Inicial!P20="SI",Inicial!H20,"N/A") -> N/A | I58: =IF(Inicial!P20="SI",Inicial!I20,"N/A") -> N/A
A59: =Inicial!A21 -> 0 | B59: =Inicial!B21 -> 0 | C59: =Inicial!C21 -> 0 | D59: =Inicial!D21 -> 0 | E59: =IF(Inicial!P21="SI",Inicial!E21,"N/A") -> N/A | F59: =IF(Inicial!P21="SI",Inicial!F21,"N/A") -> N/A | G59: =IF(Inicial!P21="SI",Inicial!G21,"N/A") -> N/A | H59: =IF(Inicial!P21="SI",Inicial!H21,"N/A") -> N/A | I59: =IF(Inicial!P21="SI",Inicial!I21,"N/A") -> N/A
... A104: =Inicial!A66 -> 0 | B104: =Inicial!B66 -> 0 | C104: =Inicial!C66 -> 0 | D104: =Inicial!D66 -> 0 | E104: =IF(Inicial!P66="SI",Inicial!E66,"N/A") -> N/A | F104: =IF(Inicial!P66="SI",Inicial!F66,"N/A") -> N/A | G104: =IF(Inicial!P66="SI",Inicial!G66,"N/A") -> N/A | H104: =IF(Inicial!P66="SI",Inicial!H66,"N/A") -> N/A | I104: =IF(Inicial!P66="SI",Inicial!I66,"N/A") -> N/A
