Workbook

Sheet Portada
A1: 1. ANTECEDENTES DE LA EMPRESA | F1: N° de Puestos | G1: Evaluados | H1: Pendientes
A2: Razón Social | B2: FAENADORA SAN VICENTE LTDA | C2: RUT Empresa | D2: 78483600-2 | F2: =COUNTIF(Datos!B:B,"Faenación") -> 61 | G2: =COUNTIF(Datos!T:T,"SI") -> 59 | H2: =COUNTIF(Datos!T:T,"NO") -> 2
A3: Actividad Económica | B3: Explotación de mataderos de aves y de otros tipos de animales n.c.p. | C3: Código CIIU
A4: Dirección | B4: CARRETERA H 66 G KM 19,2 | C4: Comuna | D4: SAN VICENTE
A5: Nombre Representante Legal | B5: SANDRA CALDERON
A6: Organismo administrador al que está adherido | B6: INSTITUTO SALUD DEL TRABAJADOR | C6: Fecha inicio | D6: 45440
A7: 2.- CENTRO DE TRABAJO O LUGAR DE TRABAJO
A8: Nombre del centro de trabajo | B8: Faenación | C8: Nº de trabajadores centro de trabajo
A9: Dirección | B9: CARRETERA H 66 G KM 19,2 | C9: Hombres | D9: 1515
A10: Comuna | B10: SAN VICENTE | C10: Mujeres | D10: 497
A11: 3.- RESPONSABLE IMPLEMENTACIÓN PROTOCOLO
A12: Nombre responsable | B12: CONSTANZA ANDREA MUÑOZ CARO | C12: Teléfono | D12: 722312747
A13: Cargo | B13: SUPERVISORA DE ACTIVIDADES ERGONOMICAS
A14: Correo electrónico | B14: CAMUNOZC@AGROSUPER.COM

Sheet Datos
A1: N° | B1: Área de trabajo | C1: Sección | D1: Tareas del puesto de trabajo | E1: Descripción de la tarea | F1: Horario de funcionamiento | G1: Horas extras POR DIA | H1: Horas extras POR SEMANA | I1: N° Trabajadores Expuestos HOMBRE | J1: N° Trabajadores Expuestos MUJER | K1: Tipo de contrato | L1: Tipo de remuneración | M1: Duración (min) | N1: Pausas de Trabajo | O1: Rotación de tarea | P1: Equipos y Herramienta | Q1: Características de los ambientes y espacios de trabajo (Espacios, barreras arquitectónicas, flujo de tránsito) | R1: Características y disposición espacial del puesto de trabajo (Ubicación de los elementos de trabajo, disposición física del espacio de trabajo) | S1: Características y herramientas utilizadas (Descripción de equipos, herramientas utilizadas, herramientas vibrantes, uso de EPP) | T1: Evaluacion SI/NO | U1: Evaluacion a solicitar
A2: 1 | B2: Faenación | C2: Colgado | D2: Colgado de aves | E2: Tomar de ave de forma Bimanual y colgarla de las extremidades posteriores en línea aéreas de proceso | F2: 03:35 a 11:50 - 11:50 a 21:10 | G2: N/A | H2: 2 | I2: 36 | J2: 0 | K2: indefinido | L2: Variable | M2: 240 min | N2: Pausa preparatoria | O2: SI | P2: N/A | Q2: Flujo de transito demarcado, cuenta con plataformas regulables para la altura al colgar el ave, cuenta con tarimas que forman pasillos para su transito | R2: Espacio fisico bajo techo, mesa a la altura de la cadera con tarima para adaptabilidad a la altura de la mesa de trabajo | S2: Usan EPP tales como Calzado de seguridad, Fonos, guantes de nitrilo modelo solvex. | T2: SI
A3: 2 | B3: Faenación | C3: Colgado | D3: Revision de contenedores | E3: Verificar de forma visual que en contenedores no queden aves, si hay aves deben tomarlas con ambas manos y retirarlas para luego depositarlas en linea o batea | F3: 03:35 a 11:50 - 11:50 a 21:11 | G3: N/A | H3: 2 | I3: 36 | J3: 0 | K3: Indefinido | L3: Variable | M3: 60 Min | N3: Pausa preparatoria | O3: SI | P3: N/A | Q3: Flujo de transito demarcado, cuenta con plataformas regulables para la altura al colgar el ave, cuenta con tarimas que forman pasillos para su transito, cuenta con piso para poder sentarse | R3: Espacio fisico bajo techo, piso para utilizar mientras llega el contenedor | S3: Usan EPP tales como Calzado de seguridad, Fonos, guantes de nitrilo modelo solvex. | T3: SI
A4: 3 | B4: Faenación | C4: Colgado | D4: Extracción de pollo mortecino | E4: Verificar de forma visual aves muertas antes de entrar a CO2 para retirar mediante un herramienta (pinza) y depositar en batea | F4: 03:35 a 11:50 - 11:50 a 21:12 | G4: N/A | H4: 2 | I4: 36 | J4: 0 | K4: Indefinido | L4: Variable | M4: 60 min | N4: Pausa preparatoria | O4: SI | P4: Pinza | Q4: Flujo de transito demarcado, cuenta con plataformas regulables para la altura al colgar el ave, cuenta con tarimas que forman pasillos para su transito | R4: Espacio fisico bajo techo, mesa a la altura de la cadera con tarima para adaptabilidad a la altura de la mesa de trabajo | S4: Usan EPP tales como Calzado de seguridad, Fonos, guantes de nitrilo modelo solvex.Utilizan herramienta para el retiro del ave una pinza que tiene 2 enganches para tomar el ave. | T4: SI
A5: 4 | B5: Faenación | C5: Colgado | D5: Gruero | E5: Descarga y carga de pallet de jabas con aves desde camión a plataforma y viceversa. Revisión visual del sistema hidráulico y las condiciones de la maquinaria. Carga de combustible. | F5: 03:35 a 11:50 - 11:50 a 21:13 | G5: N/A | H5: 2 | I5: 36 | J5: 0 | K5: Indefinido | L5: Variable | M5: 430 min | N5: Pausa preparatoria | O5: SI | P5: N/A | Q5: Flujo de transito demarcado, cuenta con plataformas regulables para la altura al colgar el ave, cuenta con tarimas que forman pasillos para su transito | S5: Usan EPP tales como Calzado de seguridad, Fonos y casco. Usan equipo rodante grua orquilla | T5: NO
A6: 5 | B6: Faenación | C6: Colgado | D6: Jefe de línea | E6: Encargado de coordinar productivas y personal dentro de las lineas | F6: 03:35 a 11:50 - 11:50 a 21:14 | G6: N/A | H6: 2 | I6: 36 | J6: 0 | K6: Indefinido | L6: Variable | M6: 430 Min | N6: Pausa preparatoria | O6: SI | P6: N/A | Q6: Flujo de transito demarcado, cuenta con plataformas regulables para la altura al colgar el ave, cuenta con tarimas que forman pasillos para su transito | R6: Espacio fisico bajo techo sin exposicion a radiacion uv | S6: Usa EPP tales como calzado de seguridad, casco y fonos, ademas usa dentro de sus labores radio de comunicación interna. | T6: SI
A7: 6 | B7: Faenación | C7: Colgado | D7: Secretario | E7: Colaborador ingresa datos de guia de despacho en computador | F7: 03:35 a 11:50 - 11:50 a 21:15 | G7: N/A | H7: 2 | I7: 36 | J7: 0 | K7: Indefinido | L7: Variable | M7: 430 Min | N7: Pausa preparatoria | O7: SI | P7: Computador | Q7: Flujo de transito demarcado, cuenta con plataformas regulables para la altura al colgar el ave, cuenta con tarimas que forman pasillos para su transito | R7: Espacio fisico bajo techo sin exposicion a radiacion uv | S7: Usa EPP tales como calzado de seguridad, casco y fonos, ademas usa dentro de sus labores radio de comunicación interna. | T7: SI
A8: 7 | B8: Faenación | C8: Colgado | D8: Recepcion de guia | E8: Acercarse a Camion de aves y solicitar guia de despacho, tomarla y llevarla a oficina de colgado, remplaza a colabores dentro de la linea | F8: 03:35 a 11:50 - 11:50 a 21:16 | G8: N/A | H8: 2 | I8: 36 | J8: 0 | K8: Indefinido | L8: Variable | M8: 430 min | N8: Pausa preparatoria | O8: SI | P8: N/A | Q8: Flujo de transito demarcado, cuenta con plataformas regulables para la altura al colgar el ave, cuenta con tarimas que forman pasillos para su transito | R8: Espacio fisico bajo techo sin exposicion a radiacion uv | S8: Usa EPP tales como calzado de seguridad, casco y fonos chaleco reflectante. | T8: SI
A9: 8 | B9: Faenación | C9: Colgado | D9: Encargado de PC | E9: Realiza regulación del funcionamiento y frecuencia de las diferentes líneas y máquinas del área que le corresponda Realiza registros y controles del proceso. Ordena Entrada y Salida de Camiones del Galpón de Espera y Galpón de Descarga Reemplaza a Colaboradores para ir al Baño | F9: 03:35 a 11:50 - 11:50 a 21:17 | G9: N/A | H9: 2 | I9: 36 | J9: 0 | K9: Indefinido | L9: Variable | M9: 430 Min | N9: Pausa preparatoria | O9: SI | P9: Computador | Q9: Flujo de transito demarcado, cuenta con plataformas regulables para la altura al colgar el ave, cuenta con tarimas que forman pasillos para su transito | R9: Espacio fisico bajo techo sin exposicion a radiacion uv | S9: Usa EPP tales como calzado de seguridad, casco, fonos y guantes anticorte, ademas usa dentro de sus labores radio de comunicación interna. | T9: SI
A10: 9 | B10: Faenación | C10: Sacrificio | D10: Pollo Chico | E10: Colaborados deposita pollos reprocesados para ser reprocesados. | F10: 03:30 - 11:50 / 11:50 - 21:15 | G10: N/A | H10: 2 | I10: 8 | J10: 2 | K10: Indefinido | L10: Variable | M10: 50 Min | N10: Pausa preparatoria | O10: SI | P10: Cuchillo - Rapid Still | Q10: Flujo de transito demarcado, sin obstaculos. | R10: Mesa a la altura de la cadera para realizar corte sobre esta, espacio con temperatura ambiente y sin exposicion a Rayos ultravioleta | S10: Usa EPP tales como Fonos, calzado de seguridad, Guantes anticorte. | T10: SI
A11: 10 | B11: Faenación | C11: Sacrificio | D11: Desgollador | E11: Observa aves que pasan por linea repasando cortes de carótidas fallidos por maquinaria. Afila Cuchillos con Rapid Still | F11: 03:30 - 11:50 / 11:50 - 21:15 | G11: N/A | H11: 2 | I11: 8 | J11: 2 | K11: Indefinido | L11: Variable | M11: 120 Min | N11: Pausa preparatoria | O11: SI | P11: Cuchillo - Rapid Still | Q11: Flujo de transito demarcado, transita sobre tarimas para porder pasar de un sector a otro, pasa por abajo de lineas aereas | R11: Cuenta con silla parado sentado para realizar la labor, ademas cuenta con tarima para brindar altura a la mesa de trabajo si es necesario, sin exposicion a rayos ultravioleta | S11: Usa EPP tales como Fonos, Guantes anticorte y calzado de seguridad, utiliza como herramienta de corte un cuchillo y un rapid Still | T11: SI
A12: 11 | B12: Faenación | C12: Sacrificio | D12: Repase de pluma | E12: Realiza inspección visual y retiro de plumas de aves en la línea aérea. Recuelga ave que viene de una pata.Apoya en recolgado de aves caídas y reprocesadas | F12: 03:30 - 11:50 / 11:50 - 21:15 | G12: N/A | H12: 2 | I12: 8 | J12: 2 | K12: Indefinido | L12: Variable | M12: 120 Min | N12: Pausa preparatoria | O12: SI | P12: N/A | Q12: Flujo de transito demarcado, sin obstaculos. | R12: Cuenta con linea aerea a la altura de la cabeza, trabajao sobre tarima que aisla humedad, y bajo techo sin exposicn a radiacion uv | S12: Usa EPP tales como Fonos, calzado de seguridad, | T12: SI
A13: 12 | B13: Faenación | C13: Eviscerado | D13: Maquinista sacrificio | E13: Realiza regulación del funcionamiento y frecuencia de las diferentes líneas y máquinas del área que le corresponda | F13: 03:30 - 11:50 / 11:50 - 21:15 | G13: N/A | H13: 2 | I13: 87 | J13: 28 | K13: Indefinido | L13: Variable | M13: 486 Min | N13: Pausa preparatoria | O13: SI | P13: Maquina critica | Q13: Flujo de transito demarcado, sin obstaculos. | S13: Usa EPP tales como Fonos, calzado de seguridad, | T13: SI
A14: 13 | B14: Faenación | C14: Eviscerado | D14: Maquinista eviscerado | E14: Realiza regulación del funcionamiento y frecuencia de las diferentes líneas y máquinas del área que le corresponda.Realiza registros y controles del proceso. | F14: 03:30 - 11:50 / 11:50 - 21:15 | G14: N/A | H14: 2 | I14: 87 | J14: 28 | K14: Indefinido | L14: Variable | M14: 486 Min | N14: Pausa preparatoria | O14: SI | P14: Maquina critica | Q14: Flujo de transito demarcado, sin obstaculos. | R14: Sin mesa de trabajo. | S14: Usa EPP tales como Fonos, calzado de seguridad, | T14: SI
A15: 14 | B15: Faenación | C15: Eviscerado | D15: Transferidor | E15: Recuelga aves de forma bimanual que caen del transferidor de líneas y la que tienen solo una pata colgada. Ademas de retirar aves en mal estado para depositarlo en bandeja y luego llevar a meson de expurgo | F15: 03:30 - 11:50 / 11:50 - 21:15 | G15: N/A | H15: 2 | I15: 87 | J15: 28 | K15: Indefinido | L15: Variable | M15: 50 Min | N15: Pausa preparatoria | O15: SI | P15: N/A | Q15: Flujo de transito demarcado, sin obstaculos. | R15: Linea a la altura de la cadera, bajo techo sin exposiicion a radiacion uv. | S15: Usa EPP tales como Fonos, calzado de seguridad, | T15: SI
A16: 15 | B16: Faenación | C16: Eviscerado | D16: Expurgo Visceras | E16: Realiza Expurgo profundo. Extrae mediante corte con cuchillo las alteraciones y patologias de las Aves no aptas para el cosumo humano. | F16: 03:30 - 11:50 / 11:50 - 21:15 | G16: N/A | H16: 2 | I16: 87 | J16: 28 | K16: Indefinido | L16: Variable | M16: 50 Min | N16: Pausa preparatoria | O16: SI | P16: Cuchillo - Rapid Still | Q16: Flujo de transito demarcado, sin obstaculos. | R16: Linea a la altura de la cadera, bajo techo sin exposiicion a radiacion uv. | S16: Usa EPP tales como Fonos, Guantes anticorte y calzado de seguridad, utiliza como herramienta de corte un cuchillo y un rapid Still | T16: SI
A17: 16 | B17: Faenación | C17: Eviscerado | D17: Repaso de contre | E17: Repasa contres por rodillos de máquina SEMIL. Extraccion de cuticula | F17: 03:30 - 11:50 / 11:50 - 21:15 | G17: N/A | H17: 2 | I17: 87 | J17: 28 | K17: Indefinido | L17: Variable | M17: 50 Min | N17: Pausa preparatoria | O17: SI | P17: Maquina peladora de contres | Q17: Flujo de transito demarcado, sin obstaculos. | R17: Linea a la altura de la cadera, bajo techo sin exposiicion a radiacion uv, mesa de trabajo a la cadera | S17: Usa EPP tales como Fonos, Guantes anticorte y calzado de seguridad | T17: SI
A18: 17 | B18: Faenación | C18: Eviscerado | D18: Panas | E18: Se realiza inspección visual, selección limpieza y segragación productos. Se extraen productos adicionales a pana (bilis-corazon) | F18: 03:30 - 11:50 / 11:50 - 21:15 | G18: N/A | H18: 2 | I18: 87 | J18: 28 | K18: Indefinido | L18: Variable | M18: 50 Min | N18: Pausa preparatoria | O18: SI | P18: N/A | Q18: Puesto de trabajo demarcado, y con flujo libre acceso | R18: Mesa a ala altura adecuada para realizar la labor, plano de trabajo liso, sin exposicion a radiacion uv | S18: Usa EPP tales como Fonos, Guantes y calzado de seguridad | T18: SI
A19: 18 | B19: Faenación | C19: Eviscerado | D19: Expurgo Inscision | E19: Supervision de carcasa para verificar calidad del producto. | F19: 03:30 - 11:50 / 11:50 - 21:15 | G19: N/A | H19: 2 | I19: 87 | J19: 28 | K19: Indefinido | L19: Variable | M19: 50 Min | N19: Pausa preparatoria | O19: SI | P19: Cuchillo - Rapid Still | Q19: Flujo de transito demarcado, sin obstaculos. | R19: Linea a la altura de la cadera, bajo techo sin exposiicion a radiacion uv. | S19: Usa EPP tales como Fonos, Guantes anticorte y calzado de seguridad, utiliza como herramienta de corte un cuchillo y un rapid Still | T19: SI
A20: 19 | B20: Faenación | C20: Eviscerado | D20: Lavado/ Aspirado | E20: Recuperacion de peritonitis. Lavado y aspirado pollo para reproceso. | F20: 03:30 - 11:50 / 11:50 - 21:15 | G20: N/A | H20: 2 | I20: 87 | J20: 28 | K20: Indefinido | L20: Variable | M20: 50 Min | N20: Pausa preparatoria | O20: SI | P20: Aspiradora | Q20: Puesto de trabajo demarcado, con flujo libre de acceso | R20: Mesa de trabajo y aspiradora a la altura de la cadera | S20: Usa EPP tales como Fonos, Guantes y calzado de seguridad | T20: SI
A21: 20 | B21: Faenación | C21: Eviscerado | D21: Repase de visceras | E21: Realiza inspección visual a las carcasas de aves para detectar si tienen restos de vísceras. Descuelga ave de canal y cuelga en gancho amarillo para reproceso | F21: 03:30 - 11:50 / 11:50 - 21:15 | G21: N/A | H21: 2 | I21: 87 | J21: 28 | K21: Indefinido | L21: Variable | M21: 50 Min | N21: Pausa preparatoria | O21: SI | P21: N/A | Q21: Flujo de transito demarcado, al salir del PT debe agacharse | R21: Linea aerea que pasa frente a su nariz | S21: Usa EPP tales como Fonos, Calzado de segurida y gafas | T21: SI
A22: 21 | B22: Faenación | C22: Eviscerado | D22: Recolgado | E22: Realiza un recolgado de las aves expurgadas | F22: 03:30 - 11:50 / 11:50 - 21:15 | G22: N/A | H22: 2 | I22: 87 | J22: 28 | K22: Indefinido | L22: Variable | M22: 60 Min | N22: Pausa preparatoria | O22: SI | P22: N/A | Q22: Puesto de trabajo demarcado, con flujo libre de acceso | R22: Mesa de trabajo de forma frontal con tolva para contencion de aves | S22: Usa EPP tales como fonos, calzado de seguridad | T22: SI
A23: 22 | B23: Faenación | C23: Eviscerado | D23: Expurgo de Ala | E23: Retirar toda Ala que presenta alteracion y asi reprocesar pollo. | F23: 03:30 - 11:50 / 11:50 - 21:15 | G23: N/A | H23: 2 | I23: 87 | J23: 28 | K23: Indefinido | L23: Variable | M23: 50 Min | N23: Pausa preparatoria | O23: SI | P23: Cuchillo - Rapid Still | Q23: Puesto de trabajo sobre tarima con demarcacion en color amarillo | R23: Puesto de trabajo sobre tarima sin mesa de trabajo. | S23: Uso de EPP tales como guantes anticorte, calzado de seguridad, gafas | T23: SI
A24: 23 | B24: Faenación | C24: Eviscerado | D24: Punto de inspeccion | E24: Descuelga de la línea aves marcadas por técnicos del SAG . Cuelga aves marcadas por técnicos del SAG en línea de reproceso | F24: 03:30 - 11:50 / 11:50 - 21:15 | G24: N/A | H24: 2 | I24: 87 | J24: 28 | K24: Indefinido | L24: Variable | M24: 100 min | N24: Pausa preparatoria | O24: SI | P24: N/A | Q24: Puesto de trabajado lateral a linea aerea con demarcacion de pisos, silla parado sentado | R24: Sin mesa de trabajo linea aerea a la altura del hombro | S24: Uso de EPP tales como guantes anticorte, calzado de seguridad, gafas | T24: SI
A25: 24 | B25: Faenación | C25: Eviscerado | D25: Revision post lavadora | E25: Ultima inspeccion de pollo, para verificar ausencia de patologia. | F25: 03:30 - 11:50 / 11:50 - 21:15 | G25: N/A | H25: 2 | I25: 87 | J25: 28 | K25: Indefinido | L25: Variable | M25: 50 Min | N25: Pausa preparatoria | O25: SI | P25: N/A | Q25: Puesto de trabajo sobre tarima con demarcacion en color amarillo | R25: Puesto de trabajo sobre tarima sin mesa de trabajo. | S25: Uso de EPP tales como guantes anticorte, calzado de seguridad, gafas | T25: SI
A26: 25 | B26: Faenación | C26: Eviscerado | D26: Recuperacion de peritonitis | E26: Recolecta las carcasas que tengan buche penduloso. Transporta producto a estacion de reproceso (Ascitis, aeroceculitis y buche con alimento). Extrae buche y cogote de ave utilizando cuchillo. Realiza lavado interno y externo con lavado de canal | F26: 03:30 - 11:50 / 11:50 - 21:15 | G26: N/A | H26: 2 | I26: 87 | J26: 28 | K26: Indefinido | L26: Variable | M26: 50 Min | N26: Pausa preparatoria | O26: SI | T26: SI
A27: 26 | B27: Faenación | C27: Eviscerado | D27: Decomiso | E27: Recolecta bandejas con producto para decomiso . Traslada estas bandejas en carro con ruedas desde recolección a pesas. Realiza pesaje de producto en decomiso. Se dispone decomiso en trituradora a bacio triturador o bins de ser necesario. | F27: 03:30 - 11:50 / 11:50 - 21:15 | G27: N/A | H27: 2 | I27: 87 | J27: 0 | K27: Indefinido | L27: Variable | M27: 120 Min | N27: Pausa preparatoria | O27: SI | P27: Carro de arrastre | Q27: Zonas demarcadas y ibres de obstaculos | R27: Elementos con asa de agarre correspondiente | S27: uso de zapatos de seguridad, uso Fonos, y gafas | T27: SI
A28: 27 | B28: Faenación | C28: Eviscerado | D28: Auroceculitis | E28: Recolecta de gancheras todas las carcasas que tengan buche penduloso, Transporta producto a estación de reproceso (ascitis, aerosaculitis y buche con alimento) Extrae buche y cogote de ave utilizando cuchillo. Realizar lavado interno y externo del canal con ducha de pedal | F28: 03:30 - 11:50 / 11:50 - 21:15 | G28: N/A | H28: 2 | I28: 87 | J28: 28 | K28: Indefinido | L28: Variable | M28: 50 Min | N28: Pausa preparatoria | O28: SI | P28: cuchillo | Q28: Flujo de transito demarcado, cuenta con plataformas regulables para la altura al colgar el ave, cuenta con tarimas que forman pasillos para su transito | R28: Espacio fisico bajo techo sin exposicion a radiacion uv | S28: EPP como proteccion auditiva, calzado de seguridad, gafas y guantes anticorte | T28: SI
A29: 28 | B29: Faenación | C29: Eviscerado | D29: Jefe de línea | E29: Realizar labores de digitación computacional para el envío y recepción de correos electrónicos, preparación de ppt, y otros documentos. Supervisa en terreno de la correcta ejecución de los procedimientos de trabajo. Revisa superficies y maquinarias de trabajo. Programa puestos para colaboradores. Ejecuta Reuniones con jefaturas y colaboradores | F29: 03:30 - 11:50 / 11:50 - 21:15 | G29: N/A | H29: 2 | I29: 87 | J29: 28 | K29: Indefinido | L29: Variable | M29: 486 Min | N29: Pausa preparatoria | O29: SI | P29: computador | Q29: Flujo de transito demarcado, cuenta con plataformas regulables para la altura al colgar el ave, cuenta con tarimas que forman pasillos para su transito | R29: Espacio fisico bajo techo sin exposicion a radiacion uv | S29: Usa EPP tales como calzado de seguridad, casco y fonos, ademas usa dentro de sus labores radio de comunicación interna. | T29: SI
A30: 29 | B30: Faenación | C30: Eviscerado | D30: Supervisor | E30: Realizar labores de digitación computacional para el envío y recepción de correos electrónicos, preparación de ppt, y otros documentos.Supervisa en terreno de la correcta ejecución de los procedimientos de trabajo. Revisa superficies y maquinarias de trabajo.Programa puestos para colaboradores. Ejecuta Reuniones con jefaturas y colaboradores | F30: 03:30 - 11:50 / 11:50 - 21:15 | G30: N/A | H30: 2 | I30: 87 | J30: 28 | K30: Indefinido | L30: Variable | M30: 486 Min | N30: Pausa preparatoria - Pausa compensatoria | O30: SI | P30: Computador | Q30: Flujo de transito demarcado, cuenta con plataformas regulables para la altura al colgar el ave, cuenta con tarimas que forman pasillos para su transito | R30: Espacio fisico bajo techo sin exposicion a radiacion uv | S30: Usa EPP tales como calzado de seguridad, casco y fonos, ademas usa dentro de sus labores radio de comunicación interna. | T30: SI
A31: 30 | B31: Faenación | C31: Garras | D31: Cinta Decomiso | E31: Clasifica garras que vienen por la cinta tomandola con su mano y depositandola en otra linea esto es dependiendo del calibre y defectos que tengan. Reproceso de garras. | F31: 04:05 - 12:25 / 12:15 A 21:45 | G31: N/A | H31: 2 | I31: 23 | J31: 17 | K31: Indefinido | L31: Variable | M31: 60 Min | N31: Pausa preparatoria - Pausa compensatoria | O31: SI | P31: N/A | Q31: Pisos demarcados para transito sin barreras que dificulten el flujo de transito. | R31: Espacio fisico bajo techo sin exposicion a radiacion uv | S31: EPP como proteccion auditiva, calzado de seguridad y gafas | T31: SI | U31: Mov Repetitivo
A32: 31 | B32: Faenación | C32: Garras | D32: Embolsado Tolva/Seleccionador de Garras en Tolva | E32: Selecciona garras, las introduce a bolsa hasta completar. Con ambas manos saca bolsa desde el tacho y las desplaza a pesadora | F32: 04:05 - 12:25 / 12:15 A 21:45 | G32: N/A | H32: 2 | I32: 23 | J32: 17 | K32: Indefinido | L32: Variable | M32: 180 Min | N32: Pausa preparatoria - Pausa compensatoria | O32: SI | P32: N/A | Q32: Pisos demarcados para transito sin barreras que dificulten el flujo de transito. | R32: Mesa de trabajo a la altura necesaria libre de rayos uv | S32: EPP como proteccion auditiva, calzado de seguridad y gafas | T32: SI | U32: Mov Repetitivo (Amarillo) - MMC Levantamiento (Rojo)
A33: 32 | B33: Faenación | C33: Garras | D33: Pesador de garras | E33: Operario verifica peso de bolsa y deposita o retira producto para obtener peso adecuado, luego toma la bolsa la introduce en caja y la posiciona en la linea | F33: 04:05 - 12:25 / 12:15 A 21:45 | G33: N/A | H33: 2 | I33: 23 | J33: 17 | K33: Indefinido | L33: Variable | M33: 180 min | N33: Pausa preparatoria - Pausa compensatoria | O33: SI | P33: N/A | Q33: Pisos demarcados para transito sin barreras que dificulten el flujo de transito. | R33: Mesa de trabajo con polines para desplazamiento de cajas | S33: EPP como proteccion auditiva, calzado de seguridad y gafas | T33: SI | U33: Mov Repetitivo (Amarillo) - MMC Levantamiento (Amarillo)
A34: 33 | B34: Faenación | C34: Garras | D34: Repaso de callos | E34: El operario repasador de callos debe tomar la garra y pasarla por un orificio con un disco giratorio y abrasivo el cual se encargar de quitar el callo de la garra. | F34: 04:05 - 12:25 / 12:15 A 21:45 | G34: N/A | H34: 2 | I34: 23 | J34: 17 | K34: Indefinido | L34: Variable | M34: 180 Min | N34: Pausa preparatoria - Pausa compensatoria | O34: SI | P34: Maquina critica | Q34: Pisos demarcados para transito sin barreras que dificulten el flujo de transito. | R34: Puesto de trabajo espacio libre movilidad, mesa de alcance a la altura de 80 cm | S34: EPP como proteccion auditiva, calzado de seguridad y gafas | T34: SI | U34: Mov Repetitivo (Amarillo)
A35: 34 | B35: Faenación | C35: Garras | D35: Traslado de Garra Larga | E35: Se trasladan producto seleccionado (garra larga) desde tolvas. | F35: 04:05 - 12:25 / 12:15 A 21:45 | G35: N/A | H35: 2 | I35: 23 | J35: 17 | K35: Indefinido | L35: Variable | M35: 60 Min | N35: Pausa preparatoria - Pausa compensatoria | O35: SI | P35: N/A | Q35: Pisos demarcados para transito sin barreras que dificulten el flujo de transito. | R35: Puesto de trabajo con altura de la mesa de trabajo a la cadera sin exposicion a UV | S35: EPP como proteccion auditiva, calzado de seguridad y gafas | T35: SI | U35: Mov Repetitivo (Verde) - MMC Levantamiento (AMARILLO) - Empiuje (VERDE)
A36: 35 | B36: Faenación | C36: Garras | D36: Seleccionador de garra | E36: Selecciona garras, las introduce a bolsa hasta completar su llenado. | F36: 04:05 - 12:25 / 12:15 A 21:45 | G36: N/A | H36: 2 | I36: 23 | J36: 17 | K36: Indefinido | L36: Variable | M36: 180 min | N36: Pausa preparatoria - Pausa compensatoria | O36: SI | P36: N/A | Q36: Pisos demarcados para transito sin barreras que dificulten el flujo de transito. | S36: EPP como proteccion auditiva, calzado de seguridad y gafas | T36: SI | U36: Mov Repetitivo
A37: 36 | B37: Faenación | C37: Garras | D37: Embalando garras | E37: Colaborador tapa caja, indentifica tipo de etiqueta para luego depositarla en linea. | F37: 04:05 - 12:25 / 12:15 A 21:45 | G37: N/A | H37: 2 | I37: 23 | J37: 17 | K37: Indefinido | L37: Variable | M37: 120 Min | N37: Pausa preparatoria - Pausa compensatoria | O37: SI | P37: N/A | Q37: Pisos demarcados para transito sin barreras que dificulten el flujo de transito. | R37: Mesa de trabajo a la altura de la cadera con mesa de polines para desplazamiento de carga | S37: EPP como proteccion auditiva, calzado de seguridad y gafas | T37: SI | U37: Mov Repetitivo (Amarillo) - MMC Empuje (Verde)
A38: 37 | B38: Faenación | C38: Garras | D38: Cortadora de garra larga | E38: Colaboradora pone garras en maquina cortadora de nudillos, en espaciador de manera ordenada, para que maquina realice corte. Toma garras de bandeja y las deposita en recipiente para luego depositar una a una en espaciador. | F38: 04:05 - 12:25 / 12:15 A 21:45 | G38: N/A | H38: 2 | I38: 23 | J38: 17 | K38: Indefinido | L38: Variable | M38: 478 Min | N38: Pausa preparatoria - Pausa compensatoria | O38: SI | P38: N/A | Q38: Pisos demarcados para transito sin barreras que dificulten el flujo de transito. | R38: Equipo critico a la altura correspondiente para su manipulaci´on | S38: EPP como proteccion auditiva, calzado de seguridad y gafas | T38: SI | U38: Mov Repetitivo (Amarillo)
A39: 38 | B39: Faenación | C39: Garras | D39: Etiquetado en mesa de embalaje | E39: Colaborador desplaza caja de 20 kg a mesa de embalaje y etiqueta la caja para luego poner Tapa caja y la desplaza nuevamente a la cinta. | F39: 04:05 - 12:25 / 12:15 A 21:45 | G39: N/A | H39: 2 | I39: 23 | J39: 17 | K39: Indefinido | L39: Variable | M39: 120 min | N39: Pausa preparatoria - Pausa compensatoria | O39: SI | P39: N/A | Q39: Pisos demarcados para transito sin barreras que dificulten el flujo de transito. | R39: Mesa de trabajo a la altura de la cadera con mesa de polines para desplazamiento de carga | S39: EPP como proteccion auditiva, calzado de seguridad y gafas | T39: SI
A40: 39 | B40: Faenación | C40: Garras | D40: Nudillos | E40: Nudillos es depositado en bandeja. Colaborador ayuda ha deposito de este en bandeja, para luego depositar en caja. | F40: 04:05 - 12:25 / 12:15 A 21:45 | G40: N/A | H40: 2 | I40: 23 | J40: 17 | K40: Indefinido | L40: Variable | M40: 60 Min | N40: Pausa preparatoria - Pausa compensatoria | O40: SI | P40: N/A | Q40: Pisos demarcados para transito sin barreras que dificulten el flujo de transito. | R40: Mesa de trabajo a la altura de la cadera | S40: EPP como proteccion auditiva, calzado de seguridad y gafas | T40: SI | U40: Mov Repetitivo
A41: 40 | B41: Faenación | C41: Garras | D41: Pesador de nudillos | E41: Llenan bolsa con producto, lo pesan lo depositan en caja. La caja es depositada en cinta transportadora. | F41: 04:05 - 12:25 / 12:15 A 21:45 | G41: N/A | H41: 2 | I41: 23 | J41: 17 | K41: Indefinido | L41: Variable | M41: 478 Min | N41: Pausa preparatoria - Pausa compensatoria | O41: SI | P41: N/A | Q41: Pisos demarcados para transito sin barreras que dificulten el flujo de transito. | R41: Mesa de trabajo a la altura de la cadera | S41: EPP como proteccion auditiva, calzado de seguridad y gafas | T41: SI | U41: Mov Repetitivo (Amarillo) - MMC Levantamiento (Amarillo)
A42: 41 | B42: Faenación | C42: Garras | D42: Maquinista Garras | E42: Realiza regulación del funcionamiento y frecuencia de las diferentes líneas y máquinas del área que le corresponda.Realiza registros y controles del proceso.Ordena Entrada y Salida de Camiones del Galpón de Espera y Galpón de Descarga.Reemplaza a Colaboradores para ir al Baño | F42: 04:05 - 12:25 / 12:15 A 21:45 | G42: N/A | H42: 2 | I42: 23 | J42: 17 | K42: Indefinido | L42: Variable | M42: 478 Min | N42: Pausa preparatoria - Pausa compensatoria | O42: SI | P42: Maquina critica | Q42: Pisos demarcados para transito sin barreras que dificulten el flujo de transito. | R42: sin exposicion a rayos uv | S42: Utilizan EPP como Calzado de seguridad, lentes de seguridad y proteccion auditiva | T42: SI
A43: 42 | B43: Faenación | C43: Garras | D43: Jefe de Línea | E43: Realizar labores de digitación computacional para el envío y recepción de correos electrónicos, preparación de ppt, y otros documentos.Supervisa en terreno de la correcta ejecución de los procedimientos de trabajo. Revisa superficies y maquinarias de trabajo. Programa puestos para colaboradores. Ejecuta Reuniones con jefaturas y colaboradores | F43: 04:05 - 12:25 / 12:15 A 21:45 | G43: N/A | H43: 2 | I43: 23 | J43: 17 | K43: Indefinido | L43: Variable | M43: 478 Min | N43: Pausa preparatoria - Pausa compensatoria | O43: SI | P43: Computador | Q43: Pisos demarcados para transito sin barreras que dificulten el flujo de transito. | R43: Sin mesa de trabajo | S43: Utilizan EPP como Calzado de seguridad, lentes de seguridad y proteccion auditiva | T43: SI
A44: 43 | B44: Faenación | C44: Empaque - Chiller | D44: Colgador aves frias | E44: Toma aves sin visceras desde linea y cuelga aves de las patas en ganchos, | F44: 05:30-13:50 / 13:50-23:25 | G44: N/A | H44: 2 | I44: 81 | J44: 0 | K44: Indefinido | L44: Variable | M44: 180 Min | N44: Pausa preparatoria - Pausa compensatoria | O44: SI | P44: N/A | Q44: Pisos demarcados para transito sin barreras que dificulten el flujo de transito. | R44: Linea de trabajo a la altura de la cadera, con linea aerea que les permite el alcance libre | S44: Utilizan EPP como Calzado de seguridad, lentes de seguridad y proteccion auditiva | T44: SI
A45: 44 | B45: Faenación | C45: Empaque - Chiller | D45: Embolsador de pana | E45: Embolsa pana 1,5 kg con poruña (1,3 kg) | F45: 05:30-13:50 / 13:50-23:25 | G45: N/A | H45: 2 | I45: 81 | J45: 3 | K45: Indefinido | L45: Variable | M45: 60 Min | N45: Pausa preparatoria - Pausa compensatoria | O45: SI | P45: Poruña | Q45: Pisos demarcados para transito sin barreras que dificulten el flujo de transito. | R45: Espacio fisico bajo techo sin exposicion a radiacion uv | S45: Utilizan EPP como Calzado de seguridad, lentes de seguridad y proteccion auditiva | T45: SI
A46: 45 | B46: Faenación | C46: Empaque - Chiller | D46: Embalador de producto | E46: Colaborador corchetea bolsas y las posiciona en caja, luego tapa la caja y la posiciona en pallet. | F46: 05:30-13:50 / 13:50-23:25 | G46: N/A | H46: 2 | I46: 81 | J46: 3 | K46: Indefinido | L46: Variable | M46: 60 Min | N46: Pausa preparatoria - Pausa compensatoria | O46: SI | P46: Conchetera | Q46: Pisos demarcados para transito sin barreras que dificulten el flujo de transito. | R46: sin exposicion a rayos uv | S46: Utilizan EPP como Calzado de seguridad, lentes de seguridad y proteccion auditiva | T46: SI
A47: 46 | B47: Faenación | C47: Empaque - Chiller | D47: Embolsado de corazon | E47: Colaborador embolsa producto con poruña | F47: 05:30-13:50 / 13:50-23:25 | G47: N/A | H47: 2 | I47: 81 | J47: 3 | K47: Indefinido | L47: Variable | M47: 60 Min | N47: Pausa preparatoria - Pausa compensatoria | O47: SI | P47: Poruña | Q47: Pisos demarcados para transito sin barreras que dificulten el flujo de transito. | R47: Mesa de trabajo a la altura de la cadera, sin exposicion a radiacion uv | S47: Utilizan EPP como Calzado de seguridad, lentes de seguridad y proteccion auditiva | T47: SI
A48: 47 | B48: Faenación | C48: Empaque - Chiller | D48: Pesador de corazon | E48: Colaborador verifica peso de bolsa y de acuerdo a este agrega o saca productos | F48: 05:30-13:50 / 13:50-23:25 | G48: N/A | H48: 2 | I48: 81 | J48: 3 | K48: Indefinido | L48: Variable | M48: 60 Min | N48: Pausa preparatoria - Pausa compensatoria | O48: SI | P48: N/A | Q48: Pisos demarcados para transito sin barreras que dificulten el flujo de transito. | R48: sin exposicion a rayos uv, con mesa de trabajo para posicionar pesa y sobre esta la bolsa de producto | S48: Utilizan EPP como Calzado de seguridad, lentes de seguridad y proteccion auditiva | T48: SI
A49: 48 | B49: Faenación | C49: Empaque - Chiller | D49: Selección de corazon | E49: Colaborador selecciona corazon y saca producto en mal estado. | F49: 05:30-13:50 / 13:50-23:25 | G49: N/A | H49: 2 | I49: 81 | J49: 3 | K49: Indefinido | L49: Variable | M49: 60 Min | N49: Pausa preparatoria - Pausa compensatoria | O49: SI | P49: N/A | Q49: Pisos demarcados para transito sin barreras que dificulten el flujo de transito. | R49: Sin exposicion de rayos uv, mesas de trabajo a la altura de la cadera facil alcance de los productos | S49: Utilizan EPP como Calzado de seguridad, lentes de seguridad y proteccion auditiva | T49: SI
A50: 49 | B50: Faenación | C50: Empaque - Chiller | D50: Embalador de contre | E50: Colaborador corchetea bolsa, la embala en caja respectiva | F50: 05:30-13:50 / 13:50-23:25 | G50: N/A | H50: 2 | I50: 81 | J50: 3 | K50: Indefinido | L50: Variable | M50: 60 Min | N50: Pausa preparatoria - Pausa compensatoria | O50: SI | P50: corchetera | Q50: Pisos demarcados para transito sin barreras que dificulten el flujo de transito. | R50: sin exposicion a rayos uv, con mesa d etrabajo para posicionar caja con bolsas | S50: Utilizan EPP como Calzado de seguridad, lentes de seguridad y proteccion auditiva | T50: SI
A51: 50 | B51: Faenación | C51: Empaque - Chiller | D51: Limpiador de pana | E51: Colaborador limpia y selecciona productos. Arrastra producto con rastrillo | F51: 05:30-13:50 / 13:50-23:25 | G51: N/A | H51: 2 | I51: 81 | J51: 3 | K51: Indefinido | L51: Variable | M51: 60 Min | N51: Pausa preparatoria - Pausa compensatoria | O51: SI | P51: N/A | Q51: Pisos demarcados para transito sin barreras que dificulten el flujo de transito. | R51: Sin exposicion de rayos uv, mesas de trabajo a la altura de la cadera facil alcance de los productos | S51: Utilizan EPP como Calzado de seguridad, lentes de seguridad y proteccion auditiva | T51: SI
A52: 51 | B52: Faenación | C52: Empaque - Chiller | D52: Embolsador de contre | E52: Colaborador embolsa producto con gruña (0.58 kg) | F52: 05:30-13:50 / 13:50-23:25 | G52: N/A | H52: 2 | I52: 81 | J52: 3 | K52: Indefinido | L52: Variable | M52: 60 Min | N52: Pausa preparatoria - Pausa compensatoria | O52: SI | P52: Poruña | Q52: Pisos demarcados para transito sin barreras que dificulten el flujo de transito. | R52: Sin exposicion de rayos uv, mesas de trabajo a la altura de la cadera facil alcance de los productos | S52: Utilizan EPP como Calzado de seguridad, lentes de seguridad y proteccion auditiva | T52: SI
A53: 52 | B53: Faenación | C53: Empaque - Chiller | D53: Embalador de Pana | E53: Colaborador posiciona bolsas de pana en caja de (1,5 kg). | F53: 05:30-13:50 / 13:50-23:25 | G53: N/A | H53: 2 | I53: 81 | J53: 3 | K53: Indefinido | L53: Variable | M53: 60 Min | N53: Pausa preparatoria - Pausa compensatoria | O53: SI | P53: N/A | Q53: Pisos demarcados para transito sin barreras que dificulten el flujo de transito. | R53: sin exposicion a rayos uv, con mesa d etrabajo para posicionar caja con bolsas | S53: Utilizan EPP como Calzado de seguridad, lentes de seguridad y proteccion auditiva | T53: SI
... A60: 59 | B60: Faenación | C60: Empaque - Chiller | D60: Paletizador | E60: Toma cajas desde pesa y deposita en pallet | F60: 05:30-13:50 / 13:50-23:25 | G60: N/A | H60: 2 | I60: 81 | J60: 0 | K60: Indefinido | L60: Variable | M60: 60 Min | N60: Pausa preparatoria - Pausa compensatoria | O60: SI | P60: N/A | Q60: Pisos demarcados para transito sin barreras que dificulten el flujo de transito. | R60: Pallet plastico de 40 cm para deposito de cajas | S60: Utilizan EPP como Calzado de seguridad, lentes de seguridad y proteccion auditiva | T60: SI
A61: 60 | B61: Faenación | C61: Empaque - Chiller | D61: Transpaletero | E61: Transportar con transpaleta eléctrica productos en pallet o bins desde y hacia distintas áreas. Realiza Cambio de baterías a maquinaria.Realiza Inspección visual a maquinaria | F61: 05:30-13:50 / 13:50-23:25 | G61: N/A | H61: 2 | I61: 81 | J61: 3 | K61: Indefinido | L61: Variable | M61: 395 Min | N61: Pausa preparatoria - Pausa compensatoria | O61: SI | P61: Transpaleta electrica | Q61: Pisos demarcados para transito sin barreras que dificulten el flujo de transito. | S61: Utilizan EPP como Calzado de seguridad, lentes de seguridad y proteccion auditiva | T61: NO
A62: 61 | B62: Faenación | C62: Empaque - Chiller | D62: Jefe de Línea | E62: Realizar labores de digitación computacional para el envío y recepción de correos electrónicos, preparación de ppt, y otros documentos.Supervisa en terreno de la correcta ejecución de los procedimientos de trabajo. Revisa superficies y maquinarias de trabajo. Programa puestos para colaboradores. Ejecuta Reuniones con jefaturas y colaboradores | F62: 05:30-13:50 / 13:50-23:25 | G62: N/A | H62: 2 | I62: 2 | J62: 0 | K62: Indefinido | L62: Variable | M62: 395 Min | N62: Pausa preparatoria - Pausa compensatoria | O62: SI | P62: Computador | Q62: Pisos demarcados para transito sin barreras que dificulten el flujo de transito. | R62: Oficina libres de rayos uv con iluminacion artificial, cuenta con escritorio y silla | S62: Utilizan EPP como Calzado de seguridad, lentes de seguridad y proteccion auditiva | T62: SI

Sheet Inicial
A1: N° | C1: Puesto de trabajo | D1: Tareas del puesto de trabajo | E1: Horario de funcionamiento | F1: Horas extras POR DIA | G1: Horas extras POR SEMANA | H1: N° Trabajadores Expuestos HOMBRE | I1: N° Trabajadores Expuestos MUJER | J1: Trabajo repetitivo de miembros superiores. | K1: Postura de trabajo estática - Forzada | L1: MMC Levantamiento/Descenso | M1: MMC Empuje/Arrastre | N1: Manejo manual de pacientes / personas | O1: Vibración de cuerpo completo | P1: Vibración segmento mano – brazo | Q1: Resultado identificación inicial
B2: Area | J2: ¿Existe una o más tareas donde utilice las manos y miembros superiores con una duración total de una hora o más durante la jornada laboral y con un tiempo total de 5 o más horas a la semana? Por ejemplo: Donde se tenga que armar, limpiar, apretar, lanzar, cortar, presionar, desarmar, atornillar, desatornillar, digitar. 1 tarea repetitiva: conjunto de ciclos de trabajo realizados por uno o más segmentos de las extremidades superiores, donde repetitividad se caracteriza por al menos uno de los siguientes criterios: i) El tiempo de ciclo es inferior a 30 segundos en promedio. ii) Los mismos patrones biomecánicos se repiten por más del 50% del ciclo. En general, el ritmo de trabajo está determinado por factor externo al trabajador, ejemplo, líneas de producción, velocidad de una máquina, entre otros | K2: Existen posturas de trabajo estáticas de cabeza/cuello, tronco y/o miembros superiores e inferiores, mantenidas durante más de 4 segundos, en la que se pueden dar ligeras variaciones alrededor de un mismo nivel de fuerza generado por los músculos y otras estructuras corporales? Por ejemplo: Donde se observe estar con la cabeza inclinada hacia adelante o atrás, cabeza rotada permanentemente hacia algún lado, hombros situados por delante de las caderas de manera continua, tronco rotado o inclinado para sostener o movilizar objetos | L2: Para el Levantamiento/Descenso/Transporte: ¿Existe levantamiento, descenso o transporte manual de un objeto de 3kg o más? Por ejemplo: Se observa que levanta, sostiene, transporta, desplaza, moviliza, ubica con precisión ordenando, apila, paletiza. | M2: Tracción/Empuje ¿Existe empuje o arrastre de una carga utilizando el cuerpo completo con 1 o 2 manos? Se observa el empuje y/o arrastre de diferentes maneras carros, plataformas con rueda, superficies deslizantes, detención de objetos en movimiento, camillas, camas, sillas de rueda, paletizadores, grúas de uso manual mecanizadas, formas de tracción y empuje hechizas, carretillas. No se considera empuje y arrastre carros motorizados y controlados manualmente (conducción) | N2: ¿Se realiza alguna actividad que requiere fuerza para empujar, tirar, levantar, descender, transferir o de alguna manera mover o sostener una persona o parte del cuerpo de una persona? *NOTA: La condición a identificar debe incluir la actividad de manipulación, ya sea que se realice con o sin dispositivos de asistencia. Esta condición está determinada por el riesgo asociado a las características de la carga humana que requiere control sensible de la masa corporal por parte del operador. | O2: Están los trabajadores en contacto con una fuente de vibración de cuerpo entero perceptible por el trabajador/a? Se presenta en cercanía de máquinas donde se percibe la vibración, superficies vibrantes donde se está de pie o sentado como en maquinaria pesada y de conducción. | P2: Están los trabajadores/as en contacto con una fuente de vibración perceptible por el trabajador del segmento mano-brazo? Por ejemplo: Se presenta en situaciones de manejo de herramientas neumáticas o eléctricas, atornilladores o destornilladores neumáticos o eléctricos, uso de herramientas con impacto como martillos, cinceles, herramientas percutoras como taladros
A3: =Datos!A2 -> 1 | B3: =Datos!B2 -> Faenación | C3: =Datos!C2 -> Colgado | D3: =Datos!D2 -> Colgado de aves | E3: =Datos!F2 -> 03:35 a 11:50 - 11:50 a 21:10 | F3: =Datos!G2 -> N/A | G3: =Datos!H2 -> 2 | H3: =Datos!I2 -> 36 | I3: =Datos!J2 -> 0 | J3: SI | K3: NO | L3: NO | M3: NO | N3: NO | O3: NO | P3: NO | Q3: =IF(AND(J3="NO",K3="NO",L3="NO",M3="NO",N3="NO",O3="NO",P3="NO"),"Ausencia total del riesgo, reevaluar cada 3 años con nueva identificación inicial","Aplicar identificación avanzada-condición aceptable para cada tipo de factor de riesgo identificado") -> Aplicar identificación avanzada-condición aceptable para cada tipo de factor de riesgo identificado
A4: =Datos!A3 -> 2 | B4: =Datos!B3 -> Faenación | C4: =Datos!C3 -> Colgado | D4: =Datos!D3 -> Revision de contenedores | E4: =Datos!F3 -> 03:35 a 11:50 - 11:50 a 21:11 | F4: =Datos!G3 -> N/A | G4: =Datos!H3 -> 2 | H4: =Datos!I3 -> 36 | I4: =Datos!J3 -> 0 | J4: SI | K4: NO | L4: NO | M4: NO | N4: NO | O4: NO | P4: NO | Q4: =IF(AND(J4="NO",K4="NO",L4="NO",M4="NO",N4="NO",O4="NO",P4="NO"),"Ausencia total del riesgo, reevaluar cada 3 años con nueva identificación inicial","Aplicar identificación avanzada-condición aceptable para cada tipo de factor de riesgo identificado") -> Aplicar identificación avanzada-condición aceptable para cada tipo de factor de riesgo identificado
A5: =Datos!A4 -> 3 | B5: =Datos!B4 -> Faenación | C5: =Datos!C4 -> Colgado | D5: =Datos!D4 -> Extracción de pollo mortecino | E5: =Datos!F4 -> 03:35 a 11:50 - 11:50 a 21:12 | F5: =Datos!G4 -> N/A | G5: =Datos!H4 -> 2 | H5: =Datos!I4 -> 36 | I5: =Datos!J4 -> 0 | J5: SI | K5: NO | L5: NO | M5: NO | N5: NO | O5: NO | P5: NO | Q5: =IF(AND(J5="NO",K5="NO",L5="NO",M5="NO",N5="NO",O5="NO",P5="NO"),"Ausencia total del riesgo, reevaluar cada 3 años con nueva identificación inicial","Aplicar identificación avanzada-condición aceptable para cada tipo de factor de riesgo identificado") -> Aplicar identificación avanzada-condición aceptable para cada tipo de factor de riesgo identificado
A6: =Datos!A5 -> 4 | B6: =Datos!B5 -> Faenación | C6: =Datos!C5 -> Colgado | D6: =Datos!D5 -> Gruero | E6: =Datos!F5 -> 03:35 a 11:50 - 11:50 a 21:13 | F6: =Datos!G5 -> N/A | G6: =Datos!H5 -> 2 | H6: =Datos!I5 -> 36 | I6: =Datos!J5 -> 0 | J6: NO | K6: NO | L6: NO | M6: NO | N6: NO | O6: NO | P6: NO | Q6: =IF(AND(J6="NO",K6="NO",L6="NO",M6="NO",N6="NO",O6="NO",P6="NO"),"Ausencia total del riesgo, reevaluar cada 3 años con nueva identificación inicial","Aplicar identificación avanzada-condición aceptable para cada tipo de factor de riesgo identificado") -> Ausencia total del riesgo, reevaluar cada 3 años con nueva identificación inicial
A7: =Datos!A6 -> 5 | B7: =Datos!B6 -> Faenación | C7: =Datos!C6 -> Colgado | D7: =Datos!D6 -> Jefe de línea | E7: =Datos!F6 -> 03:35 a 11:50 - 11:50 a 21:14 | F7: =Datos!G6 -> N/A | G7: =Datos!H6 -> 2 | H7: =Datos!I6 -> 36 | I7: =Datos!J6 -> 0 | J7: NO | K7: NO | L7: NO | M7: NO | N7: NO | O7: NO | P7: NO | Q7: =IF(AND(J7="NO",K7="NO",L7="NO",M7="NO",N7="NO",O7="NO",P7="NO"),"Ausencia total del riesgo, reevaluar cada 3 años con nueva identificación inicial","Aplicar identificación avanzada-condición aceptable para cada tipo de factor de riesgo identificado") -> Ausencia total del riesgo, reevaluar cada 3 años con nueva identificación inicial
A8: =Datos!A7 -> 6 | B8: =Datos!B7 -> Faenación | C8: =Datos!C7 -> Colgado | D8: =Datos!D7 -> Secretario | E8: =Datos!F7 -> 03:35 a 11:50 - 11:50 a 21:15 | F8: =Datos!G7 -> N/A | G8: =Datos!H7 -> 2 | H8: =Datos!I7 -> 36 | I8: =Datos!J7 -> 0 | J8: NO | K8: NO | L8: NO | M8: NO | N8: NO | O8: NO | P8: NO | Q8: =IF(AND(J8="NO",K8="NO",L8="NO",M8="NO",N8="NO",O8="NO",P8="NO"),"Ausencia total del riesgo, reevaluar cada 3 años con nueva identificación inicial","Aplicar identificación avanzada-condición aceptable para cada tipo de factor de riesgo identificado") -> Ausencia total del riesgo, reevaluar cada 3 años con nueva identificación inicial
A9: =Datos!A8 -> 7 | B9: =Datos!B8 -> Faenación | C9: =Datos!C8 -> Colgado | D9: =Datos!D8 -> Recepcion de guia | E9: =Datos!F8 -> 03:35 a 11:50 - 11:50 a 21:16 | F9: =Datos!G8 -> N/A | G9: =Datos!H8 -> 2 | H9: =Datos!I8 -> 36 | I9: =Datos!J8 -> 0 | J9: NO | K9: NO | L9: NO | M9: NO | N9: NO | O9: NO | P9: NO | Q9: =IF(AND(J9="NO",K9="NO",L9="NO",M9="NO",N9="NO",O9="NO",P9="NO"),"Ausencia total del riesgo, reevaluar cada 3 años con nueva identificación inicial","Aplicar identificación avanzada-condición aceptable para cada tipo de factor de riesgo identificado") -> Ausencia total del riesgo, reevaluar cada 3 años con nueva identificación inicial
A10: =Datos!A9 -> 8 | B10: =Datos!B9 -> Faenación | C10: =Datos!C9 -> Colgado | D10: =Datos!D9 -> Encargado de PC | E10: =Datos!F9 -> 03:35 a 11:50 - 11:50 a 21:17 | F10: =Datos!G9 -> N/A | G10: =Datos!H9 -> 2 | H10: =Datos!I9 -> 36 | I10: =Datos!J9 -> 0 | J10: NO | K10: NO | L10: NO | M10: NO | N10: NO | O10: NO | P10: NO | Q10: =IF(AND(J10="NO",K10="NO",L10="NO",M10="NO",N10="NO",O10="NO",P10="NO"),"Ausencia total del riesgo, reevaluar cada 3 años con nueva identificación inicial","Aplicar identificación avanzada-condición aceptable para cada tipo de factor de riesgo identificado") -> Ausencia total del riesgo, reevaluar cada 3 años con nueva identificación inicial
A11: =Datos!A10 -> 9 | B11: =Datos!B10 -> Faenación | C11: =Datos!C10 -> Sacrificio | D11: =Datos!D10 -> Pollo Chico | E11: =Datos!F10 -> 03:30 - 11:50 / 11:50 - 21:15 | F11: =Datos!G10 -> N/A | G11: =Datos!H10 -> 2 | H11: =Datos!I10 -> 8 | I11: =Datos!J10 -> 2 | J11: NO | K11: NO | L11: NO | M11: NO | N11: NO | O11: NO | P11: NO | Q11: =IF(AND(J11="NO",K11="NO",L11="NO",M11="NO",N11="NO",O11="NO",P11="NO"),"Ausencia total del riesgo, reevaluar cada 3 años con nueva identificación inicial","Aplicar identificación avanzada-condición aceptable para cada tipo de factor de riesgo identificado") -> Ausencia total del riesgo, reevaluar cada 3 años con nueva identificación inicial
A12: =Datos!A11 -> 10 | B12: =Datos!B11 -> Faenación | C12: =Datos!C11 -> Sacrificio | D12: =Datos!D11 -> Desgollador | E12: =Datos!F11 -> 03:30 - 11:50 / 11:50 - 21:15 | F12: =Datos!G11 -> N/A | G12: =Datos!H11 -> 2 | H12: =Datos!I11 -> 8 | I12: =Datos!J11 -> 2 | J12: SI | K12: NO | L12: NO | M12: NO | N12: NO | O12: NO | P12: NO | Q12: =IF(AND(J12="NO",K12="NO",L12="NO",M12="NO",N12="NO",O12="NO",P12="NO"),"Ausencia total del riesgo, reevaluar cada 3 años con nueva identificación inicial","Aplicar identificación avanzada-condición aceptable para cada tipo de factor de riesgo identificado") -> Aplicar identificación avanzada-condición aceptable para cada tipo de factor de riesgo identificado
A13: =Datos!A12 -> 11 | B13: =Datos!B12 -> Faenación | C13: =Datos!C12 -> Sacrificio | D13: =Datos!D12 -> Repase de pluma | E13: =Datos!F12 -> 03:30 - 11:50 / 11:50 - 21:15 | F13: =Datos!G12 -> N/A | G13: =Datos!H12 -> 2 | H13: =Datos!I12 -> 8 | I13: =Datos!J12 -> 2 | J13: SI | K13: NO | L13: NO | M13: NO | N13: NO | O13: NO | P13: NO | Q13: =IF(AND(J13="NO",K13="NO",L13="NO",M13="NO",N13="NO",O13="NO",P13="NO"),"Ausencia total del riesgo, reevaluar cada 3 años con nueva identificación inicial","Aplicar identificación avanzada-condición aceptable para cada tipo de factor de riesgo identificado") -> Aplicar identificación avanzada-condición aceptable para cada tipo de factor de riesgo identificado
A14: =Datos!A13 -> 12 | B14: =Datos!B13 -> Faenación | C14: =Datos!C13 -> Eviscerado | D14: =Datos!D13 -> Maquinista sacrificio | E14: =Datos!F13 -> 03:30 - 11:50 / 11:50 - 21:15 | F14: =Datos!G13 -> N/A | G14: =Datos!H13 -> 2 | H14: =Datos!I13 -> 87 | I14: =Datos!J13 -> 28 | J14: NO | K14: NO | L14: NO | M14: NO | N14: NO | O14: NO | P14: NO | Q14: =IF(AND(J14="NO",K14="NO",L14="NO",M14="NO",N14="NO",O14="NO",P14="NO"),"Ausencia total del riesgo, reevaluar cada 3 años con nueva identificación inicial","Aplicar identificación avanzada-condición aceptable para cada tipo de factor de riesgo identificado") -> Ausencia total del riesgo, reevaluar cada 3 años con nueva identificación inicial
... A63: =Datos!A62 -> 61 | B63: =Datos!B62 -> Faenación | C63: =Datos!C62 -> Empaque - Chiller | D63: =Datos!D62 -> Jefe de Línea | E63: =Datos!F62 -> 05:30-13:50 / 13:50-23:25 | F63: =Datos!G62 -> N/A | G63: =Datos!H62 -> 2 | H63: =Datos!I62 -> 2 | I63: =Datos!J62 -> 0 | J63: NO | K63: NO | L63: NO | M63: NO | N63: NO | O63: NO | P63: NO | Q63: =IF(AND(J63="NO",K63="NO",L63="NO",M63="NO",N63="NO",O63="NO",P63="NO"),"Ausencia total del riesgo, reevaluar cada 3 años con nueva identificación inicial","Aplicar identificación avanzada-condición aceptable para cada tipo de factor de riesgo identificado") -> Ausencia total del riesgo, reevaluar cada 3 años con nueva identificación inicial
A64: =Datos!A63 -> 0 | B64: =Datos!B63 -> 0 | C64: =Datos!C63 -> 0 | D64: =Datos!D63 -> 0 | E64: =Datos!F63 -> 0 | F64: =Datos!G63 -> 0 | G64: =Datos!H63 -> 0 | H64: =Datos!I63 -> 0 | I64: =Datos!J63 -> 0

Sheet Mov. Rep.
A1: MOVIMIENTO REPETITIVO | F1: Horas extras | H1: N° Trabajadores Expuestos | J1: Tabla II. IDENTIFICACIÓN AVANZADA – Trabajo Repetitivo de Miembros Superiores– Condición Aceptable | Q1: Tabla VI. IDENTIFICACIÓN AVANZADA – Tarea(s) Repetitiva(s) de miembros superiores –– Condición Crítica | X1: Plan de acción
A2: N° | B2: Área de trabajo | C2: Puesto de trabajo | D2: Tareas del puesto de trabajo | E2: Horario de funcionamiento | F2: Por dia | G2: Por Semana | H2: HOMBRE | I2: MUJER | J2: ¿Los miembros superiores trabajan por menos del 50% de la duración total de la tarea repetitiva? | K2: ¿Los codos se mantienen por debajo del nivel de los hombros por al menos el 90% del total de la duración de la(s) tarea(s) repetitiva? | L2: ¿Existe esfuerzo moderado ejercido por el trabajador (Percepción de Esfuerzo máximo 4 según Escala de Borg CR-10) ejercidas por el trabajador por no más de 1 hora mientras dura la(s) tarea(s) repetitiva? | M2: Ausencias de esfuerzo máximo (esfuerzo percibido = 5 o más en la Escala de Borg CR-10) | N2: Presencia de pausas programadas (excluyendo la pausa para almuerzo) | O2: ¿La duración total de las tareas repetitivas no excede las 4 horas totales dentro de la jornada laboral? | P2: Condición Aceptable | Q2: ¿Las acciones técnicas del miembro superior son tan rápidas que no se pueden contar con una simple observación directa? | R2: Uno o ambos brazos están realizando la tarea con el codo sobre el nivel del hombro por el 50% o más, del tiempo total de trabajo repetitivo | S2: ¿Se utiliza agarre en “pinza" (o todo tipo de tomada usando las puntas de los dedos) por más del 80% de la duración total del trabajo repetitivo? | T2: ¿Se aplica fuerza máxima por el trabajador (esfuerzo percibido = 5 o más en la Escala de Borg CR-10) por 10% o más del tiempo total de la tarea repetitiva? | U2: ¿No hay más de una pausa (Incluyendo el almuerzo) en un turno de 8 horas? | V2: ¿La duración total de las tareas repetitivas excede 4 horas totales dentro de la jornada laboral? | W2: Condición Crítica | X2: Fecha aplicación identificación avanzada | Y2: Medidas de control (administrativas) | Z2: Medidas de control (Ingeniería) | AA2: Responsable aplicación medida | AB2: Fecha de implementación medidas (Max 90 días) | AC2: Evidencia
A3: =Inicial!A3 -> 1 | B3: =Inicial!B3 -> Faenación | C3: =Inicial!C3 -> Colgado | D3: =Inicial!D3 -> Colgado de aves | E3: =IF(Inicial!J3="SI",Inicial!E3,"N/A") -> 03:35 a 11:50 - 11:50 a 21:10 | F3: =IF(Inicial!J3="SI",Inicial!F3,"N/A") -> N/A | G3: =IF(Inicial!J3="SI",Inicial!G3,"N/A") -> 2 | H3: =IF(Inicial!J3="SI",Inicial!H3,"N/A") -> 36 | I3: =IF(Inicial!J3="SI",Inicial!I3,"N/A") -> 0 | J3: NO | K3: SI | L3: SI | M3: SI | N3: SI | O3: SI | P3: =IF(OR(J3="NO",K3="NO",L3="NO",M3="NO",N3="NO",O3="NO"),"No Aceptable","Aceptable") -> No Aceptable | Q3: NO | R3: NO | S3: NO | T3: NO | U3: NO | V3: SI | W3: =IF(AND(Q3="NO",R3="NO",S3="NO",T3="NO",U3="NO",V3="NO"),"No Critico","Critico") -> Critico | Y3: Esto es una medida administrativa de ejemmplo | Z3: Esto es una medida Ingenieria de ejemmplo | AA3: Este es el responsable | AB3: 46023
A4: =Inicial!A4 -> 2 | B4: =Inicial!B4 -> Faenación | C4: =Inicial!C4 -> Colgado | D4: =Inicial!D4 -> Revision de contenedores | E4: =IF(Inicial!J4="SI",Inicial!E4,"N/A") -> 03:35 a 11:50 - 11:50 a 21:11 | F4: =IF(Inicial!J4="SI",Inicial!F4,"N/A") -> N/A | G4: =IF(Inicial!J4="SI",Inicial!G4,"N/A") -> 2 | H4: =IF(Inicial!J4="SI",Inicial!H4,"N/A") -> 36 | I4: =IF(Inicial!J4="SI",Inicial!I4,"N/A") -> 0 | J4: NO | K4: SI | L4: SI | M4: SI | N4: SI | O4: SI | P4: =IF(OR(J4="NO",K4="NO",L4="NO",M4="NO",N4="NO",O4="NO"),"No Aceptable","Aceptable") -> No Aceptable | Q4: NO | R4: NO | S4: NO | T4: NO | U4: NO | V4: NO | W4: =IF(AND(Q4="NO",R4="NO",S4="NO",T4="NO",U4="NO",V4="NO"),"No Critico","Critico") -> No Critico | X4: 45566
A5: =Inicial!A5 -> 3 | B5: =Inicial!B5 -> Faenación | C5: =Inicial!C5 -> Colgado | D5: =Inicial!D5 -> Extracción de pollo mortecino | E5: =IF(Inicial!J5="SI",Inicial!E5,"N/A") -> 03:35 a 11:50 - 11:50 a 21:12 | F5: =IF(Inicial!J5="SI",Inicial!F5,"N/A") -> N/A | G5: =IF(Inicial!J5="SI",Inicial!G5,"N/A") -> 2 | H5: =IF(Inicial!J5="SI",Inicial!H5,"N/A") -> 36 | I5: =IF(Inicial!J5="SI",Inicial!I5,"N/A") -> 0 | J5: SI | K5: SI | L5: SI | M5: SI | N5: NO | O5: SI | P5: =IF(OR(J5="NO",K5="NO",L5="NO",M5="NO",N5="NO",O5="NO"),"No Aceptable","Aceptable") -> No Aceptable | Q5: NO | R5: NO | S5: NO | T5: NO | U5: NO | V5: NO | W5: =IF(AND(Q5="NO",R5="NO",S5="NO",T5="NO",U5="NO",V5="NO"),"No Critico","Critico") -> No Critico | X5: 45566
A6: =Inicial!A6 -> 4 | B6: =Inicial!B6 -> Faenación | C6: =Inicial!C6 -> Colgado | D6: =Inicial!D6 -> Gruero | E6: =IF(Inicial!J6="SI",Inicial!E6,"N/A") -> N/A | F6: =IF(Inicial!J6="SI",Inicial!F6,"N/A") -> N/A | G6: =IF(Inicial!J6="SI",Inicial!G6,"N/A") -> N/A | H6: =IF(Inicial!J6="SI",Inicial!H6,"N/A") -> N/A | I6: =IF(Inicial!J6="SI",Inicial!I6,"N/A") -> N/A | P6: =IF(OR(J6="NO",K6="NO",L6="NO",M6="NO",N6="NO",O6="NO"),"No Aceptable","Aceptable") -> Aceptable | W6: =IF(AND(Q6="NO",R6="NO",S6="NO",T6="NO",U6="NO",V6="NO"),"No Critico","Critico") -> Critico
A7: =Inicial!A7 -> 5 | B7: =Inicial!B7 -> Faenación | C7: =Inicial!C7 -> Colgado | D7: =Inicial!D7 -> Jefe de línea | E7: =IF(Inicial!J7="SI",Inicial!E7,"N/A") -> N/A | F7: =IF(Inicial!J7="SI",Inicial!F7,"N/A") -> N/A | G7: =IF(Inicial!J7="SI",Inicial!G7,"N/A") -> N/A | H7: =IF(Inicial!J7="SI",Inicial!H7,"N/A") -> N/A | I7: =IF(Inicial!J7="SI",Inicial!I7,"N/A") -> N/A | P7: =IF(OR(J7="NO",K7="NO",L7="NO",M7="NO",N7="NO",O7="NO"),"No Aceptable","Aceptable") -> Aceptable | W7: =IF(AND(Q7="NO",R7="NO",S7="NO",T7="NO",U7="NO",V7="NO"),"No Critico","Critico") -> Critico
A8: =Inicial!A8 -> 6 | B8: =Inicial!B8 -> Faenación | C8: =Inicial!C8 -> Colgado | D8: =Inicial!D8 -> Secretario | E8: =IF(Inicial!J8="SI",Inicial!E8,"N/A") -> N/A | F8: =IF(Inicial!J8="SI",Inicial!F8,"N/A") -> N/A | G8: =IF(Inicial!J8="SI",Inicial!G8,"N/A") -> N/A | H8: =IF(Inicial!J8="SI",Inicial!H8,"N/A") -> N/A | I8: =IF(Inicial!J8="SI",Inicial!I8,"N/A") -> N/A | P8: =IF(OR(J8="NO",K8="NO",L8="NO",M8="NO",N8="NO",O8="NO"),"No Aceptable","Aceptable") -> Aceptable | W8: =IF(AND(Q8="NO",R8="NO",S8="NO",T8="NO",U8="NO",V8="NO"),"No Critico","Critico") -> Critico
A9: =Inicial!A9 -> 7 | B9: =Inicial!B9 -> Faenación | C9: =Inicial!C9 -> Colgado | D9: =Inicial!D9 -> Recepcion de guia | E9: =IF(Inicial!J9="SI",Inicial!E9,"N/A") -> N/A | F9: =IF(Inicial!J9="SI",Inicial!F9,"N/A") -> N/A | G9: =IF(Inicial!J9="SI",Inicial!G9,"N/A") -> N/A | H9: =IF(Inicial!J9="SI",Inicial!H9,"N/A") -> N/A | I9: =IF(Inicial!J9="SI",Inicial!I9,"N/A") -> N/A | P9: =IF(OR(J9="NO",K9="NO",L9="NO",M9="NO",N9="NO",O9="NO"),"No Aceptable","Aceptable") -> Aceptable | W9: =IF(AND(Q9="NO",R9="NO",S9="NO",T9="NO",U9="NO",V9="NO"),"No Critico","Critico") -> Critico
A10: =Inicial!A10 -> 8 | B10: =Inicial!B10 -> Faenación | C10: =Inicial!C10 -> Colgado | D10: =Inicial!D10 -> Encargado de PC | E10: =IF(Inicial!J10="SI",Inicial!E10,"N/A") -> N/A | F10: =IF(Inicial!J10="SI",Inicial!F10,"N/A") -> N/A | G10: =IF(Inicial!J10="SI",Inicial!G10,"N/A") -> N/A | H10: =IF(Inicial!J10="SI",Inicial!H10,"N/A") -> N/A | I10: =IF(Inicial!J10="SI",Inicial!I10,"N/A") -> N/A | P10: =IF(OR(J10="NO",K10="NO",L10="NO",M10="NO",N10="NO",O10="NO"),"No Aceptable","Aceptable") -> Aceptable | W10: =IF(AND(Q10="NO",R10="NO",S10="NO",T10="NO",U10="NO",V10="NO"),"No Critico","Critico") -> Critico
A11: =Inicial!A11 -> 9 | B11: =Inicial!B11 -> Faenación | C11: =Inicial!C11 -> Sacrificio | D11: =Inicial!D11 -> Pollo Chico | E11: =IF(Inicial!J11="SI",Inicial!E11,"N/A") -> N/A | F11: =IF(Inicial!J11="SI",Inicial!F11,"N/A") -> N/A | G11: =IF(Inicial!J11="SI",Inicial!G11,"N/A") -> N/A | H11: =IF(Inicial!J11="SI",Inicial!H11,"N/A") -> N/A | I11: =IF(Inicial!J11="SI",Inicial!I11,"N/A") -> N/A | P11: =IF(OR(J11="NO",K11="NO",L11="NO",M11="NO",N11="NO",O11="NO"),"No Aceptable","Aceptable") -> Aceptable | W11: =IF(AND(Q11="NO",R11="NO",S11="NO",T11="NO",U11="NO",V11="NO"),"No Critico","Critico") -> Critico
A12: =Inicial!A12 -> 10 | B12: =Inicial!B12 -> Faenación | C12: =Inicial!C12 -> Sacrificio | D12: =Inicial!D12 -> Desgollador | E12: =IF(Inicial!J12="SI",Inicial!E12,"N/A") -> 03:30 - 11:50 / 11:50 - 21:15 | F12: =IF(Inicial!J12="SI",Inicial!F12,"N/A") -> N/A | G12: =IF(Inicial!J12="SI",Inicial!G12,"N/A") -> 2 | H12: =IF(Inicial!J12="SI",Inicial!H12,"N/A") -> 8 | I12: =IF(Inicial!J12="SI",Inicial!I12,"N/A") -> 2 | J12: NO | K12: SI | L12: SI | M12: SI | N12: NO | O12: SI | P12: =IF(OR(J12="NO",K12="NO",L12="NO",M12="NO",N12="NO",O12="NO"),"No Aceptable","Aceptable") -> No Aceptable | Q12: NO | R12: NO | S12: NO | T12: NO | U12: NO | V12: NO | W12: =IF(AND(Q12="NO",R12="NO",S12="NO",T12="NO",U12="NO",V12="NO"),"No Critico","Critico") -> No Critico
A13: =Inicial!A13 -> 11 | B13: =Inicial!B13 -> Faenación | C13: =Inicial!C13 -> Sacrificio | D13: =Inicial!D13 -> Repase de pluma | E13: =IF(Inicial!J13="SI",Inicial!E13,"N/A") -> 03:30 - 11:50 / 11:50 - 21:15 | F13: =IF(Inicial!J13="SI",Inicial!F13,"N/A") -> N/A | G13: =IF(Inicial!J13="SI",Inicial!G13,"N/A") -> 2 | H13: =IF(Inicial!J13="SI",Inicial!H13,"N/A") -> 8 | I13: =IF(Inicial!J13="SI",Inicial!I13,"N/A") -> 2 | J13: SI | K13: SI | L13: SI | M13: SI | N13: NO | O13: SI | P13: =IF(OR(J13="NO",K13="NO",L13="NO",M13="NO",N13="NO",O13="NO"),"No Aceptable","Aceptable") -> No Aceptable | Q13: NO | R13: NO | S13: NO | T13: NO | U13: NO | V13: NO | W13: =IF(AND(Q13="NO",R13="NO",S13="NO",T13="NO",U13="NO",V13="NO"),"No Critico","Critico") -> No Critico
A14: =Inicial!A14 -> 12 | B14: =Inicial!B14 -> Faenación | C14: =Inicial!C14 -> Eviscerado | D14: =Inicial!D14 -> Maquinista sacrificio | E14: =IF(Inicial!J14="SI",Inicial!E14,"N/A") -> N/A | F14: =IF(Inicial!J14="SI",Inicial!F14,"N/A") -> N/A | G14: =IF(Inicial!J14="SI",Inicial!G14,"N/A") -> N/A | H14: =IF(Inicial!J14="SI",Inicial!H14,"N/A") -> N/A | I14: =IF(Inicial!J14="SI",Inicial!I14,"N/A") -> N/A | P14: =IF(OR(J14="NO",K14="NO",L14="NO",M14="NO",N14="NO",O14="NO"),"No Aceptable","Aceptable") -> Aceptable | W14: =IF(AND(Q14="NO",R14="NO",S14="NO",T14="NO",U14="NO",V14="NO"),"No Critico","Critico") -> Critico
A15: =Inicial!A15 -> 13 | B15: =Inicial!B15 -> Faenación | C15: =Inicial!C15 -> Eviscerado | D15: =Inicial!D15 -> Maquinista eviscerado | E15: =IF(Inicial!J15="SI",Inicial!E15,"N/A") -> 03:30 - 11:50 / 11:50 - 21:15 | F15: =IF(Inicial!J15="SI",Inicial!F15,"N/A") -> N/A | G15: =IF(Inicial!J15="SI",Inicial!G15,"N/A") -> 2 | H15: =IF(Inicial!J15="SI",Inicial!H15,"N/A") -> 87 | I15: =IF(Inicial!J15="SI",Inicial!I15,"N/A") -> 28 | J15: SI | K15: SI | L15: SI | M15: SI | N15: SI | O15: SI | P15: =IF(OR(J15="NO",K15="NO",L15="NO",M15="NO",N15="NO",O15="NO"),"No Aceptable","Aceptable") -> Aceptable | W15: =IF(AND(Q15="NO",R15="NO",S15="NO",T15="NO",U15="NO",V15="NO"),"No Critico","Critico") -> Critico
A16: =Inicial!A16 -> 14 | B16: =Inicial!B16 -> Faenación | C16: =Inicial!C16 -> Eviscerado | D16: =Inicial!D16 -> Transferidor | E16: =IF(Inicial!J16="SI",Inicial!E16,"N/A") -> 03:30 - 11:50 / 11:50 - 21:15 | F16: =IF(Inicial!J16="SI",Inicial!F16,"N/A") -> N/A | G16: =IF(Inicial!J16="SI",Inicial!G16,"N/A") -> 2 | H16: =IF(Inicial!J16="SI",Inicial!H16,"N/A") -> 87 | I16: =IF(Inicial!J16="SI",Inicial!I16,"N/A") -> 28 | J16: SI | K16: SI | L16: SI | M16: SI | N16: NO | O16: SI | P16: =IF(OR(J16="NO",K16="NO",L16="NO",M16="NO",N16="NO",O16="NO"),"No Aceptable","Aceptable") -> No Aceptable | Q16: NO | R16: NO | S16: NO | T16: NO | U16: NO | V16: NO | W16: =IF(AND(Q16="NO",R16="NO",S16="NO",T16="NO",U16="NO",V16="NO"),"No Critico","Critico") -> No Critico
A17: =Inicial!A17 -> 15 | B17: =Inicial!B17 -> Faenación | C17: =Inicial!C17 -> Eviscerado | D17: =Inicial!D17 -> Expurgo Visceras | E17: =IF(Inicial!J17="SI",Inicial!E17,"N/A") -> 03:30 - 11:50 / 11:50 - 21:15 | F17: =IF(Inicial!J17="SI",Inicial!F17,"N/A") -> N/A | G17: =IF(Inicial!J17="SI",Inicial!G17,"N/A") -> 2 | H17: =IF(Inicial!J17="SI",Inicial!H17,"N/A") -> 87 | I17: =IF(Inicial!J17="SI",Inicial!I17,"N/A") -> 28 | J17: NO | K17: SI | L17: SI | M17: SI | N17: NO | O17: SI | P17: =IF(OR(J17="NO",K17="NO",L17="NO",M17="NO",N17="NO",O17="NO"),"No Aceptable","Aceptable") -> No Aceptable | Q17: NO | R17: NO | S17: NO | T17: NO | U17: NO | V17: NO | W17: =IF(AND(Q17="NO",R17="NO",S17="NO",T17="NO",U17="NO",V17="NO"),"No Critico","Critico") -> No Critico
A18: =Inicial!A18 -> 16 | B18: =Inicial!B18 -> Faenación | C18: =Inicial!C18 -> Eviscerado | D18: =Inicial!D18 -> Repaso de contre | E18: =IF(Inicial!J18="SI",Inicial!E18,"N/A") -> 03:30 - 11:50 / 11:50 - 21:15 | F18: =IF(Inicial!J18="SI",Inicial!F18,"N/A") -> N/A | G18: =IF(Inicial!J18="SI",Inicial!G18,"N/A") -> 2 | H18: =IF(Inicial!J18="SI",Inicial!H18,"N/A") -> 87 | I18: =IF(Inicial!J18="SI",Inicial!I18,"N/A") -> 28 | J18: NO | K18: SI | L18: SI | M18: SI | N18: NO | O18: SI | P18: =IF(OR(J18="NO",K18="NO",L18="NO",M18="NO",N18="NO",O18="NO"),"No Aceptable","Aceptable") -> No Aceptable | Q18: NO | R18: NO | S18: NO | T18: NO | U18: NO | V18: NO | W18: =IF(AND(Q18="NO",R18="NO",S18="NO",T18="NO",U18="NO",V18="NO"),"No Critico","Critico") -> No Critico
A19: =Inicial!A19 -> 17 | B19: =Inicial!B19 -> Faenación | C19: =Inicial!C19 -> Eviscerado | D19: =Inicial!D19 -> Panas | E19: =IF(Inicial!J19="SI",Inicial!E19,"N/A") -> 03:30 - 11:50 / 11:50 - 21:15 | F19: =IF(Inicial!J19="SI",Inicial!F19,"N/A") -> N/A | G19: =IF(Inicial!J19="SI",Inicial!G19,"N/A") -> 2 | H19: =IF(Inicial!J19="SI",Inicial!H19,"N/A") -> 87 | I19: =IF(Inicial!J19="SI",Inicial!I19,"N/A") -> 28 | J19: NO | K19: SI | L19: SI | M19: SI | N19: NO | O19: SI | P19: =IF(OR(J19="NO",K19="NO",L19="NO",M19="NO",N19="NO",O19="NO"),"No Aceptable","Aceptable") -> No Aceptable | Q19: NO | R19: NO | S19: NO | T19: NO | U19: NO | V19: NO | W19: =IF(AND(Q19="NO",R19="NO",S19="NO",T19="NO",U19="NO",V19="NO"),"No Critico","Critico") -> No Critico
A20: =Inicial!A20 -> 18 | B20: =Inicial!B20 -> Faenación | C20: =Inicial!C20 -> Eviscerado | D20: =Inicial!D20 -> Expurgo Inscision | E20: =IF(Inicial!J20="SI",Inicial!E20,"N/A") -> 03:30 - 11:50 / 11:50 - 21:15 | F20: =IF(Inicial!J20="SI",Inicial!F20,"N/A") -> N/A | G20: =IF(Inicial!J20="SI",Inicial!G20,"N/A") -> 2 | H20: =IF(Inicial!J20="SI",Inicial!H20,"N/A") -> 87 | I20: =IF(Inicial!J20="SI",Inicial!I20,"N/A") -> 28 | J20: NO | K20: SI | L20: SI | M20: SI | N20: NO | O20: SI | P20: =IF(OR(J20="NO",K20="NO",L20="NO",M20="NO",N20="NO",O20="NO"),"No Aceptable","Aceptable") -> No Aceptable | Q20: NO | R20: NO | S20: NO | T20: NO | U20: NO | V20: NO | W20: =IF(AND(Q20="NO",R20="NO",S20="NO",T20="NO",U20="NO",V20="NO"),"No Critico","Critico") -> No Critico
A21: =Inicial!A21 -> 19 | B21: =Inicial!B21 -> Faenación | C21: =Inicial!C21 -> Eviscerado | D21: =Inicial!D21 -> Lavado/ Aspirado | E21: =IF(Inicial!J21="SI",Inicial!E21,"N/A") -> 03:30 - 11:50 / 11:50 - 21:15 | F21: =IF(Inicial!J21="SI",Inicial!F21,"N/A") -> N/A | G21: =IF(Inicial!J21="SI",Inicial!G21,"N/A") -> 2 | H21: =IF(Inicial!J21="SI",Inicial!H21,"N/A") -> 87 | I21: =IF(Inicial!J21="SI",Inicial!I21,"N/A") -> 28 | J21: NO | K21: SI | L21: SI | M21: SI | N21: NO | O21: SI | P21: =IF(OR(J21="NO",K21="NO",L21="NO",M21="NO",N21="NO",O21="NO"),"No Aceptable","Aceptable") -> No Aceptable | Q21: NO | R21: NO | S21: NO | T21: NO | U21: NO | V21: NO | W21: =IF(AND(Q21="NO",R21="NO",S21="NO",T21="NO",U21="NO",V21="NO"),"No Critico","Critico") -> No Critico
A22: =Inicial!A22 -> 20 | B22: =Inicial!B22 -> Faenación | C22: =Inicial!C22 -> Eviscerado | D22: =Inicial!D22 -> Repase de visceras | E22: =IF(Inicial!J22="SI",Inicial!E22,"N/A") -> N/A | F22: =IF(Inicial!J22="SI",Inicial!F22,"N/A") -> N/A | G22: =IF(Inicial!J22="SI",Inicial!G22,"N/A") -> N/A | H22: =IF(Inicial!J22="SI",Inicial!H22,"N/A") -> N/A | I22: =IF(Inicial!J22="SI",Inicial!I22,"N/A") -> N/A | P22: =IF(OR(J22="NO",K22="NO",L22="NO",M22="NO",N22="NO",O22="NO"),"No Aceptable","Aceptable") -> Aceptable | W22: =IF(AND(Q22="NO",R22="NO",S22="NO",T22="NO",U22="NO",V22="NO"),"No Critico","Critico") -> Critico
A23: =Inicial!A23 -> 21 | B23: =Inicial!B23 -> Faenación | C23: =Inicial!C23 -> Eviscerado | D23: =Inicial!D23 -> Recolgado | E23: =IF(Inicial!J23="SI",Inicial!E23,"N/A") -> 03:30 - 11:50 / 11:50 - 21:15 | F23: =IF(Inicial!J23="SI",Inicial!F23,"N/A") -> N/A | G23: =IF(Inicial!J23="SI",Inicial!G23,"N/A") -> 2 | H23: =IF(Inicial!J23="SI",Inicial!H23,"N/A") -> 87 | I23: =IF(Inicial!J23="SI",Inicial!I23,"N/A") -> 28 | J23: SI | K23: SI | L23: SI | M23: SI | N23: NO | O23: SI | P23: =IF(OR(J23="NO",K23="NO",L23="NO",M23="NO",N23="NO",O23="NO"),"No Aceptable","Aceptable") -> No Aceptable | Q23: NO | R23: NO | S23: NO | T23: NO | U23: NO | V23: NO | W23: =IF(AND(Q23="NO",R23="NO",S23="NO",T23="NO",U23="NO",V23="NO"),"No Critico","Critico") -> No Critico
A24: =Inicial!A24 -> 22 | B24: =Inicial!B24 -> Faenación | C24: =Inicial!C24 -> Eviscerado | D24: =Inicial!D24 -> Expurgo de Ala | E24: =IF(Inicial!J24="SI",Inicial!E24,"N/A") -> 03:30 - 11:50 / 11:50 - 21:15 | F24: =IF(Inicial!J24="SI",Inicial!F24,"N/A") -> N/A | G24: =IF(Inicial!J24="SI",Inicial!G24,"N/A") -> 2 | H24: =IF(Inicial!J24="SI",Inicial!H24,"N/A") -> 87 | I24: =IF(Inicial!J24="SI",Inicial!I24,"N/A") -> 28 | J24: NO | K24: SI | L24: SI | M24: SI | N24: NO | O24: SI | P24: =IF(OR(J24="NO",K24="NO",L24="NO",M24="NO",N24="NO",O24="NO"),"No Aceptable","Aceptable") -> No Aceptable | Q24: NO | R24: NO | S24: NO | T24: NO | U24: NO | V24: NO | W24: =IF(AND(Q24="NO",R24="NO",S24="NO",T24="NO",U24="NO",V24="NO"),"No Critico","Critico") -> No Critico
A25: =Inicial!A25 -> 23 | B25: =Inicial!B25 -> Faenación | C25: =Inicial!C25 -> Eviscerado | D25: =Inicial!D25 -> Punto de inspeccion | E25: =IF(Inicial!J25="SI",Inicial!E25,"N/A") -> 03:30 - 11:50 / 11:50 - 21:15 | F25: =IF(Inicial!J25="SI",Inicial!F25,"N/A") -> N/A | G25: =IF(Inicial!J25="SI",Inicial!G25,"N/A") -> 2 | H25: =IF(Inicial!J25="SI",Inicial!H25,"N/A") -> 87 | I25: =IF(Inicial!J25="SI",Inicial!I25,"N/A") -> 28 | J25: SI | K25: SI | L25: SI | M25: SI | N25: NO | O25: SI | P25: =IF(OR(J25="NO",K25="NO",L25="NO",M25="NO",N25="NO",O25="NO"),"No Aceptable","Aceptable") -> No Aceptable | Q25: NO | R25: NO | S25: NO | T25: NO | U25: NO | V25: NO | W25: =IF(AND(Q25="NO",R25="NO",S25="NO",T25="NO",U25="NO",V25="NO"),"No Critico","Critico") -> No Critico
A26: =Inicial!A26 -> 24 | B26: =Inicial!B26 -> Faenación | C26: =Inicial!C26 -> Eviscerado | D26: =Inicial!D26 -> Revision post lavadora | E26: =IF(Inicial!J26="SI",Inicial!E26,"N/A") -> 03:30 - 11:50 / 11:50 - 21:15 | F26: =IF(Inicial!J26="SI",Inicial!F26,"N/A") -> N/A | G26: =IF(Inicial!J26="SI",Inicial!G26,"N/A") -> 2 | H26: =IF(Inicial!J26="SI",Inicial!H26,"N/A") -> 87 | I26: =IF(Inicial!J26="SI",Inicial!I26,"N/A") -> 28 | J26: SI | K26: SI | L26: SI | M26: SI | N26: NO | O26: SI | P26: =IF(OR(J26="NO",K26="NO",L26="NO",M26="NO",N26="NO",O26="NO"),"No Aceptable","Aceptable") -> No Aceptable | Q26: NO | R26: NO | S26: NO | T26: NO | U26: NO | V26: NO | W26: =IF(AND(Q26="NO",R26="NO",S26="NO",T26="NO",U26="NO",V26="NO"),"No Critico","Critico") -> No Critico
A27: =Inicial!A27 -> 25 | B27: =Inicial!B27 -> Faenación | C27: =Inicial!C27 -> Eviscerado | D27: =Inicial!D27 -> Recuperacion de peritonitis | E27: =IF(Inicial!J27="SI",Inicial!E27,"N/A") -> 03:30 - 11:50 / 11:50 - 21:15 | F27: =IF(Inicial!J27="SI",Inicial!F27,"N/A") -> N/A | G27: =IF(Inicial!J27="SI",Inicial!G27,"N/A") -> 2 | H27: =IF(Inicial!J27="SI",Inicial!H27,"N/A") -> 87 | I27: =IF(Inicial!J27="SI",Inicial!I27,"N/A") -> 28 | J27: SI | K27: SI | L27: SI | M27: SI | N27: SI | O27: SI | P27: =IF(OR(J27="NO",K27="NO",L27="NO",M27="NO",N27="NO",O27="NO"),"No Aceptable","Aceptable") -> Aceptable | W27: =IF(AND(Q27="NO",R27="NO",S27="NO",T27="NO",U27="NO",V27="NO"),"No Critico","Critico") -> Critico
A28: =Inicial!A28 -> 26 | B28: =Inicial!B28 -> Faenación | C28: =Inicial!C28 -> Eviscerado | D28: =Inicial!D28 -> Decomiso | E28: =IF(Inicial!J28="SI",Inicial!E28,"N/A") -> N/A | F28: =IF(Inicial!J28="SI",Inicial!F28,"N/A") -> N/A | G28: =IF(Inicial!J28="SI",Inicial!G28,"N/A") -> N/A | H28: =IF(Inicial!J28="SI",Inicial!H28,"N/A") -> N/A | I28: =IF(Inicial!J28="SI",Inicial!I28,"N/A") -> N/A | J28: SI | K28: SI | L28: SI | M28: SI | N28: SI | O28: SI | P28: =IF(OR(J28="NO",K28="NO",L28="NO",M28="NO",N28="NO",O28="NO"),"No Aceptable","Aceptable") -> Aceptable | Q28: NO | R28: NO | S28: NO | T28: NO | U28: NO | V28: NO | W28: =IF(AND(Q28="NO",R28="NO",S28="NO",T28="NO",U28="NO",V28="NO"),"No Critico","Critico") -> No Critico
A29: =Inicial!A29 -> 27 | B29: =Inicial!B29 -> Faenación | C29: =Inicial!C29 -> Eviscerado | D29: =Inicial!D29 -> Auroceculitis | E29: =IF(Inicial!J29="SI",Inicial!E29,"N/A") -> 03:30 - 11:50 / 11:50 - 21:15 | F29: =IF(Inicial!J29="SI",Inicial!F29,"N/A") -> N/A | G29: =IF(Inicial!J29="SI",Inicial!G29,"N/A") -> 2 | H29: =IF(Inicial!J29="SI",Inicial!H29,"N/A") -> 87 | I29: =IF(Inicial!J29="SI",Inicial!I29,"N/A") -> 28 | J29: NO | K29: SI | L29: SI | M29: SI | N29: SI | O29: SI | P29: =IF(OR(J29="NO",K29="NO",L29="NO",M29="NO",N29="NO",O29="NO"),"No Aceptable","Aceptable") -> No Aceptable | Q29: NO | R29: NO | S29: NO | T29: NO | U29: NO | V29: NO | W29: =IF(AND(Q29="NO",R29="NO",S29="NO",T29="NO",U29="NO",V29="NO"),"No Critico","Critico") -> No Critico
A30: =Inicial!A30 -> 28 | B30: =Inicial!B30 -> Faenación | C30: =Inicial!C30 -> Eviscerado | D30: =Inicial!D30 -> Jefe de línea | E30: =IF(Inicial!J30="SI",Inicial!E30,"N/A") -> N/A | F30: =IF(Inicial!J30="SI",Inicial!F30,"N/A") -> N/A | G30: =IF(Inicial!J30="SI",Inicial!G30,"N/A") -> N/A | H30: =IF(Inicial!J30="SI",Inicial!H30,"N/A") -> N/A | I30: =IF(Inicial!J30="SI",Inicial!I30,"N/A") -> N/A | P30: =IF(OR(J30="NO",K30="NO",L30="NO",M30="NO",N30="NO",O30="NO"),"No Aceptable","Aceptable") -> Aceptable | W30: =IF(AND(Q30="NO",R30="NO",S30="NO",T30="NO",U30="NO",V30="NO"),"No Critico","Critico") -> Critico
A31: =Inicial!A31 -> 29 | B31: =Inicial!B31 -> Faenación | C31: =Inicial!C31 -> Eviscerado | D31: =Inicial!D31 -> Supervisor | E31: =IF(Inicial!J31="SI",Inicial!E31,"N/A") -> 03:30 - 11:50 / 11:50 - 21:15 | F31: =IF(Inicial!J31="SI",Inicial!F31,"N/A") -> N/A | G31: =IF(Inicial!J31="SI",Inicial!G31,"N/A") -> 2 | H31: =IF(Inicial!J31="SI",Inicial!H31,"N/A") -> 87 | I31: =IF(Inicial!J31="SI",Inicial!I31,"N/A") -> 28 | J31: SI | K31: SI | L31: SI | M31: SI | N31: SI | O31: SI | P31: =IF(OR(J31="NO",K31="NO",L31="NO",M31="NO",N31="NO",O31="NO"),"No Aceptable","Aceptable") -> Aceptable | W31: =IF(AND(Q31="NO",R31="NO",S31="NO",T31="NO",U31="NO",V31="NO"),"No Critico","Critico") -> Critico
A32: =Inicial!A32 -> 30 | B32: =Inicial!B32 -> Faenación | C32: =Inicial!C32 -> Garras | D32: =Inicial!D32 -> Cinta Decomiso | E32: =IF(Inicial!J32="SI",Inicial!E32,"N/A") -> 04:05 - 12:25 / 12:15 A 21:45 | F32: =IF(Inicial!J32="SI",Inicial!F32,"N/A") -> N/A | G32: =IF(Inicial!J32="SI",Inicial!G32,"N/A") -> 2 | H32: =IF(Inicial!J32="SI",Inicial!H32,"N/A") -> 23 | I32: =IF(Inicial!J32="SI",Inicial!I32,"N/A") -> 17 | J32: NO | K32: SI | L32: SI | M32: SI | N32: SI | O32: SI | P32: =IF(OR(J32="NO",K32="NO",L32="NO",M32="NO",N32="NO",O32="NO"),"No Aceptable","Aceptable") -> No Aceptable | Q32: NO | R32: NO | S32: NO | T32: NO | U32: NO | V32: NO | W32: =IF(AND(Q32="NO",R32="NO",S32="NO",T32="NO",U32="NO",V32="NO"),"No Critico","Critico") -> No Critico
A33: =Inicial!A33 -> 31 | B33: =Inicial!B33 -> Faenación | C33: =Inicial!C33 -> Garras | D33: =Inicial!D33 -> Embolsado Tolva/Seleccionador de Garras en Tolva | E33: =IF(Inicial!J33="SI",Inicial!E33,"N/A") -> 04:05 - 12:25 / 12:15 A 21:45 | F33: =IF(Inicial!J33="SI",Inicial!F33,"N/A") -> N/A | G33: =IF(Inicial!J33="SI",Inicial!G33,"N/A") -> 2 | H33: =IF(Inicial!J33="SI",Inicial!H33,"N/A") -> 23 | I33: =IF(Inicial!J33="SI",Inicial!I33,"N/A") -> 17 | J33: NO | K33: SI | L33: SI | M33: SI | N33: SI | O33: SI | P33: =IF(OR(J33="NO",K33="NO",L33="NO",M33="NO",N33="NO",O33="NO"),"No Aceptable","Aceptable") -> No Aceptable | Q33: NO | R33: NO | S33: NO | T33: NO | U33: NO | V33: NO | W33: =IF(AND(Q33="NO",R33="NO",S33="NO",T33="NO",U33="NO",V33="NO"),"No Critico","Critico") -> No Critico
A34: =Inicial!A34 -> 32 | B34: =Inicial!B34 -> Faenación | C34: =Inicial!C34 -> Garras | D34: =Inicial!D34 -> Pesador de garras | E34: =IF(Inicial!J34="SI",Inicial!E34,"N/A") -> 04:05 - 12:25 / 12:15 A 21:45 | F34: =IF(Inicial!J34="SI",Inicial!F34,"N/A") -> N/A | G34: =IF(Inicial!J34="SI",Inicial!G34,"N/A") -> 2 | H34: =IF(Inicial!J34="SI",Inicial!H34,"N/A") -> 23 | I34: =IF(Inicial!J34="SI",Inicial!I34,"N/A") -> 17 | J34: NO | K34: SI | L34: SI | M34: SI | N34: SI | O34: SI | P34: =IF(OR(J34="NO",K34="NO",L34="NO",M34="NO",N34="NO",O34="NO"),"No Aceptable","Aceptable") -> No Aceptable | Q34: NO | R34: NO | S34: NO | T34: NO | U34: NO | V34: NO | W34: =IF(AND(Q34="NO",R34="NO",S34="NO",T34="NO",U34="NO",V34="NO"),"No Critico","Critico") -> No Critico
A35: =Inicial!A35 -> 33 | B35: =Inicial!B35 -> Faenación | C35: =Inicial!C35 -> Garras | D35: =Inicial!D35 -> Repaso de callos | E35: =IF(Inicial!J35="SI",Inicial!E35,"N/A") -> 04:05 - 12:25 / 12:15 A 21:45 | F35: =IF(Inicial!J35="SI",Inicial!F35,"N/A") -> N/A | G35: =IF(Inicial!J35="SI",Inicial!G35,"N/A") -> 2 | H35: =IF(Inicial!J35="SI",Inicial!H35,"N/A") -> 23 | I35: =IF(Inicial!J35="SI",Inicial!I35,"N/A") -> 17 | J35: SI | K35: SI | L35: SI | M35: SI | N35: SI | O35: SI | P35: =IF(OR(J35="NO",K35="NO",L35="NO",M35="NO",N35="NO",O35="NO"),"No Aceptable","Aceptable") -> Aceptable | Q35: NO | R35: NO | S35: NO | T35: NO | U35: NO | V35: NO | W35: =IF(AND(Q35="NO",R35="NO",S35="NO",T35="NO",U35="NO",V35="NO"),"No Critico","Critico") -> No Critico
A36: =Inicial!A36 -> 34 | B36: =Inicial!B36 -> Faenación | C36: =Inicial!C36 -> Garras | D36: =Inicial!D36 -> Traslado de Garra Larga | E36: =IF(Inicial!J36="SI",Inicial!E36,"N/A") -> N/A | F36: =IF(Inicial!J36="SI",Inicial!F36,"N/A") -> N/A | G36: =IF(Inicial!J36="SI",Inicial!G36,"N/A") -> N/A | H36: =IF(Inicial!J36="SI",Inicial!H36,"N/A") -> N/A | I36: =IF(Inicial!J36="SI",Inicial!I36,"N/A") -> N/A | J36: SI | K36: SI | L36: SI | M36: SI | N36: SI | O36: SI | P36: =IF(OR(J36="NO",K36="NO",L36="NO",M36="NO",N36="NO",O36="NO"),"No Aceptable","Aceptable") -> Aceptable | W36: =IF(AND(Q36="NO",R36="NO",S36="NO",T36="NO",U36="NO",V36="NO"),"No Critico","Critico") -> Critico
A37: =Inicial!A37 -> 35 | B37: =Inicial!B37 -> Faenación | C37: =Inicial!C37 -> Garras | D37: =Inicial!D37 -> Seleccionador de garra | E37: =IF(Inicial!J37="SI",Inicial!E37,"N/A") -> 04:05 - 12:25 / 12:15 A 21:45 | F37: =IF(Inicial!J37="SI",Inicial!F37,"N/A") -> N/A | G37: =IF(Inicial!J37="SI",Inicial!G37,"N/A") -> 2 | H37: =IF(Inicial!J37="SI",Inicial!H37,"N/A") -> 23 | I37: =IF(Inicial!J37="SI",Inicial!I37,"N/A") -> 17 | J37: NO | K37: SI | L37: SI | M37: SI | N37: SI | O37: SI | P37: =IF(OR(J37="NO",K37="NO",L37="NO",M37="NO",N37="NO",O37="NO"),"No Aceptable","Aceptable") -> No Aceptable | Q37: NO | R37: NO | S37: NO | T37: NO | U37: NO | V37: NO | W37: =IF(AND(Q37="NO",R37="NO",S37="NO",T37="NO",U37="NO",V37="NO"),"No Critico","Critico") -> No Critico
A38: =Inicial!A38 -> 36 | B38: =Inicial!B38 -> Faenación | C38: =Inicial!C38 -> Garras | D38: =Inicial!D38 -> Embalando garras | E38: =IF(Inicial!J38="SI",Inicial!E38,"N/A") -> 04:05 - 12:25 / 12:15 A 21:45 | F38: =IF(Inicial!J38="SI",Inicial!F38,"N/A") -> N/A | G38: =IF(Inicial!J38="SI",Inicial!G38,"N/A") -> 2 | H38: =IF(Inicial!J38="SI",Inicial!H38,"N/A") -> 23 | I38: =IF(Inicial!J38="SI",Inicial!I38,"N/A") -> 17 | J38: SI | K38: SI | L38: SI | M38: SI | N38: SI | O38: SI | P38: =IF(OR(J38="NO",K38="NO",L38="NO",M38="NO",N38="NO",O38="NO"),"No Aceptable","Aceptable") -> Aceptable | W38: =IF(AND(Q38="NO",R38="NO",S38="NO",T38="NO",U38="NO",V38="NO"),"No Critico","Critico") -> Critico
A39: =Inicial!A39 -> 37 | B39: =Inicial!B39 -> Faenación | C39: =Inicial!C39 -> Garras | D39: =Inicial!D39 -> Cortadora de garra larga | E39: =IF(Inicial!J39="SI",Inicial!E39,"N/A") -> 04:05 - 12:25 / 12:15 A 21:45 | F39: =IF(Inicial!J39="SI",Inicial!F39,"N/A") -> N/A | G39: =IF(Inicial!J39="SI",Inicial!G39,"N/A") -> 2 | H39: =IF(Inicial!J39="SI",Inicial!H39,"N/A") -> 23 | I39: =IF(Inicial!J39="SI",Inicial!I39,"N/A") -> 17 | J39: NO | K39: SI | L39: SI | M39: SI | N39: SI | O39: SI | P39: =IF(OR(J39="NO",K39="NO",L39="NO",M39="NO",N39="NO",O39="NO"),"No Aceptable","Aceptable") -> No Aceptable | Q39: NO | R39: NO | S39: NO | T39: NO | U39: NO | V39: NO | W39: =IF(AND(Q39="NO",R39="NO",S39="NO",T39="NO",U39="NO",V39="NO"),"No Critico","Critico") -> No Critico
A40: =Inicial!A40 -> 38 | B40: =Inicial!B40 -> Faenación | C40: =Inicial!C40 -> Garras | D40: =Inicial!D40 -> Etiquetado en mesa de embalaje | E40: =IF(Inicial!J40="SI",Inicial!E40,"N/A") -> N/A | F40: =IF(Inicial!J40="SI",Inicial!F40,"N/A") -> N/A | G40: =IF(Inicial!J40="SI",Inicial!G40,"N/A") -> N/A | H40: =IF(Inicial!J40="SI",Inicial!H40,"N/A") -> N/A | I40: =IF(Inicial!J40="SI",Inicial!I40,"N/A") -> N/A | J40: SI | K40: SI | L40: SI | M40: SI | N40: SI | O40: SI | P40: =IF(OR(J40="NO",K40="NO",L40="NO",M40="NO",N40="NO",O40="NO"),"No Aceptable","Aceptable") -> Aceptable | W40: =IF(AND(Q40="NO",R40="NO",S40="NO",T40="NO",U40="NO",V40="NO"),"No Critico","Critico") -> Critico
A41: =Inicial!A41 -> 39 | B41: =Inicial!B41 -> Faenación | C41: =Inicial!C41 -> Garras | D41: =Inicial!D41 -> Nudillos | E41: =IF(Inicial!J41="SI",Inicial!E41,"N/A") -> 04:05 - 12:25 / 12:15 A 21:45 | F41: =IF(Inicial!J41="SI",Inicial!F41,"N/A") -> N/A | G41: =IF(Inicial!J41="SI",Inicial!G41,"N/A") -> 2 | H41: =IF(Inicial!J41="SI",Inicial!H41,"N/A") -> 23 | I41: =IF(Inicial!J41="SI",Inicial!I41,"N/A") -> 17 | J41: NO | K41: SI | L41: SI | M41: SI | N41: SI | O41: SI | P41: =IF(OR(J41="NO",K41="NO",L41="NO",M41="NO",N41="NO",O41="NO"),"No Aceptable","Aceptable") -> No Aceptable | Q41: NO | R41: NO | S41: NO | T41: NO | U41: NO | V41: NO | W41: =IF(AND(Q41="NO",R41="NO",S41="NO",T41="NO",U41="NO",V41="NO"),"No Critico","Critico") -> No Critico
A42: =Inicial!A42 -> 40 | B42: =Inicial!B42 -> Faenación | C42: =Inicial!C42 -> Garras | D42: =Inicial!D42 -> Pesador de nudillos | E42: =IF(Inicial!J42="SI",Inicial!E42,"N/A") -> 04:05 - 12:25 / 12:15 A 21:45 | F42: =IF(Inicial!J42="SI",Inicial!F42,"N/A") -> N/A | G42: =IF(Inicial!J42="SI",Inicial!G42,"N/A") -> 2 | H42: =IF(Inicial!J42="SI",Inicial!H42,"N/A") -> 23 | I42: =IF(Inicial!J42="SI",Inicial!I42,"N/A") -> 17 | J42: NO | K42: SI | L42: SI | M42: SI | N42: SI | O42: SI | P42: =IF(OR(J42="NO",K42="NO",L42="NO",M42="NO",N42="NO",O42="NO"),"No Aceptable","Aceptable") -> No Aceptable | Q42: NO | R42: NO | S42: NO | T42: NO | U42: NO | V42: NO | W42: =IF(AND(Q42="NO",R42="NO",S42="NO",T42="NO",U42="NO",V42="NO"),"No Critico","Critico") -> No Critico
A43: =Inicial!A43 -> 41 | B43: =Inicial!B43 -> Faenación | C43: =Inicial!C43 -> Garras | D43: =Inicial!D43 -> Maquinista Garras | E43: =IF(Inicial!J43="SI",Inicial!E43,"N/A") -> N/A | F43: =IF(Inicial!J43="SI",Inicial!F43,"N/A") -> N/A | G43: =IF(Inicial!J43="SI",Inicial!G43,"N/A") -> N/A | H43: =IF(Inicial!J43="SI",Inicial!H43,"N/A") -> N/A | I43: =IF(Inicial!J43="SI",Inicial!I43,"N/A") -> N/A | P43: =IF(OR(J43="NO",K43="NO",L43="NO",M43="NO",N43="NO",O43="NO"),"No Aceptable","Aceptable") -> Aceptable | W43: =IF(AND(Q43="NO",R43="NO",S43="NO",T43="NO",U43="NO",V43="NO"),"No Critico","Critico") -> Critico
A44: =Inicial!A44 -> 42 | B44: =Inicial!B44 -> Faenación | C44: =Inicial!C44 -> Garras | D44: =Inicial!D44 -> Jefe de Línea | E44: =IF(Inicial!J44="SI",Inicial!E44,"N/A") -> N/A | F44: =IF(Inicial!J44="SI",Inicial!F44,"N/A") -> N/A | G44: =IF(Inicial!J44="SI",Inicial!G44,"N/A") -> N/A | H44: =IF(Inicial!J44="SI",Inicial!H44,"N/A") -> N/A | I44: =IF(Inicial!J44="SI",Inicial!I44,"N/A") -> N/A | P44: =IF(OR(J44="NO",K44="NO",L44="NO",M44="NO",N44="NO",O44="NO"),"No Aceptable","Aceptable") -> Aceptable | W44: =IF(AND(Q44="NO",R44="NO",S44="NO",T44="NO",U44="NO",V44="NO"),"No Critico","Critico") -> Critico
A45: =Inicial!A45 -> 43 | B45: =Inicial!B45 -> Faenación | C45: =Inicial!C45 -> Empaque - Chiller | D45: =Inicial!D45 -> Colgador aves frias | E45: =IF(Inicial!J45="SI",Inicial!E45,"N/A") -> 05:30-13:50 / 13:50-23:25 | F45: =IF(Inicial!J45="SI",Inicial!F45,"N/A") -> N/A | G45: =IF(Inicial!J45="SI",Inicial!G45,"N/A") -> 2 | H45: =IF(Inicial!J45="SI",Inicial!H45,"N/A") -> 81 | I45: =IF(Inicial!J45="SI",Inicial!I45,"N/A") -> 0 | J45: NO | K45: SI | L45: SI | M45: SI | N45: SI | O45: SI | P45: =IF(OR(J45="NO",K45="NO",L45="NO",M45="NO",N45="NO",O45="NO"),"No Aceptable","Aceptable") -> No Aceptable | Q45: NO | R45: NO | S45: NO | T45: NO | U45: NO | V45: NO | W45: =IF(AND(Q45="NO",R45="NO",S45="NO",T45="NO",U45="NO",V45="NO"),"No Critico","Critico") -> No Critico
A46: =Inicial!A46 -> 44 | B46: =Inicial!B46 -> Faenación | C46: =Inicial!C46 -> Empaque - Chiller | D46: =Inicial!D46 -> Embolsador de pana | E46: =IF(Inicial!J46="SI",Inicial!E46,"N/A") -> 05:30-13:50 / 13:50-23:25 | F46: =IF(Inicial!J46="SI",Inicial!F46,"N/A") -> N/A | G46: =IF(Inicial!J46="SI",Inicial!G46,"N/A") -> 2 | H46: =IF(Inicial!J46="SI",Inicial!H46,"N/A") -> 81 | I46: =IF(Inicial!J46="SI",Inicial!I46,"N/A") -> 3 | J46: NO | K46: SI | L46: SI | M46: SI | N46: SI | O46: SI | P46: =IF(OR(J46="NO",K46="NO",L46="NO",M46="NO",N46="NO",O46="NO"),"No Aceptable","Aceptable") -> No Aceptable | Q46: NO | R46: NO | S46: NO | T46: NO | U46: NO | V46: NO | W46: =IF(AND(Q46="NO",R46="NO",S46="NO",T46="NO",U46="NO",V46="NO"),"No Critico","Critico") -> No Critico
A47: =Inicial!A47 -> 45 | B47: =Inicial!B47 -> Faenación | C47: =Inicial!C47 -> Empaque - Chiller | D47: =Inicial!D47 -> Embalador de producto | E47: =IF(Inicial!J47="SI",Inicial!E47,"N/A") -> 05:30-13:50 / 13:50-23:25 | F47: =IF(Inicial!J47="SI",Inicial!F47,"N/A") -> N/A | G47: =IF(Inicial!J47="SI",Inicial!G47,"N/A") -> 2 | H47: =IF(Inicial!J47="SI",Inicial!H47,"N/A") -> 81 | I47: =IF(Inicial!J47="SI",Inicial!I47,"N/A") -> 3 | J47: NO | K47: SI | L47: SI | M47: SI | N47: SI | O47: SI | P47: =IF(OR(J47="NO",K47="NO",L47="NO",M47="NO",N47="NO",O47="NO"),"No Aceptable","Aceptable") -> No Aceptable | Q47: NO | R47: NO | S47: NO | T47: NO | U47: NO | V47: NO | W47: =IF(AND(Q47="NO",R47="NO",S47="NO",T47="NO",U47="NO",V47="NO"),"No Critico","Critico") -> No Critico
A48: =Inicial!A48 -> 46 | B48: =Inicial!B48 -> Faenación | C48: =Inicial!C48 -> Empaque - Chiller | D48: =Inicial!D48 -> Embolsado de corazon | E48: =IF(Inicial!J48="SI",Inicial!E48,"N/A") -> 05:30-13:50 / 13:50-23:25 | F48: =IF(Inicial!J48="SI",Inicial!F48,"N/A") -> N/A | G48: =IF(Inicial!J48="SI",Inicial!G48,"N/A") -> 2 | H48: =IF(Inicial!J48="SI",Inicial!H48,"N/A") -> 81 | I48: =IF(Inicial!J48="SI",Inicial!I48,"N/A") -> 3 | J48: NO | K48: SI | L48: SI | M48: SI | N48: SI | O48: SI | P48: =IF(OR(J48="NO",K48="NO",L48="NO",M48="NO",N48="NO",O48="NO"),"No Aceptable","Aceptable") -> No Aceptable | Q48: NO | R48: NO | S48: NO | T48: NO | U48: NO | V48: NO | W48: =IF(AND(Q48="NO",R48="NO",S48="NO",T48="NO",U48="NO",V48="NO"),"No Critico","Critico") -> No Critico
A49: =Inicial!A49 -> 47 | B49: =Inicial!B49 -> Faenación | C49: =Inicial!C49 -> Empaque - Chiller | D49: =Inicial!D49 -> Pesador de corazon | E49: =IF(Inicial!J49="SI",Inicial!E49,"N/A") -> 05:30-13:50 / 13:50-23:25 | F49: =IF(Inicial!J49="SI",Inicial!F49,"N/A") -> N/A | G49: =IF(Inicial!J49="SI",Inicial!G49,"N/A") -> 2 | H49: =IF(Inicial!J49="SI",Inicial!H49,"N/A") -> 81 | I49: =IF(Inicial!J49="SI",Inicial!I49,"N/A") -> 3 | J49: NO | K49: SI | L49: SI | M49: SI | N49: SI | O49: SI | P49: =IF(OR(J49="NO",K49="NO",L49="NO",M49="NO",N49="NO",O49="NO"),"No Aceptable","Aceptable") -> No Aceptable | Q49: NO | R49: NO | S49: NO | T49: NO | U49: NO | V49: NO | W49: =IF(AND(Q49="NO",R49="NO",S49="NO",T49="NO",U49="NO",V49="NO"),"No Critico","Critico") -> No Critico
A50: =Inicial!A50 -> 48 | B50: =Inicial!B50 -> Faenación | C50: =Inicial!C50 -> Empaque - Chiller | D50: =Inicial!D50 -> Selección de corazon | E50: =IF(Inicial!J50="SI",Inicial!E50,"N/A") -> N/A | F50: =IF(Inicial!J50="SI",Inicial!F50,"N/A") -> N/A | G50: =IF(Inicial!J50="SI",Inicial!G50,"N/A") -> N/A | H50: =IF(Inicial!J50="SI",Inicial!H50,"N/A") -> N/A | I50: =IF(Inicial!J50="SI",Inicial!I50,"N/A") -> N/A | J50: SI | K50: SI | L50: SI | M50: SI | N50: SI | O50: SI | P50: =IF(OR(J50="NO",K50="NO",L50="NO",M50="NO",N50="NO",O50="NO"),"No Aceptable","Aceptable") -> Aceptable | Q50: NO | R50: NO | S50: NO | T50: NO | U50: NO | V50: NO | W50: =IF(AND(Q50="NO",R50="NO",S50="NO",T50="NO",U50="NO",V50="NO"),"No Critico","Critico") -> No Critico
A51: =Inicial!A51 -> 49 | B51: =Inicial!B51 -> Faenación | C51: =Inicial!C51 -> Empaque - Chiller | D51: =Inicial!D51 -> Embalador de contre | E51: =IF(Inicial!J51="SI",Inicial!E51,"N/A") -> 05:30-13:50 / 13:50-23:25 | F51: =IF(Inicial!J51="SI",Inicial!F51,"N/A") -> N/A | G51: =IF(Inicial!J51="SI",Inicial!G51,"N/A") -> 2 | H51: =IF(Inicial!J51="SI",Inicial!H51,"N/A") -> 81 | I51: =IF(Inicial!J51="SI",Inicial!I51,"N/A") -> 3 | J51: NO | K51: SI | L51: SI | M51: SI | N51: SI | O51: SI | P51: =IF(OR(J51="NO",K51="NO",L51="NO",M51="NO",N51="NO",O51="NO"),"No Aceptable","Aceptable") -> No Aceptable | Q51: NO | R51: NO | S51: NO | T51: NO | U51: NO | V51: NO | W51: =IF(AND(Q51="NO",R51="NO",S51="NO",T51="NO",U51="NO",V51="NO"),"No Critico","Critico") -> No Critico
A52: =Inicial!A52 -> 50 | B52: =Inicial!B52 -> Faenación | C52: =Inicial!C52 -> Empaque - Chiller | D52: =Inicial!D52 -> Limpiador de pana | E52: =IF(Inicial!J52="SI",Inicial!E52,"N/A") -> 05:30-13:50 / 13:50-23:25 | F52: =IF(Inicial!J52="SI",Inicial!F52,"N/A") -> N/A | G52: =IF(Inicial!J52="SI",Inicial!G52,"N/A") -> 2 | H52: =IF(Inicial!J52="SI",Inicial!H52,"N/A") -> 81 | I52: =IF(Inicial!J52="SI",Inicial!I52,"N/A") -> 3 | J52: NO | K52: SI | L52: SI | M52: SI | N52: SI | O52: SI | P52: =IF(OR(J52="NO",K52="NO",L52="NO",M52="NO",N52="NO",O52="NO"),"No Aceptable","Aceptable") -> No Aceptable | Q52: NO | R52: NO | S52: NO | T52: NO | U52: NO | V52: NO | W52: =IF(AND(Q52="NO",R52="NO",S52="NO",T52="NO",U52="NO",V52="NO"),"No Critico","Critico") -> No Critico
A53: =Inicial!A53 -> 51 | B53: =Inicial!B53 -> Faenación | C53: =Inicial!C53 -> Empaque - Chiller | D53: =Inicial!D53 -> Embolsador de contre | E53: =IF(Inicial!J53="SI",Inicial!E53,"N/A") -> 05:30-13:50 / 13:50-23:25 | F53: =IF(Inicial!J53="SI",Inicial!F53,"N/A") -> N/A | G53: =IF(Inicial!J53="SI",Inicial!G53,"N/A") -> 2 | H53: =IF(Inicial!J53="SI",Inicial!H53,"N/A") -> 81 | I53: =IF(Inicial!J53="SI",Inicial!I53,"N/A") -> 3 | J53: NO | K53: SI | L53: SI | M53: SI | N53: SI | O53: SI | P53: =IF(OR(J53="NO",K53="NO",L53="NO",M53="NO",N53="NO",O53="NO"),"No Aceptable","Aceptable") -> No Aceptable | Q53: NO | R53: NO | S53: NO | T53: NO | U53: NO | V53: NO | W53: =IF(AND(Q53="NO",R53="NO",S53="NO",T53="NO",U53="NO",V53="NO"),"No Critico","Critico") -> No Critico
A54: =Inicial!A54 -> 52 | B54: =Inicial!B54 -> Faenación | C54: =Inicial!C54 -> Empaque - Chiller | D54: =Inicial!D54 -> Embalador de Pana | E54: =IF(Inicial!J54="SI",Inicial!E54,"N/A") -> 05:30-13:50 / 13:50-23:25 | F54: =IF(Inicial!J54="SI",Inicial!F54,"N/A") -> N/A | G54: =IF(Inicial!J54="SI",Inicial!G54,"N/A") -> 2 | H54: =IF(Inicial!J54="SI",Inicial!H54,"N/A") -> 81 | I54: =IF(Inicial!J54="SI",Inicial!I54,"N/A") -> 3 | J54: NO | K54: SI | L54: SI | M54: SI | N54: SI | O54: SI | P54: =IF(OR(J54="NO",K54="NO",L54="NO",M54="NO",N54="NO",O54="NO"),"No Aceptable","Aceptable") -> No Aceptable | Q54: NO | R54: NO | S54: NO | T54: NO | U54: NO | V54: NO | W54: =IF(AND(Q54="NO",R54="NO",S54="NO",T54="NO",U54="NO",V54="NO"),"No Critico","Critico") -> No Critico
A55: =Inicial!A55 -> 53 | B55: =Inicial!B55 -> Faenación | C55: =Inicial!C55 -> Empaque - Chiller | D55: =Inicial!D55 -> Selección de Contre | E55: =IF(Inicial!J55="SI",Inicial!E55,"N/A") -> 05:30-13:50 / 13:50-23:25 | F55: =IF(Inicial!J55="SI",Inicial!F55,"N/A") -> N/A | G55: =IF(Inicial!J55="SI",Inicial!G55,"N/A") -> 2 | H55: =IF(Inicial!J55="SI",Inicial!H55,"N/A") -> 81 | I55: =IF(Inicial!J55="SI",Inicial!I55,"N/A") -> 3 | J55: SI | K55: SI | L55: SI | M55: SI | N55: SI | O55: SI | P55: =IF(OR(J55="NO",K55="NO",L55="NO",M55="NO",N55="NO",O55="NO"),"No Aceptable","Aceptable") -> Aceptable | Q55: NO | R55: NO | S55: NO | T55: NO | U55: NO | V55: NO | W55: =IF(AND(Q55="NO",R55="NO",S55="NO",T55="NO",U55="NO",V55="NO"),"No Critico","Critico") -> No Critico
A56: =Inicial!A56 -> 54 | B56: =Inicial!B56 -> Faenación | C56: =Inicial!C56 -> Empaque - Chiller | D56: =Inicial!D56 -> Maquinista chiller | E56: =IF(Inicial!J56="SI",Inicial!E56,"N/A") -> N/A | F56: =IF(Inicial!J56="SI",Inicial!F56,"N/A") -> N/A | G56: =IF(Inicial!J56="SI",Inicial!G56,"N/A") -> N/A | H56: =IF(Inicial!J56="SI",Inicial!H56,"N/A") -> N/A | I56: =IF(Inicial!J56="SI",Inicial!I56,"N/A") -> N/A | P56: =IF(OR(J56="NO",K56="NO",L56="NO",M56="NO",N56="NO",O56="NO"),"No Aceptable","Aceptable") -> Aceptable | W56: =IF(AND(Q56="NO",R56="NO",S56="NO",T56="NO",U56="NO",V56="NO"),"No Critico","Critico") -> Critico
A57: =Inicial!A57 -> 55 | B57: =Inicial!B57 -> Faenación | C57: =Inicial!C57 -> Empaque - Chiller | D57: =Inicial!D57 -> Corchetera | E57: =IF(Inicial!J57="SI",Inicial!E57,"N/A") -> 05:30-13:50 / 13:50-23:25 | F57: =IF(Inicial!J57="SI",Inicial!F57,"N/A") -> N/A | G57: =IF(Inicial!J57="SI",Inicial!G57,"N/A") -> 2 | H57: =IF(Inicial!J57="SI",Inicial!H57,"N/A") -> 81 | I57: =IF(Inicial!J57="SI",Inicial!I57,"N/A") -> 3 | J57: NO | K57: SI | L57: SI | M57: SI | N57: SI | O57: SI | P57: =IF(OR(J57="NO",K57="NO",L57="NO",M57="NO",N57="NO",O57="NO"),"No Aceptable","Aceptable") -> No Aceptable | Q57: NO | R57: NO | S57: NO | T57: NO | U57: NO | V57: NO | W57: =IF(AND(Q57="NO",R57="NO",S57="NO",T57="NO",U57="NO",V57="NO"),"No Critico","Critico") -> No Critico
A58: =Inicial!A58 -> 56 | B58: =Inicial!B58 -> Faenación | C58: =Inicial!C58 -> Empaque - Chiller | D58: =Inicial!D58 -> Pesador menudencia | E58: =IF(Inicial!J58="SI",Inicial!E58,"N/A") -> 05:30-13:50 / 13:50-23:25 | F58: =IF(Inicial!J58="SI",Inicial!F58,"N/A") -> N/A | G58: =IF(Inicial!J58="SI",Inicial!G58,"N/A") -> 2 | H58: =IF(Inicial!J58="SI",Inicial!H58,"N/A") -> 81 | I58: =IF(Inicial!J58="SI",Inicial!I58,"N/A") -> 3 | J58: NO | K58: SI | L58: SI | M58: SI | N58: SI | O58: SI | P58: =IF(OR(J58="NO",K58="NO",L58="NO",M58="NO",N58="NO",O58="NO"),"No Aceptable","Aceptable") -> No Aceptable | Q58: NO | R58: NO | S58: NO | T58: NO | U58: NO | V58: NO | W58: =IF(AND(Q58="NO",R58="NO",S58="NO",T58="NO",U58="NO",V58="NO"),"No Critico","Critico") -> No Critico
A59: =Inicial!A59 -> 57 | B59: =Inicial!B59 -> Faenación | C59: =Inicial!C59 -> Empaque - Chiller | D59: =Inicial!D59 -> Encargado de registro | E59: =IF(Inicial!J59="SI",Inicial!E59,"N/A") -> N/A | F59: =IF(Inicial!J59="SI",Inicial!F59,"N/A") -> N/A | G59: =IF(Inicial!J59="SI",Inicial!G59,"N/A") -> N/A | H59: =IF(Inicial!J59="SI",Inicial!H59,"N/A") -> N/A | I59: =IF(Inicial!J59="SI",Inicial!I59,"N/A") -> N/A | P59: =IF(OR(J59="NO",K59="NO",L59="NO",M59="NO",N59="NO",O59="NO"),"No Aceptable","Aceptable") -> Aceptable | W59: =IF(AND(Q59="NO",R59="NO",S59="NO",T59="NO",U59="NO",V59="NO"),"No Critico","Critico") -> Critico
A60: =Inicial!A60 -> 58 | B60: =Inicial!B60 -> Faenación | C60: =Inicial!C60 -> Empaque - Chiller | D60: =Inicial!D60 -> Fechado | E60: =IF(Inicial!J60="SI",Inicial!E60,"N/A") -> 05:30-13:50 / 13:50-23:25 | F60: =IF(Inicial!J60="SI",Inicial!F60,"N/A") -> N/A | G60: =IF(Inicial!J60="SI",Inicial!G60,"N/A") -> 2 | H60: =IF(Inicial!J60="SI",Inicial!H60,"N/A") -> 81 | I60: =IF(Inicial!J60="SI",Inicial!I60,"N/A") -> 3 | J60: SI | K60: SI | L60: SI | M60: SI | N60: SI | O60: SI | P60: =IF(OR(J60="NO",K60="NO",L60="NO",M60="NO",N60="NO",O60="NO"),"No Aceptable","Aceptable") -> Aceptable | Q60: NO | R60: NO | S60: NO | T60: NO | U60: NO | V60: NO | W60: =IF(AND(Q60="NO",R60="NO",S60="NO",T60="NO",U60="NO",V60="NO"),"No Critico","Critico") -> No Critico
A61: =Inicial!A61 -> 59 | B61: =Inicial!B61 -> Faenación | C61: =Inicial!C61 -> Empaque - Chiller | D61: =Inicial!D61 -> Paletizador | E61: =IF(Inicial!J61="SI",Inicial!E61,"N/A") -> 05:30-13:50 / 13:50-23:25 | F61: =IF(Inicial!J61="SI",Inicial!F61,"N/A") -> N/A | G61: =IF(Inicial!J61="SI",Inicial!G61,"N/A") -> 2 | H61: =IF(Inicial!J61="SI",Inicial!H61,"N/A") -> 81 | I61: =IF(Inicial!J61="SI",Inicial!I61,"N/A") -> 0 | J61: SI | K61: SI | L61: SI | M61: SI | N61: SI | O61: SI | P61: =IF(OR(J61="NO",K61="NO",L61="NO",M61="NO",N61="NO",O61="NO"),"No Aceptable","Aceptable") -> Aceptable | Q61: NO | R61: NO | S61: NO | T61: NO | U61: NO | V61: NO | W61: =IF(AND(Q61="NO",R61="NO",S61="NO",T61="NO",U61="NO",V61="NO"),"No Critico","Critico") -> No Critico
A62: =Inicial!A62 -> 60 | B62: =Inicial!B62 -> Faenación | C62: =Inicial!C62 -> Empaque - Chiller | D62: =Inicial!D62 -> Transpaletero | E62: =IF(Inicial!J62="SI",Inicial!E62,"N/A") -> N/A | F62: =IF(Inicial!J62="SI",Inicial!F62,"N/A") -> N/A | G62: =IF(Inicial!J62="SI",Inicial!G62,"N/A") -> N/A | H62: =IF(Inicial!J62="SI",Inicial!H62,"N/A") -> N/A | I62: =IF(Inicial!J62="SI",Inicial!I62,"N/A") -> N/A | P62: =IF(OR(J62="NO",K62="NO",L62="NO",M62="NO",N62="NO",O62="NO"),"No Aceptable","Aceptable") -> Aceptable | W62: =IF(AND(Q62="NO",R62="NO",S62="NO",T62="NO",U62="NO",V62="NO"),"No Critico","Critico") -> Critico
A63: =Inicial!A63 -> 61 | B63: =Inicial!B63 -> Faenación | C63: =Inicial!C63 -> Empaque - Chiller | D63: =Inicial!D63 -> Jefe de Línea | E63: =IF(Inicial!J63="SI",Inicial!E63,"N/A") -> N/A | F63: =IF(Inicial!J63="SI",Inicial!F63,"N/A") -> N/A | G63: =IF(Inicial!J63="SI",Inicial!G63,"N/A") -> N/A | H63: =IF(Inicial!J63="SI",Inicial!H63,"N/A") -> N/A | I63: =IF(Inicial!J63="SI",Inicial!I63,"N/A") -> N/A | P63: =IF(OR(J63="NO",K63="NO",L63="NO",M63="NO",N63="NO",O63="NO"),"No Aceptable","Aceptable") -> Aceptable | W63: =IF(AND(Q63="NO",R63="NO",S63="NO",T63="NO",U63="NO",V63="NO"),"No Critico","Critico") -> Critico
A64: =Inicial!A64 -> 0 | B64: =Inicial!B64 -> 0 | C64: =Inicial!C64 -> 0 | D64: =Inicial!D64 -> 0 | E64: =IF(Inicial!J64="SI",Inicial!E64,"N/A") -> N/A | F64: =IF(Inicial!J64="SI",Inicial!F64,"N/A") -> N/A | G64: =IF(Inicial!J64="SI",Inicial!G64,"N/A") -> N/A | H64: =IF(Inicial!J64="SI",Inicial!H64,"N/A") -> N/A | I64: =IF(Inicial!J64="SI",Inicial!I64,"N/A") -> N/A | P64: =IF(OR(J64="NO",K64="NO",L64="NO",M64="NO",N64="NO",O64="NO"),"No Aceptable","Aceptable") -> Aceptable | W64: =IF(AND(Q64="NO",R64="NO",S64="NO",T64="NO",U64="NO",V64="NO"),"No Critico","Critico") -> Critico
A65: =Inicial!A65 -> 0 | B65: =Inicial!B65 -> 0 | C65: =Inicial!C65 -> 0 | D65: =Inicial!D65 -> 0 | E65: =IF(Inicial!J65="SI",Inicial!E65,"N/A") -> N/A | F65: =IF(Inicial!J65="SI",Inicial!F65,"N/A") -> N/A | G65: =IF(Inicial!J65="SI",Inicial!G65,"N/A") -> N/A | H65: =IF(Inicial!J65="SI",Inicial!H65,"N/A") -> N/A | I65: =IF(Inicial!J65="SI",Inicial!I65,"N/A") -> N/A | P65: =IF(OR(J65="NO",K65="NO",L65="NO",M65="NO",N65="NO",O65="NO"),"No Aceptable","Aceptable") -> Aceptable | W65: =IF(AND(Q65="NO",R65="NO",S65="NO",T65="NO",U65="NO",V65="NO"),"No Critico","Critico") -> Critico
A66: =Inicial!A66 -> 0 | B66: =Inicial!B66 -> 0 | C66: =Inicial!C66 -> 0 | D66: =Inicial!D66 -> 0 | E66: =IF(Inicial!J66="SI",Inicial!E66,"N/A") -> N/A | F66: =IF(Inicial!J66="SI",Inicial!F66,"N/A") -> N/A | G66: =IF(Inicial!J66="SI",Inicial!G66,"N/A") -> N/A | H66: =IF(Inicial!J66="SI",Inicial!H66,"N/A") -> N/A | I66: =IF(Inicial!J66="SI",Inicial!I66,"N/A") -> N/A | P66: =IF(OR(J66="NO",K66="NO",L66="NO",M66="NO",N66="NO",O66="NO"),"No Aceptable","Aceptable") -> Aceptable | W66: =IF(AND(Q66="NO",R66="NO",S66="NO",T66="NO",U66="NO",V66="NO"),"No Critico","Critico") -> Critico
A67: =Inicial!A67 -> 0 | B67: =Inicial!B67 -> 0 | C67: =Inicial!C67 -> 0 | D67: =Inicial!D67 -> 0 | E67: =IF(Inicial!J67="SI",Inicial!E67,"N/A") -> N/A | F67: =IF(Inicial!J67="SI",Inicial!F67,"N/A") -> N/A | G67: =IF(Inicial!J67="SI",Inicial!G67,"N/A") -> N/A | H67: =IF(Inicial!J67="SI",Inicial!H67,"N/A") -> N/A | I67: =IF(Inicial!J67="SI",Inicial!I67,"N/A") -> N/A | P67: =IF(OR(J67="NO",K67="NO",L67="NO",M67="NO",N67="NO",O67="NO"),"No Aceptable","Aceptable") -> Aceptable | W67: =IF(AND(Q67="NO",R67="NO",S67="NO",T67="NO",U67="NO",V67="NO"),"No Critico","Critico") -> Critico
A68: =Inicial!A68 -> 0 | B68: =Inicial!B68 -> 0 | C68: =Inicial!C68 -> 0 | D68: =Inicial!D68 -> 0 | E68: =IF(Inicial!J68="SI",Inicial!E68,"N/A") -> N/A | F68: =IF(Inicial!J68="SI",Inicial!F68,"N/A") -> N/A | G68: =IF(Inicial!J68="SI",Inicial!G68,"N/A") -> N/A | H68: =IF(Inicial!J68="SI",Inicial!H68,"N/A") -> N/A | I68: =IF(Inicial!J68="SI",Inicial!I68,"N/A") -> N/A | P68: =IF(OR(J68="NO",K68="NO",L68="NO",M68="NO",N68="NO",O68="NO"),"No Aceptable","Aceptable") -> Aceptable | W68: =IF(AND(Q68="NO",R68="NO",S68="NO",T68="NO",U68="NO",V68="NO"),"No Critico","Critico") -> Critico
A69: =Inicial!A69 -> 0 | B69: =Inicial!B69 -> 0 | C69: =Inicial!C69 -> 0 | D69: =Inicial!D69 -> 0 | E69: =IF(Inicial!J69="SI",Inicial!E69,"N/A") -> N/A | F69: =IF(Inicial!J69="SI",Inicial!F69,"N/A") -> N/A | G69: =IF(Inicial!J69="SI",Inicial!G69,"N/A") -> N/A | H69: =IF(Inicial!J69="SI",Inicial!H69,"N/A") -> N/A | I69: =IF(Inicial!J69="SI",Inicial!I69,"N/A") -> N/A | P69: =IF(OR(J69="NO",K69="NO",L69="NO",M69="NO",N69="NO",O69="NO"),"No Aceptable","Aceptable") -> Aceptable | W69: =IF(AND(Q69="NO",R69="NO",S69="NO",T69="NO",U69="NO",V69="NO"),"No Critico","Critico") -> Critico
A70: =Inicial!A70 -> 0 | B70: =Inicial!B70 -> 0 | C70: =Inicial!C70 -> 0 | D70: =Inicial!D70 -> 0 | E70: =IF(Inicial!J70="SI",Inicial!E70,"N/A") -> N/A | F70: =IF(Inicial!J70="SI",Inicial!F70,"N/A") -> N/A | G70: =IF(Inicial!J70="SI",Inicial!G70,"N/A") -> N/A | H70: =IF(Inicial!J70="SI",Inicial!H70,"N/A") -> N/A | I70: =IF(Inicial!J70="SI",Inicial!I70,"N/A") -> N/A | P70: =IF(OR(J70="NO",K70="NO",L70="NO",M70="NO",N70="NO",O70="NO"),"No Aceptable","Aceptable") -> Aceptable | W70: =IF(AND(Q70="NO",R70="NO",S70="NO",T70="NO",U70="NO",V70="NO"),"No Critico","Critico") -> Critico
A71: =Inicial!A71 -> 0 | B71: =Inicial!B71 -> 0 | C71: =Inicial!C71 -> 0 | D71: =Inicial!D71 -> 0 | E71: =IF(Inicial!J71="SI",Inicial!E71,"N/A") -> N/A | F71: =IF(Inicial!J71="SI",Inicial!F71,"N/A") -> N/A | G71: =IF(Inicial!J71="SI",Inicial!G71,"N/A") -> N/A | H71: =IF(Inicial!J71="SI",Inicial!H71,"N/A") -> N/A | I71: =IF(Inicial!J71="SI",Inicial!I71,"N/A") -> N/A | P71: =IF(OR(J71="NO",K71="NO",L71="NO",M71="NO",N71="NO",O71="NO"),"No Aceptable","Aceptable") -> Aceptable | W71: =IF(AND(Q71="NO",R71="NO",S71="NO",T71="NO",U71="NO",V71="NO"),"No Critico","Critico") -> Critico
A72: =Inicial!A72 -> 0 | B72: =Inicial!B72 -> 0 | C72: =Inicial!C72 -> 0 | D72: =Inicial!D72 -> 0 | E72: =IF(Inicial!J72="SI",Inicial!E72,"N/A") -> N/A | F72: =IF(Inicial!J72="SI",Inicial!F72,"N/A") -> N/A | G72: =IF(Inicial!J72="SI",Inicial!G72,"N/A") -> N/A | H72: =IF(Inicial!J72="SI",Inicial!H72,"N/A") -> N/A | I72: =IF(Inicial!J72="SI",Inicial!I72,"N/A") -> N/A | P72: =IF(OR(J72="NO",K72="NO",L72="NO",M72="NO",N72="NO",O72="NO"),"No Aceptable","Aceptable") -> Aceptable | W72: =IF(AND(Q72="NO",R72="NO",S72="NO",T72="NO",U72="NO",V72="NO"),"No Critico","Critico") -> Critico
A73: =Inicial!A73 -> 0 | B73: =Inicial!B73 -> 0 | C73: =Inicial!C73 -> 0 | D73: =Inicial!D73 -> 0 | E73: =IF(Inicial!J73="SI",Inicial!E73,"N/A") -> N/A | F73: =IF(Inicial!J73="SI",Inicial!F73,"N/A") -> N/A | G73: =IF(Inicial!J73="SI",Inicial!G73,"N/A") -> N/A | H73: =IF(Inicial!J73="SI",Inicial!H73,"N/A") -> N/A | I73: =IF(Inicial!J73="SI",Inicial!I73,"N/A") -> N/A | P73: =IF(OR(J73="NO",K73="NO",L73="NO",M73="NO",N73="NO",O73="NO"),"No Aceptable","Aceptable") -> Aceptable | W73: =IF(AND(Q73="NO",R73="NO",S73="NO",T73="NO",U73="NO",V73="NO"),"No Critico","Critico") -> Critico
... A214: =Inicial!A214 -> 0 | B214: =Inicial!B214 -> 0 | C214: =Inicial!C214 -> 0 | D214: =Inicial!D214 -> 0 | E214: =IF(Inicial!J214="SI",Inicial!E214,"N/A") -> N/A | F214: =IF(Inicial!J214="SI",Inicial!F214,"N/A") -> N/A | G214: =IF(Inicial!J214="SI",Inicial!G214,"N/A") -> N/A | H214: =IF(Inicial!J214="SI",Inicial!H214,"N/A") -> N/A | I214: =IF(Inicial!J214="SI",Inicial!I214,"N/A") -> N/A | P214: =IF(OR(J214="NO",K214="NO",L214="NO",M214="NO",N214="NO",O214="NO"),"No Aceptable","Aceptable") -> Aceptable | W214: =IF(AND(Q214="NO",R214="NO",S214="NO",T214="NO",U214="NO",V214="NO"),"No Critico","Critico") -> Critico
A215: =Inicial!A215 -> 0 | P215: =IF(OR(J215="NO",K215="NO",L215="NO",M215="NO",N215="NO",O215="NO"),"No Aceptable","Aceptable") -> Aceptable | W215: =IF(AND(Q215="NO",R215="NO",S215="NO",T215="NO",U215="NO",V215="NO"),"No Critico","Critico") -> Critico
A216: =Inicial!A216 -> 0 | P216: =IF(OR(J216="NO",K216="NO",L216="NO",M216="NO",N216="NO",O216="NO"),"No Aceptable","Aceptable") -> Aceptable | W216: =IF(AND(Q216="NO",R216="NO",S216="NO",T216="NO",U216="NO",V216="NO"),"No Critico","Critico") -> Critico
A217: =Inicial!A217 -> 0 | P217: =IF(OR(J217="NO",K217="NO",L217="NO",M217="NO",N217="NO",O217="NO"),"No Aceptable","Aceptable") -> Aceptable | W217: =IF(AND(Q217="NO",R217="NO",S217="NO",T217="NO",U217="NO",V217="NO"),"No Critico","Critico") -> Critico
A218: =Inicial!A218 -> 0 | P218: =IF(OR(J218="NO",K218="NO",L218="NO",M218="NO",N218="NO",O218="NO"),"No Aceptable","Aceptable") -> Aceptable | W218: =IF(AND(Q218="NO",R218="NO",S218="NO",T218="NO",U218="NO",V218="NO"),"No Critico","Critico") -> Critico
A219: =Inicial!A219 -> 0 | P219: =IF(OR(J219="NO",K219="NO",L219="NO",M219="NO",N219="NO",O219="NO"),"No Aceptable","Aceptable") -> Aceptable | W219: =IF(AND(Q219="NO",R219="NO",S219="NO",T219="NO",U219="NO",V219="NO"),"No Critico","Critico") -> Critico
A220: =Inicial!A220 -> 0 | P220: =IF(OR(J220="NO",K220="NO",L220="NO",M220="NO",N220="NO",O220="NO"),"No Aceptable","Aceptable") -> Aceptable | W220: =IF(AND(Q220="NO",R220="NO",S220="NO",T220="NO",U220="NO",V220="NO"),"No Critico","Critico") -> Critico
A221: =Inicial!A221 -> 0 | P221: =IF(OR(J221="NO",K221="NO",L221="NO",M221="NO",N221="NO",O221="NO"),"No Aceptable","Aceptable") -> Aceptable | W221: =IF(AND(Q221="NO",R221="NO",S221="NO",T221="NO",U221="NO",V221="NO"),"No Critico","Critico") -> Critico
A222: =Inicial!A222 -> 0 | P222: =IF(OR(J222="NO",K222="NO",L222="NO",M222="NO",N222="NO",O222="NO"),"No Aceptable","Aceptable") -> Aceptable | W222: =IF(AND(Q222="NO",R222="NO",S222="NO",T222="NO",U222="NO",V222="NO"),"No Critico","Critico") -> Critico
A223: =Inicial!A223 -> 0 | P223: =IF(OR(J223="NO",K223="NO",L223="NO",M223="NO",N223="NO",O223="NO"),"No Aceptable","Aceptable") -> Aceptable | W223: =IF(AND(Q223="NO",R223="NO",S223="NO",T223="NO",U223="NO",V223="NO"),"No Critico","Critico") -> Critico
A224: =Inicial!A224 -> 0 | P224: =IF(OR(J224="NO",K224="NO",L224="NO",M224="NO",N224="NO",O224="NO"),"No Aceptable","Aceptable") -> Aceptable | W224: =IF(AND(Q224="NO",R224="NO",S224="NO",T224="NO",U224="NO",V224="NO"),"No Critico","Critico") -> Critico
A225: =Inicial!A225 -> 0 | P225: =IF(OR(J225="NO",K225="NO",L225="NO",M225="NO",N225="NO",O225="NO"),"No Aceptable","Aceptable") -> Aceptable | W225: =IF(AND(Q225="NO",R225="NO",S225="NO",T225="NO",U225="NO",V225="NO"),"No Critico","Critico") -> Critico
A226: =Inicial!A226 -> 0 | P226: =IF(OR(J226="NO",K226="NO",L226="NO",M226="NO",N226="NO",O226="NO"),"No Aceptable","Aceptable") -> Aceptable | W226: =IF(AND(Q226="NO",R226="NO",S226="NO",T226="NO",U226="NO",V226="NO"),"No Critico","Critico") -> Critico
... A246: =Inicial!A246 -> 0 | P246: =IF(OR(J246="NO",K246="NO",L246="NO",M246="NO",N246="NO",O246="NO"),"No Aceptable","Aceptable") -> Aceptable | W246: =IF(AND(Q246="NO",R246="NO",S246="NO",T246="NO",U246="NO",V246="NO"),"No Critico","Critico") -> Critico

Sheet Postura estatica
A1: Postura Estatica | F1: Horas extras | H1: N° Trabajadores Expuestos | J1: Tabla III. IDENTIFICACIÓN AVANZADA – Tarea(s) con Posturas Estáticas e incómodas de Trabajo – Condición Aceptable (CABEZA Y TRONCO) | Q1: Tabla III. IDENTIFICACIÓN AVANZADA – Tarea(s) con Posturas Estáticas e incómodas de Trabajo – Condición Aceptable Identificación de posturas de miembros superiores (Evaluar miembro con mayor exigencia) | X1: Tabla III. IDENTIFICACIÓN AVANZADA – Tarea(s) con Posturas Estáticas e incómodas de Trabajo – Condición Aceptable Identificación de posturas de Miembros Inferiores (Evaluar miembro con mayor exigencia) | AE1: Tabla VII. IDENTIFICACIÓN AVANZADA – Tarea(s) con Posturas Estáticas de Trabajo – Condición Crítica (CABEZA Y TRONCO) | AL1: Identificación de posturas de miembros superiores (Evaluar miembro con mayor exigencia) | AQ1: Identificación de posturas de Miembros Inferiores (Evaluar miembro con mayor exigencia) | AW1: Plan Acción
A2: N° | B2: Área de trabajo | C2: Puesto de trabajo | D2: Tareas del puesto de trabajo | E2: Horario de funcionamiento | F2: Por dia | G2: Por Semana | H2: HOMBRE | I2: MUJER | J2: ¿Las posturas de tronco y cuello son simétricas? | K2: En caso de haber flexión de tronco (inclinación hacia delante), ¿es menor a 20º?, o en caso de existir extensión (inclinación hacia atrás), ¿el tronco está totalmente apoyado? | L2: Si existe flexión de tronco entre 20º y 60º, ¿este se encuentra totalmente apoyado? | M2: ¿Está ausente la extensión de cuello? | N2: En caso de que exista flexión de cuello, ¿no supera los 25º? | O2: Estando la cabeza inclinada hacia atrás (extensión), ¿se encuentra totalmente apoyada | P2: Si está sentado, ¿la curvatura de la espalda se mantiene no forzada? | Q2: Miembro con mayor exigencia | R2: ¿Están ausentes las posturas forzadas de MMSS (Miembros Superiores)? | S2: ¿Los hombros no se encuentran levantados? | T2: Estando el brazo sin apoyo completo, ¿La elevación del miembro superior es menor a 20°? | U2: Con el brazo totalmente apoyado, ¿la elevación del miembro superior no supera los 60°? | V2: ¿Están ausentes la flexión / extensión extrema de codo? | W2: ¿Está ausente el giro extremo de muñeca? | X2: Miembro con mayor exigencia | Y2: ¿Está ausente la flexión extrema de rodilla? | Z2: En postura de pie ¿La rodilla no está en flexión? | AA2: ¿El tobillo está en posición neutra? | AB2: ¿Están ausentes las posiciones cuclillas y arrodillado? | AC2: Cuando está sentado, ¿El ángulo de la rodilla está entre 90º y 135º? | AD2: Condición Aceptable | AE2: ¿La postura de tronco o la postura de cuello están en rangos extremos? | AF2: ¿Existe flexión de tronco (inclinación hacia adelante) de 60° o más? | AG2: ¿Existe flexión de tronco (aun cuando sea levemente) durante más de 4 minutos continuos? | AH2: ¿Está la cabeza extendida (inclinada hacia atrás) sin apoyo? | AI2: ¿Está la cabeza en flexión (inclinacion hacia adelante) de 25° o mas? | AJ2: ¿Está la cabeza en flexión (aunque sea levemente ) durante mas de 8 minutos continuos? | AK2: Si está sentado, ¿la espalda (región lumbar) está forzada y no logra mantener la curvatura natural? | AL2: ¿Hay posturas de brazos que los trabajadores relaten como muy incomodas y que les impiden el normal desenvolvimiento? | AM2: ¿Los hombros se encuentran levantados sobre los 60°? | AN2: ¿Los hombros se encuentran levantados (aún cuando sea levemente) durante más de 3 minutos continuos? | AO2: ¿Hay flexión / extensión extrema de codo y rotación extrema de antebrazo? | AP2: ¿Hay giro extremo de muñeca? | AQ2: ¿Hay flexión extrema de rodilla (posición de cuclillas o sentado en los talones)? | AR2: Estando en postura de pie, ¿la rodilla se encuentra en flexión leve sostenida? | AS2: ¿El tobillo se encuentra en una posición extrema de flexión o extensión? | AT2: ¿Se adoptan posiciones en cuclillas y/o arrodillado de la rodilla? | AU2: Estando sentado, ¿la angulación de rodilla es menor de 90° y mayor de 135°? | AV2: Condición Crítica | AW2: Fecha aplicación identificación avanzada | AX2: Medidas de control (administrativas) | AY2: Medidas de control (Ingeniería) | AZ2: Responsable aplicación medida | BA2: Fecha de implementación medidas (Max 90 días) | BB2: Evidencia
A3: =Inicial!A3 -> 1 | B3: =Inicial!B3 -> Faenación | C3: =Inicial!C3 -> Colgado | D3: =Inicial!D3 -> Colgado de aves | E3: =IF(Inicial!K3="SI",Inicial!E3,"N/A") -> N/A | F3: =IF(Inicial!K3="SI",Inicial!F3,"N/A") -> N/A | G3: =IF(Inicial!K3="SI",Inicial!G3,"N/A") -> N/A | H3: =IF(Inicial!K3="SI",Inicial!H3,"N/A") -> N/A | I3: =IF(Inicial!K3="SI",Inicial!I3,"N/A") -> N/A | AD3: =IF(OR(J3="NO",K3="NO",L3="NO",M3="NO",N3="NO",O3="NO",P3="NO",R3="NO",S3="NO",T3="NO",U3="NO", V3="NO",W3="NO",Y3="NO",Z3="NO",AA3="NO",AB3="NO",AC3="NO"),"No aceptable","Aceptable") -> Aceptable | AV3: {=IF(OR(AE3:AU3="SI"),"Critico","No critico")} -> No critico
A4: =Inicial!A4 -> 2 | B4: =Inicial!B4 -> Faenación | C4: =Inicial!C4 -> Colgado | D4: =Inicial!D4 -> Revision de contenedores | E4: =IF(Inicial!K4="SI",Inicial!E4,"N/A") -> N/A | F4: =IF(Inicial!K4="SI",Inicial!F4,"N/A") -> N/A | G4: =IF(Inicial!K4="SI",Inicial!G4,"N/A") -> N/A | H4: =IF(Inicial!K4="SI",Inicial!H4,"N/A") -> N/A | I4: =IF(Inicial!K4="SI",Inicial!I4,"N/A") -> N/A | AD4: =IF(OR(J4="NO",K4="NO",L4="NO",M4="NO",N4="NO",O4="NO",P4="NO",R4="NO",S4="NO",T4="NO",U4="NO", V4="NO",W4="NO",Y4="NO",Z4="NO",AA4="NO",AB4="NO",AC4="NO"),"No aceptable","Aceptable") -> Aceptable | AV4: {=IF(OR(AE4:AU4="SI"),"Critico","No critico")} -> No critico
A5: =Inicial!A5 -> 3 | B5: =Inicial!B5 -> Faenación | C5: =Inicial!C5 -> Colgado | D5: =Inicial!D5 -> Extracción de pollo mortecino | E5: =IF(Inicial!K5="SI",Inicial!E5,"N/A") -> N/A | F5: =IF(Inicial!K5="SI",Inicial!F5,"N/A") -> N/A | G5: =IF(Inicial!K5="SI",Inicial!G5,"N/A") -> N/A | H5: =IF(Inicial!K5="SI",Inicial!H5,"N/A") -> N/A | I5: =IF(Inicial!K5="SI",Inicial!I5,"N/A") -> N/A | AD5: =IF(OR(J5="NO",K5="NO",L5="NO",M5="NO",N5="NO",O5="NO",P5="NO",R5="NO",S5="NO",T5="NO",U5="NO", V5="NO",W5="NO",Y5="NO",Z5="NO",AA5="NO",AB5="NO",AC5="NO"),"No aceptable","Aceptable") -> Aceptable | AV5: {=IF(OR(AE5:AU5="SI"),"Critico","No critico")} -> No critico
A6: =Inicial!A6 -> 4 | B6: =Inicial!B6 -> Faenación | C6: =Inicial!C6 -> Colgado | D6: =Inicial!D6 -> Gruero | E6: =IF(Inicial!K6="SI",Inicial!E6,"N/A") -> N/A | F6: =IF(Inicial!K6="SI",Inicial!F6,"N/A") -> N/A | G6: =IF(Inicial!K6="SI",Inicial!G6,"N/A") -> N/A | H6: =IF(Inicial!K6="SI",Inicial!H6,"N/A") -> N/A | I6: =IF(Inicial!K6="SI",Inicial!I6,"N/A") -> N/A | AD6: =IF(OR(J6="NO",K6="NO",L6="NO",M6="NO",N6="NO",O6="NO",P6="NO",R6="NO",S6="NO",T6="NO",U6="NO", V6="NO",W6="NO",Y6="NO",Z6="NO",AA6="NO",AB6="NO",AC6="NO"),"No aceptable","Aceptable") -> Aceptable | AV6: {=IF(OR(AE6:AU6="SI"),"Critico","No critico")} -> No critico
A7: =Inicial!A7 -> 5 | B7: =Inicial!B7 -> Faenación | C7: =Inicial!C7 -> Colgado | D7: =Inicial!D7 -> Jefe de línea | E7: =IF(Inicial!K7="SI",Inicial!E7,"N/A") -> N/A | F7: =IF(Inicial!K7="SI",Inicial!F7,"N/A") -> N/A | G7: =IF(Inicial!K7="SI",Inicial!G7,"N/A") -> N/A | H7: =IF(Inicial!K7="SI",Inicial!H7,"N/A") -> N/A | I7: =IF(Inicial!K7="SI",Inicial!I7,"N/A") -> N/A | AD7: =IF(OR(J7="NO",K7="NO",L7="NO",M7="NO",N7="NO",O7="NO",P7="NO",R7="NO",S7="NO",T7="NO",U7="NO", V7="NO",W7="NO",Y7="NO",Z7="NO",AA7="NO",AB7="NO",AC7="NO"),"No aceptable","Aceptable") -> Aceptable | AV7: {=IF(OR(AE7:AU7="SI"),"Critico","No critico")} -> No critico
A8: =Inicial!A8 -> 6 | B8: =Inicial!B8 -> Faenación | C8: =Inicial!C8 -> Colgado | D8: =Inicial!D8 -> Secretario | E8: =IF(Inicial!K8="SI",Inicial!E8,"N/A") -> N/A | F8: =IF(Inicial!K8="SI",Inicial!F8,"N/A") -> N/A | G8: =IF(Inicial!K8="SI",Inicial!G8,"N/A") -> N/A | H8: =IF(Inicial!K8="SI",Inicial!H8,"N/A") -> N/A | I8: =IF(Inicial!K8="SI",Inicial!I8,"N/A") -> N/A | AD8: =IF(OR(J8="NO",K8="NO",L8="NO",M8="NO",N8="NO",O8="NO",P8="NO",R8="NO",S8="NO",T8="NO",U8="NO", V8="NO",W8="NO",Y8="NO",Z8="NO",AA8="NO",AB8="NO",AC8="NO"),"No aceptable","Aceptable") -> Aceptable | AV8: {=IF(OR(AE8:AU8="SI"),"Critico","No critico")} -> No critico
A9: =Inicial!A9 -> 7 | B9: =Inicial!B9 -> Faenación | C9: =Inicial!C9 -> Colgado | D9: =Inicial!D9 -> Recepcion de guia | E9: =IF(Inicial!K9="SI",Inicial!E9,"N/A") -> N/A | F9: =IF(Inicial!K9="SI",Inicial!F9,"N/A") -> N/A | G9: =IF(Inicial!K9="SI",Inicial!G9,"N/A") -> N/A | H9: =IF(Inicial!K9="SI",Inicial!H9,"N/A") -> N/A | I9: =IF(Inicial!K9="SI",Inicial!I9,"N/A") -> N/A | AD9: =IF(OR(J9="NO",K9="NO",L9="NO",M9="NO",N9="NO",O9="NO",P9="NO",R9="NO",S9="NO",T9="NO",U9="NO", V9="NO",W9="NO",Y9="NO",Z9="NO",AA9="NO",AB9="NO",AC9="NO"),"No aceptable","Aceptable") -> Aceptable | AV9: {=IF(OR(AE9:AU9="SI"),"Critico","No critico")} -> No critico
A10: =Inicial!A10 -> 8 | B10: =Inicial!B10 -> Faenación | C10: =Inicial!C10 -> Colgado | D10: =Inicial!D10 -> Encargado de PC | E10: =IF(Inicial!K10="SI",Inicial!E10,"N/A") -> N/A | F10: =IF(Inicial!K10="SI",Inicial!F10,"N/A") -> N/A | G10: =IF(Inicial!K10="SI",Inicial!G10,"N/A") -> N/A | H10: =IF(Inicial!K10="SI",Inicial!H10,"N/A") -> N/A | I10: =IF(Inicial!K10="SI",Inicial!I10,"N/A") -> N/A | AD10: =IF(OR(J10="NO",K10="NO",L10="NO",M10="NO",N10="NO",O10="NO",P10="NO",R10="NO",S10="NO",T10="NO",U10="NO", V10="NO",W10="NO",Y10="NO",Z10="NO",AA10="NO",AB10="NO",AC10="NO"),"No aceptable","Aceptable") -> Aceptable | AV10: {=IF(OR(AE10:AU10="SI"),"Critico","No critico")} -> No critico
A11: =Inicial!A11 -> 9 | B11: =Inicial!B11 -> Faenación | C11: =Inicial!C11 -> Sacrificio | D11: =Inicial!D11 -> Pollo Chico | E11: =IF(Inicial!K11="SI",Inicial!E11,"N/A") -> N/A | F11: =IF(Inicial!K11="SI",Inicial!F11,"N/A") -> N/A | G11: =IF(Inicial!K11="SI",Inicial!G11,"N/A") -> N/A | H11: =IF(Inicial!K11="SI",Inicial!H11,"N/A") -> N/A | I11: =IF(Inicial!K11="SI",Inicial!I11,"N/A") -> N/A | AD11: =IF(OR(J11="NO",K11="NO",L11="NO",M11="NO",N11="NO",O11="NO",P11="NO",R11="NO",S11="NO",T11="NO",U11="NO", V11="NO",W11="NO",Y11="NO",Z11="NO",AA11="NO",AB11="NO",AC11="NO"),"No aceptable","Aceptable") -> Aceptable | AV11: {=IF(OR(AE11:AU11="SI"),"Critico","No critico")} -> No critico
A12: =Inicial!A12 -> 10 | B12: =Inicial!B12 -> Faenación | C12: =Inicial!C12 -> Sacrificio | D12: =Inicial!D12 -> Desgollador | E12: =IF(Inicial!K12="SI",Inicial!E12,"N/A") -> N/A | F12: =IF(Inicial!K12="SI",Inicial!F12,"N/A") -> N/A | G12: =IF(Inicial!K12="SI",Inicial!G12,"N/A") -> N/A | H12: =IF(Inicial!K12="SI",Inicial!H12,"N/A") -> N/A | I12: =IF(Inicial!K12="SI",Inicial!I12,"N/A") -> N/A | AD12: =IF(OR(J12="NO",K12="NO",L12="NO",M12="NO",N12="NO",O12="NO",P12="NO",R12="NO",S12="NO",T12="NO",U12="NO", V12="NO",W12="NO",Y12="NO",Z12="NO",AA12="NO",AB12="NO",AC12="NO"),"No aceptable","Aceptable") -> Aceptable | AV12: {=IF(OR(AE12:AU12="SI"),"Critico","No critico")} -> No critico
A13: =Inicial!A13 -> 11 | B13: =Inicial!B13 -> Faenación | C13: =Inicial!C13 -> Sacrificio | D13: =Inicial!D13 -> Repase de pluma | E13: =IF(Inicial!K13="SI",Inicial!E13,"N/A") -> N/A | F13: =IF(Inicial!K13="SI",Inicial!F13,"N/A") -> N/A | G13: =IF(Inicial!K13="SI",Inicial!G13,"N/A") -> N/A | H13: =IF(Inicial!K13="SI",Inicial!H13,"N/A") -> N/A | I13: =IF(Inicial!K13="SI",Inicial!I13,"N/A") -> N/A | AD13: =IF(OR(J13="NO",K13="NO",L13="NO",M13="NO",N13="NO",O13="NO",P13="NO",R13="NO",S13="NO",T13="NO",U13="NO", V13="NO",W13="NO",Y13="NO",Z13="NO",AA13="NO",AB13="NO",AC13="NO"),"No aceptable","Aceptable") -> Aceptable | AV13: {=IF(OR(AE13:AU13="SI"),"Critico","No critico")} -> No critico
A14: =Inicial!A14 -> 12 | B14: =Inicial!B14 -> Faenación | C14: =Inicial!C14 -> Eviscerado | D14: =Inicial!D14 -> Maquinista sacrificio | E14: =IF(Inicial!K14="SI",Inicial!E14,"N/A") -> N/A | F14: =IF(Inicial!K14="SI",Inicial!F14,"N/A") -> N/A | G14: =IF(Inicial!K14="SI",Inicial!G14,"N/A") -> N/A | H14: =IF(Inicial!K14="SI",Inicial!H14,"N/A") -> N/A | I14: =IF(Inicial!K14="SI",Inicial!I14,"N/A") -> N/A | J14: SI | K14: SI | L14: SI | M14: SI | N14: SI | O14: SI | P14: SI | Q14: SI | R14: SI | S14: SI | T14: SI | U14: SI | V14: SI | W14: SI | X14: SI | Y14: SI | Z14: SI | AA14: SI | AB14: SI | AC14: SI | AD14: =IF(OR(J14="NO",K14="NO",L14="NO",M14="NO",N14="NO",O14="NO",P14="NO",R14="NO",S14="NO",T14="NO",U14="NO", V14="NO",W14="NO",Y14="NO",Z14="NO",AA14="NO",AB14="NO",AC14="NO"),"No aceptable","Aceptable") -> Aceptable | AV14: {=IF(OR(AE14:AU14="SI"),"Critico","No critico")} -> No critico
A15: =Inicial!A15 -> 13 | B15: =Inicial!B15 -> Faenación | C15: =Inicial!C15 -> Eviscerado | D15: =Inicial!D15 -> Maquinista eviscerado | E15: =IF(Inicial!K15="SI",Inicial!E15,"N/A") -> N/A | F15: =IF(Inicial!K15="SI",Inicial!F15,"N/A") -> N/A | G15: =IF(Inicial!K15="SI",Inicial!G15,"N/A") -> N/A | H15: =IF(Inicial!K15="SI",Inicial!H15,"N/A") -> N/A | I15: =IF(Inicial!K15="SI",Inicial!I15,"N/A") -> N/A | AD15: =IF(OR(J15="NO",K15="NO",L15="NO",M15="NO",N15="NO",O15="NO",P15="NO",R15="NO",S15="NO",T15="NO",U15="NO", V15="NO",W15="NO",Y15="NO",Z15="NO",AA15="NO",AB15="NO",AC15="NO"),"No aceptable","Aceptable") -> Aceptable | AV15: {=IF(OR(AE15:AU15="SI"),"Critico","No critico")} -> No critico
A16: =Inicial!A16 -> 14 | B16: =Inicial!B16 -> Faenación | C16: =Inicial!C16 -> Eviscerado | D16: =Inicial!D16 -> Transferidor | E16: =IF(Inicial!K16="SI",Inicial!E16,"N/A") -> N/A | F16: =IF(Inicial!K16="SI",Inicial!F16,"N/A") -> N/A | G16: =IF(Inicial!K16="SI",Inicial!G16,"N/A") -> N/A | H16: =IF(Inicial!K16="SI",Inicial!H16,"N/A") -> N/A | I16: =IF(Inicial!K16="SI",Inicial!I16,"N/A") -> N/A | AD16: =IF(OR(J16="NO",K16="NO",L16="NO",M16="NO",N16="NO",O16="NO",P16="NO",R16="NO",S16="NO",T16="NO",U16="NO", V16="NO",W16="NO",Y16="NO",Z16="NO",AA16="NO",AB16="NO",AC16="NO"),"No aceptable","Aceptable") -> Aceptable | AV16: {=IF(OR(AE16:AU16="SI"),"Critico","No critico")} -> No critico
A17: =Inicial!A17 -> 15 | B17: =Inicial!B17 -> Faenación | C17: =Inicial!C17 -> Eviscerado | D17: =Inicial!D17 -> Expurgo Visceras | E17: =IF(Inicial!K17="SI",Inicial!E17,"N/A") -> N/A | F17: =IF(Inicial!K17="SI",Inicial!F17,"N/A") -> N/A | G17: =IF(Inicial!K17="SI",Inicial!G17,"N/A") -> N/A | H17: =IF(Inicial!K17="SI",Inicial!H17,"N/A") -> N/A | I17: =IF(Inicial!K17="SI",Inicial!I17,"N/A") -> N/A | AD17: =IF(OR(J17="NO",K17="NO",L17="NO",M17="NO",N17="NO",O17="NO",P17="NO",R17="NO",S17="NO",T17="NO",U17="NO", V17="NO",W17="NO",Y17="NO",Z17="NO",AA17="NO",AB17="NO",AC17="NO"),"No aceptable","Aceptable") -> Aceptable | AV17: {=IF(OR(AE17:AU17="SI"),"Critico","No critico")} -> No critico
A18: =Inicial!A18 -> 16 | B18: =Inicial!B18 -> Faenación | C18: =Inicial!C18 -> Eviscerado | D18: =Inicial!D18 -> Repaso de contre | E18: =IF(Inicial!K18="SI",Inicial!E18,"N/A") -> N/A | F18: =IF(Inicial!K18="SI",Inicial!F18,"N/A") -> N/A | G18: =IF(Inicial!K18="SI",Inicial!G18,"N/A") -> N/A | H18: =IF(Inicial!K18="SI",Inicial!H18,"N/A") -> N/A | I18: =IF(Inicial!K18="SI",Inicial!I18,"N/A") -> N/A | AD18: =IF(OR(J18="NO",K18="NO",L18="NO",M18="NO",N18="NO",O18="NO",P18="NO",R18="NO",S18="NO",T18="NO",U18="NO", V18="NO",W18="NO",Y18="NO",Z18="NO",AA18="NO",AB18="NO",AC18="NO"),"No aceptable","Aceptable") -> Aceptable | AV18: {=IF(OR(AE18:AU18="SI"),"Critico","No critico")} -> No critico
A19: =Inicial!A19 -> 17 | B19: =Inicial!B19 -> Faenación | C19: =Inicial!C19 -> Eviscerado | D19: =Inicial!D19 -> Panas | E19: =IF(Inicial!K19="SI",Inicial!E19,"N/A") -> N/A | F19: =IF(Inicial!K19="SI",Inicial!F19,"N/A") -> N/A | G19: =IF(Inicial!K19="SI",Inicial!G19,"N/A") -> N/A | H19: =IF(Inicial!K19="SI",Inicial!H19,"N/A") -> N/A | I19: =IF(Inicial!K19="SI",Inicial!I19,"N/A") -> N/A | AD19: =IF(OR(J19="NO",K19="NO",L19="NO",M19="NO",N19="NO",O19="NO",P19="NO",R19="NO",S19="NO",T19="NO",U19="NO", V19="NO",W19="NO",Y19="NO",Z19="NO",AA19="NO",AB19="NO",AC19="NO"),"No aceptable","Aceptable") -> Aceptable | AV19: {=IF(OR(AE19:AU19="SI"),"Critico","No critico")} -> No critico
A20: =Inicial!A20 -> 18 | B20: =Inicial!B20 -> Faenación | C20: =Inicial!C20 -> Eviscerado | D20: =Inicial!D20 -> Expurgo Inscision | E20: =IF(Inicial!K20="SI",Inicial!E20,"N/A") -> N/A | F20: =IF(Inicial!K20="SI",Inicial!F20,"N/A") -> N/A | G20: =IF(Inicial!K20="SI",Inicial!G20,"N/A") -> N/A | H20: =IF(Inicial!K20="SI",Inicial!H20,"N/A") -> N/A | I20: =IF(Inicial!K20="SI",Inicial!I20,"N/A") -> N/A | AD20: =IF(OR(J20="NO",K20="NO",L20="NO",M20="NO",N20="NO",O20="NO",P20="NO",R20="NO",S20="NO",T20="NO",U20="NO", V20="NO",W20="NO",Y20="NO",Z20="NO",AA20="NO",AB20="NO",AC20="NO"),"No aceptable","Aceptable") -> Aceptable | AV20: {=IF(OR(AE20:AU20="SI"),"Critico","No critico")} -> No critico
A21: =Inicial!A21 -> 19 | B21: =Inicial!B21 -> Faenación | C21: =Inicial!C21 -> Eviscerado | D21: =Inicial!D21 -> Lavado/ Aspirado | E21: =IF(Inicial!K21="SI",Inicial!E21,"N/A") -> N/A | F21: =IF(Inicial!K21="SI",Inicial!F21,"N/A") -> N/A | G21: =IF(Inicial!K21="SI",Inicial!G21,"N/A") -> N/A | H21: =IF(Inicial!K21="SI",Inicial!H21,"N/A") -> N/A | I21: =IF(Inicial!K21="SI",Inicial!I21,"N/A") -> N/A | AD21: =IF(OR(J21="NO",K21="NO",L21="NO",M21="NO",N21="NO",O21="NO",P21="NO",R21="NO",S21="NO",T21="NO",U21="NO", V21="NO",W21="NO",Y21="NO",Z21="NO",AA21="NO",AB21="NO",AC21="NO"),"No aceptable","Aceptable") -> Aceptable | AV21: {=IF(OR(AE21:AU21="SI"),"Critico","No critico")} -> No critico
A22: =Inicial!A22 -> 20 | B22: =Inicial!B22 -> Faenación | C22: =Inicial!C22 -> Eviscerado | D22: =Inicial!D22 -> Repase de visceras | E22: =IF(Inicial!K22="SI",Inicial!E22,"N/A") -> N/A | F22: =IF(Inicial!K22="SI",Inicial!F22,"N/A") -> N/A | G22: =IF(Inicial!K22="SI",Inicial!G22,"N/A") -> N/A | H22: =IF(Inicial!K22="SI",Inicial!H22,"N/A") -> N/A | I22: =IF(Inicial!K22="SI",Inicial!I22,"N/A") -> N/A | AD22: =IF(OR(J22="NO",K22="NO",L22="NO",M22="NO",N22="NO",O22="NO",P22="NO",R22="NO",S22="NO",T22="NO",U22="NO", V22="NO",W22="NO",Y22="NO",Z22="NO",AA22="NO",AB22="NO",AC22="NO"),"No aceptable","Aceptable") -> Aceptable | AV22: {=IF(OR(AE22:AU22="SI"),"Critico","No critico")} -> No critico
A23: =Inicial!A23 -> 21 | B23: =Inicial!B23 -> Faenación | C23: =Inicial!C23 -> Eviscerado | D23: =Inicial!D23 -> Recolgado | E23: =IF(Inicial!K23="SI",Inicial!E23,"N/A") -> N/A | F23: =IF(Inicial!K23="SI",Inicial!F23,"N/A") -> N/A | G23: =IF(Inicial!K23="SI",Inicial!G23,"N/A") -> N/A | H23: =IF(Inicial!K23="SI",Inicial!H23,"N/A") -> N/A | I23: =IF(Inicial!K23="SI",Inicial!I23,"N/A") -> N/A | AD23: =IF(OR(J23="NO",K23="NO",L23="NO",M23="NO",N23="NO",O23="NO",P23="NO",R23="NO",S23="NO",T23="NO",U23="NO", V23="NO",W23="NO",Y23="NO",Z23="NO",AA23="NO",AB23="NO",AC23="NO"),"No aceptable","Aceptable") -> Aceptable | AV23: {=IF(OR(AE23:AU23="SI"),"Critico","No critico")} -> No critico
A24: =Inicial!A24 -> 22 | B24: =Inicial!B24 -> Faenación | C24: =Inicial!C24 -> Eviscerado | D24: =Inicial!D24 -> Expurgo de Ala | E24: =IF(Inicial!K24="SI",Inicial!E24,"N/A") -> N/A | F24: =IF(Inicial!K24="SI",Inicial!F24,"N/A") -> N/A | G24: =IF(Inicial!K24="SI",Inicial!G24,"N/A") -> N/A | H24: =IF(Inicial!K24="SI",Inicial!H24,"N/A") -> N/A | I24: =IF(Inicial!K24="SI",Inicial!I24,"N/A") -> N/A | AD24: =IF(OR(J24="NO",K24="NO",L24="NO",M24="NO",N24="NO",O24="NO",P24="NO",R24="NO",S24="NO",T24="NO",U24="NO", V24="NO",W24="NO",Y24="NO",Z24="NO",AA24="NO",AB24="NO",AC24="NO"),"No aceptable","Aceptable") -> Aceptable | AV24: {=IF(OR(AE24:AU24="SI"),"Critico","No critico")} -> No critico
A25: =Inicial!A25 -> 23 | B25: =Inicial!B25 -> Faenación | C25: =Inicial!C25 -> Eviscerado | D25: =Inicial!D25 -> Punto de inspeccion | E25: =IF(Inicial!K25="SI",Inicial!E25,"N/A") -> N/A | F25: =IF(Inicial!K25="SI",Inicial!F25,"N/A") -> N/A | G25: =IF(Inicial!K25="SI",Inicial!G25,"N/A") -> N/A | H25: =IF(Inicial!K25="SI",Inicial!H25,"N/A") -> N/A | I25: =IF(Inicial!K25="SI",Inicial!I25,"N/A") -> N/A | AD25: =IF(OR(J25="NO",K25="NO",L25="NO",M25="NO",N25="NO",O25="NO",P25="NO",R25="NO",S25="NO",T25="NO",U25="NO", V25="NO",W25="NO",Y25="NO",Z25="NO",AA25="NO",AB25="NO",AC25="NO"),"No aceptable","Aceptable") -> Aceptable | AV25: {=IF(OR(AE25:AU25="SI"),"Critico","No critico")} -> No critico
A26: =Inicial!A26 -> 24 | B26: =Inicial!B26 -> Faenación | C26: =Inicial!C26 -> Eviscerado | D26: =Inicial!D26 -> Revision post lavadora | E26: =IF(Inicial!K26="SI",Inicial!E26,"N/A") -> N/A | F26: =IF(Inicial!K26="SI",Inicial!F26,"N/A") -> N/A | G26: =IF(Inicial!K26="SI",Inicial!G26,"N/A") -> N/A | H26: =IF(Inicial!K26="SI",Inicial!H26,"N/A") -> N/A | I26: =IF(Inicial!K26="SI",Inicial!I26,"N/A") -> N/A | AD26: =IF(OR(J26="NO",K26="NO",L26="NO",M26="NO",N26="NO",O26="NO",P26="NO",R26="NO",S26="NO",T26="NO",U26="NO", V26="NO",W26="NO",Y26="NO",Z26="NO",AA26="NO",AB26="NO",AC26="NO"),"No aceptable","Aceptable") -> Aceptable | AV26: {=IF(OR(AE26:AU26="SI"),"Critico","No critico")} -> No critico
... A49: =Inicial!A49 -> 47 | B49: =Inicial!B49 -> Faenación | C49: =Inicial!C49 -> Empaque - Chiller | D49: =Inicial!D49 -> Pesador de corazon | E49: =IF(Inicial!K49="SI",Inicial!E49,"N/A") -> N/A | F49: =IF(Inicial!K49="SI",Inicial!F49,"N/A") -> N/A | G49: =IF(Inicial!K49="SI",Inicial!G49,"N/A") -> N/A | H49: =IF(Inicial!K49="SI",Inicial!H49,"N/A") -> N/A | I49: =IF(Inicial!K49="SI",Inicial!I49,"N/A") -> N/A | AD49: =IF(OR(J49="NO",K49="NO",L49="NO",M49="NO",N49="NO",O49="NO",P49="NO",R49="NO",S49="NO",T49="NO",U49="NO", V49="NO",W49="NO",Y49="NO",Z49="NO",AA49="NO",AB49="NO",AC49="NO"),"No aceptable","Aceptable") -> Aceptable | AV49: {=IF(OR(AE49:AU49="SI"),"Critico","No critico")} -> No critico
A50: =Inicial!A50 -> 48 | B50: =Inicial!B50 -> Faenación | C50: =Inicial!C50 -> Empaque - Chiller | D50: =Inicial!D50 -> Selección de corazon | E50: =IF(Inicial!K50="SI",Inicial!E50,"N/A") -> 05:30-13:50 / 13:50-23:25 | F50: =IF(Inicial!K50="SI",Inicial!F50,"N/A") -> N/A | G50: =IF(Inicial!K50="SI",Inicial!G50,"N/A") -> 2 | H50: =IF(Inicial!K50="SI",Inicial!H50,"N/A") -> 81 | I50: =IF(Inicial!K50="SI",Inicial!I50,"N/A") -> 3 | J50: NO | K50: SI | L50: SI | M50: SI | N50: NO | O50: NO | P50: SI | Q50: Derecha | R50: SI | S50: SI | T50: SI | U50: SI | V50: SI | W50: SI | X50: Ambos | Y50: SI | Z50: SI | AA50: SI | AB50: SI | AC50: SI | AD50: =IF(OR(J50="NO",K50="NO",L50="NO",M50="NO",N50="NO",O50="NO",P50="NO",R50="NO",S50="NO",T50="NO",U50="NO", V50="NO",W50="NO",Y50="NO",Z50="NO",AA50="NO",AB50="NO",AC50="NO"),"No aceptable","Aceptable") -> No aceptable | AE50: NO | AF50: NO | AG50: NO | AH50: NO | AI50: NO | AJ50: NO | AK50: NO | AL50: NO | AM50: NO | AN50: NO | AO50: NO | AP50: NO | AQ50: NO | AR50: NO | AS50: NO | AT50: NO | AU50: NO | AV50: {=IF(OR(AE50:AU50="SI"),"Critico","No critico")} -> No critico
A51: =Inicial!A51 -> 49 | B51: =Inicial!B51 -> Faenación | C51: =Inicial!C51 -> Empaque - Chiller | D51: =Inicial!D51 -> Embalador de contre | E51: =IF(Inicial!K51="SI",Inicial!E51,"N/A") -> N/A | F51: =IF(Inicial!K51="SI",Inicial!F51,"N/A") -> N/A | G51: =IF(Inicial!K51="SI",Inicial!G51,"N/A") -> N/A | H51: =IF(Inicial!K51="SI",Inicial!H51,"N/A") -> N/A | I51: =IF(Inicial!K51="SI",Inicial!I51,"N/A") -> N/A | AD51: =IF(OR(J51="NO",K51="NO",L51="NO",M51="NO",N51="NO",O51="NO",P51="NO",R51="NO",S51="NO",T51="NO",U51="NO", V51="NO",W51="NO",Y51="NO",Z51="NO",AA51="NO",AB51="NO",AC51="NO"),"No aceptable","Aceptable") -> Aceptable | AV51: {=IF(OR(AE51:AU51="SI"),"Critico","No critico")} -> No critico
A52: =Inicial!A52 -> 50 | B52: =Inicial!B52 -> Faenación | C52: =Inicial!C52 -> Empaque - Chiller | D52: =Inicial!D52 -> Limpiador de pana | E52: =IF(Inicial!K52="SI",Inicial!E52,"N/A") -> N/A | F52: =IF(Inicial!K52="SI",Inicial!F52,"N/A") -> N/A | G52: =IF(Inicial!K52="SI",Inicial!G52,"N/A") -> N/A | H52: =IF(Inicial!K52="SI",Inicial!H52,"N/A") -> N/A | I52: =IF(Inicial!K52="SI",Inicial!I52,"N/A") -> N/A | AD52: =IF(OR(J52="NO",K52="NO",L52="NO",M52="NO",N52="NO",O52="NO",P52="NO",R52="NO",S52="NO",T52="NO",U52="NO", V52="NO",W52="NO",Y52="NO",Z52="NO",AA52="NO",AB52="NO",AC52="NO"),"No aceptable","Aceptable") -> Aceptable | AV52: {=IF(OR(AE52:AU52="SI"),"Critico","No critico")} -> No critico
A53: =Inicial!A53 -> 51 | B53: =Inicial!B53 -> Faenación | C53: =Inicial!C53 -> Empaque - Chiller | D53: =Inicial!D53 -> Embolsador de contre | E53: =IF(Inicial!K53="SI",Inicial!E53,"N/A") -> N/A | F53: =IF(Inicial!K53="SI",Inicial!F53,"N/A") -> N/A | G53: =IF(Inicial!K53="SI",Inicial!G53,"N/A") -> N/A | H53: =IF(Inicial!K53="SI",Inicial!H53,"N/A") -> N/A | I53: =IF(Inicial!K53="SI",Inicial!I53,"N/A") -> N/A | AD53: =IF(OR(J53="NO",K53="NO",L53="NO",M53="NO",N53="NO",O53="NO",P53="NO",R53="NO",S53="NO",T53="NO",U53="NO", V53="NO",W53="NO",Y53="NO",Z53="NO",AA53="NO",AB53="NO",AC53="NO"),"No aceptable","Aceptable") -> Aceptable | AV53: {=IF(OR(AE53:AU53="SI"),"Critico","No critico")} -> No critico
A54: =Inicial!A54 -> 52 | B54: =Inicial!B54 -> Faenación | C54: =Inicial!C54 -> Empaque - Chiller | D54: =Inicial!D54 -> Embalador de Pana | E54: =IF(Inicial!K54="SI",Inicial!E54,"N/A") -> N/A | F54: =IF(Inicial!K54="SI",Inicial!F54,"N/A") -> N/A | G54: =IF(Inicial!K54="SI",Inicial!G54,"N/A") -> N/A | H54: =IF(Inicial!K54="SI",Inicial!H54,"N/A") -> N/A | I54: =IF(Inicial!K54="SI",Inicial!I54,"N/A") -> N/A | AD54: =IF(OR(J54="NO",K54="NO",L54="NO",M54="NO",N54="NO",O54="NO",P54="NO",R54="NO",S54="NO",T54="NO",U54="NO", V54="NO",W54="NO",Y54="NO",Z54="NO",AA54="NO",AB54="NO",AC54="NO"),"No aceptable","Aceptable") -> Aceptable | AV54: {=IF(OR(AE54:AU54="SI"),"Critico","No critico")} -> No critico
A55: =Inicial!A55 -> 53 | B55: =Inicial!B55 -> Faenación | C55: =Inicial!C55 -> Empaque - Chiller | D55: =Inicial!D55 -> Selección de Contre | E55: =IF(Inicial!K55="SI",Inicial!E55,"N/A") -> 05:30-13:50 / 13:50-23:25 | F55: =IF(Inicial!K55="SI",Inicial!F55,"N/A") -> N/A | G55: =IF(Inicial!K55="SI",Inicial!G55,"N/A") -> 2 | H55: =IF(Inicial!K55="SI",Inicial!H55,"N/A") -> 81 | I55: =IF(Inicial!K55="SI",Inicial!I55,"N/A") -> 3 | J55: NO | K55: SI | L55: SI | M55: SI | N55: NO | O55: NO | P55: SI | Q55: Derecha | R55: SI | S55: SI | T55: SI | U55: SI | V55: SI | W55: SI | X55: Ambos | Y55: SI | Z55: SI | AA55: SI | AB55: SI | AC55: SI | AD55: =IF(OR(J55="NO",K55="NO",L55="NO",M55="NO",N55="NO",O55="NO",P55="NO",R55="NO",S55="NO",T55="NO",U55="NO", V55="NO",W55="NO",Y55="NO",Z55="NO",AA55="NO",AB55="NO",AC55="NO"),"No aceptable","Aceptable") -> No aceptable | AE55: NO | AF55: NO | AG55: NO | AH55: NO | AI55: NO | AJ55: NO | AK55: NO | AL55: NO | AM55: NO | AN55: NO | AO55: NO | AP55: NO | AQ55: NO | AR55: NO | AS55: NO | AT55: NO | AU55: NO | AV55: {=IF(OR(AE55:AU55="SI"),"Critico","No critico")} -> No critico
A56: =Inicial!A56 -> 54 | B56: =Inicial!B56 -> Faenación | C56: =Inicial!C56 -> Empaque - Chiller | D56: =Inicial!D56 -> Maquinista chiller | E56: =IF(Inicial!K56="SI",Inicial!E56,"N/A") -> N/A | F56: =IF(Inicial!K56="SI",Inicial!F56,"N/A") -> N/A | G56: =IF(Inicial!K56="SI",Inicial!G56,"N/A") -> N/A | H56: =IF(Inicial!K56="SI",Inicial!H56,"N/A") -> N/A | I56: =IF(Inicial!K56="SI",Inicial!I56,"N/A") -> N/A | AD56: =IF(OR(J56="NO",K56="NO",L56="NO",M56="NO",N56="NO",O56="NO",P56="NO",R56="NO",S56="NO",T56="NO",U56="NO", V56="NO",W56="NO",Y56="NO",Z56="NO",AA56="NO",AB56="NO",AC56="NO"),"No aceptable","Aceptable") -> Aceptable | AV56: {=IF(OR(AE56:AU56="SI"),"Critico","No critico")} -> No critico
A57: =Inicial!#REF! -> #REF! | B57: =Inicial!#REF! -> #REF! | C57: =Inicial!#REF! -> #REF! | D57: =Inicial!#REF! -> #REF! | E57: =IF(Inicial!#REF!="SI",Inicial!#REF!,"N/A") -> #REF! | F57: =IF(Inicial!#REF!="SI",Inicial!#REF!,"N/A") -> #REF! | G57: =IF(Inicial!#REF!="SI",Inicial!#REF!,"N/A") -> #REF! | H57: =IF(Inicial!#REF!="SI",Inicial!#REF!,"N/A") -> #REF! | I57: =IF(Inicial!#REF!="SI",Inicial!#REF!,"N/A") -> #REF! | AD57: =IF(OR(J57="NO",K57="NO",L57="NO",M57="NO",N57="NO",O57="NO",P57="NO",R57="NO",S57="NO",T57="NO",U57="NO", V57="NO",W57="NO",Y57="NO",Z57="NO",AA57="NO",AB57="NO",AC57="NO"),"No aceptable","Aceptable") -> Aceptable | AV57: {=IF(OR(AE57:AU57="SI"),"Critico","No critico")} -> No critico
A58: =Inicial!A57 -> 55 | B58: =Inicial!B57 -> Faenación | C58: =Inicial!C57 -> Empaque - Chiller | D58: =Inicial!D57 -> Corchetera | E58: =IF(Inicial!K57="SI",Inicial!E57,"N/A") -> N/A | F58: =IF(Inicial!K57="SI",Inicial!F57,"N/A") -> N/A | G58: =IF(Inicial!K57="SI",Inicial!G57,"N/A") -> N/A | H58: =IF(Inicial!K57="SI",Inicial!H57,"N/A") -> N/A | I58: =IF(Inicial!K57="SI",Inicial!I57,"N/A") -> N/A | AD58: =IF(OR(J58="NO",K58="NO",L58="NO",M58="NO",N58="NO",O58="NO",P58="NO",R58="NO",S58="NO",T58="NO",U58="NO", V58="NO",W58="NO",Y58="NO",Z58="NO",AA58="NO",AB58="NO",AC58="NO"),"No aceptable","Aceptable") -> Aceptable | AV58: {=IF(OR(AE58:AU58="SI"),"Critico","No critico")} -> No critico
A59: =Inicial!A58 -> 56 | B59: =Inicial!B58 -> Faenación | C59: =Inicial!C58 -> Empaque - Chiller | D59: =Inicial!D58 -> Pesador menudencia | E59: =IF(Inicial!K58="SI",Inicial!E58,"N/A") -> N/A | F59: =IF(Inicial!K58="SI",Inicial!F58,"N/A") -> N/A | G59: =IF(Inicial!K58="SI",Inicial!G58,"N/A") -> N/A | H59: =IF(Inicial!K58="SI",Inicial!H58,"N/A") -> N/A | I59: =IF(Inicial!K58="SI",Inicial!I58,"N/A") -> N/A | AD59: =IF(OR(J59="NO",K59="NO",L59="NO",M59="NO",N59="NO",O59="NO",P59="NO",R59="NO",S59="NO",T59="NO",U59="NO", V59="NO",W59="NO",Y59="NO",Z59="NO",AA59="NO",AB59="NO",AC59="NO"),"No aceptable","Aceptable") -> Aceptable | AV59: {=IF(OR(AE59:AU59="SI"),"Critico","No critico")} -> No critico
A60: =Inicial!#REF! -> #REF! | B60: =Inicial!#REF! -> #REF! | C60: =Inicial!#REF! -> #REF! | D60: =Inicial!#REF! -> #REF! | E60: =IF(Inicial!#REF!="SI",Inicial!#REF!,"N/A") -> #REF! | F60: =IF(Inicial!#REF!="SI",Inicial!#REF!,"N/A") -> #REF! | G60: =IF(Inicial!#REF!="SI",Inicial!#REF!,"N/A") -> #REF! | H60: =IF(Inicial!#REF!="SI",Inicial!#REF!,"N/A") -> #REF! | I60: =IF(Inicial!#REF!="SI",Inicial!#REF!,"N/A") -> #REF! | AD60: =IF(OR(J60="NO",K60="NO",L60="NO",M60="NO",N60="NO",O60="NO",P60="NO",R60="NO",S60="NO",T60="NO",U60="NO", V60="NO",W60="NO",Y60="NO",Z60="NO",AA60="NO",AB60="NO",AC60="NO"),"No aceptable","Aceptable") -> Aceptable | AV60: {=IF(OR(AE60:AU60="SI"),"Critico","No critico")} -> No critico
A61: =Inicial!A59 -> 57 | B61: =Inicial!B59 -> Faenación | C61: =Inicial!C59 -> Empaque - Chiller | D61: =Inicial!D59 -> Encargado de registro | E61: =IF(Inicial!K59="SI",Inicial!E59,"N/A") -> N/A | F61: =IF(Inicial!K59="SI",Inicial!F59,"N/A") -> N/A | G61: =IF(Inicial!K59="SI",Inicial!G59,"N/A") -> N/A | H61: =IF(Inicial!K59="SI",Inicial!H59,"N/A") -> N/A | I61: =IF(Inicial!K59="SI",Inicial!I59,"N/A") -> N/A | AD61: =IF(OR(J61="NO",K61="NO",L61="NO",M61="NO",N61="NO",O61="NO",P61="NO",R61="NO",S61="NO",T61="NO",U61="NO", V61="NO",W61="NO",Y61="NO",Z61="NO",AA61="NO",AB61="NO",AC61="NO"),"No aceptable","Aceptable") -> Aceptable | AV61: {=IF(OR(AE61:AU61="SI"),"Critico","No critico")} -> No critico
A62: =Inicial!A60 -> 58 | B62: =Inicial!B60 -> Faenación | C62: =Inicial!C60 -> Empaque - Chiller | D62: =Inicial!D60 -> Fechado | E62: =IF(Inicial!K60="SI",Inicial!E60,"N/A") -> N/A | F62: =IF(Inicial!K60="SI",Inicial!F60,"N/A") -> N/A | G62: =IF(Inicial!K60="SI",Inicial!G60,"N/A") -> N/A | H62: =IF(Inicial!K60="SI",Inicial!H60,"N/A") -> N/A | I62: =IF(Inicial!K60="SI",Inicial!I60,"N/A") -> N/A | AD62: =IF(OR(J62="NO",K62="NO",L62="NO",M62="NO",N62="NO",O62="NO",P62="NO",R62="NO",S62="NO",T62="NO",U62="NO", V62="NO",W62="NO",Y62="NO",Z62="NO",AA62="NO",AB62="NO",AC62="NO"),"No aceptable","Aceptable") -> Aceptable | AV62: {=IF(OR(AE62:AU62="SI"),"Critico","No critico")} -> No critico
A63: =Inicial!A61 -> 59 | B63: =Inicial!B61 -> Faenación | C63: =Inicial!C61 -> Empaque - Chiller | D63: =Inicial!D61 -> Paletizador | E63: =IF(Inicial!K61="SI",Inicial!E61,"N/A") -> N/A | F63: =IF(Inicial!K61="SI",Inicial!F61,"N/A") -> N/A | G63: =IF(Inicial!K61="SI",Inicial!G61,"N/A") -> N/A | H63: =IF(Inicial!K61="SI",Inicial!H61,"N/A") -> N/A | I63: =IF(Inicial!K61="SI",Inicial!I61,"N/A") -> N/A | AD63: =IF(OR(J63="NO",K63="NO",L63="NO",M63="NO",N63="NO",O63="NO",P63="NO",R63="NO",S63="NO",T63="NO",U63="NO", V63="NO",W63="NO",Y63="NO",Z63="NO",AA63="NO",AB63="NO",AC63="NO"),"No aceptable","Aceptable") -> Aceptable | AV63: {=IF(OR(AE63:AU63="SI"),"Critico","No critico")} -> No critico
A64: =Inicial!A62 -> 60 | B64: =Inicial!B62 -> Faenación | C64: =Inicial!C62 -> Empaque - Chiller | D64: =Inicial!D62 -> Transpaletero | E64: =IF(Inicial!K62="SI",Inicial!E62,"N/A") -> N/A | F64: =IF(Inicial!K62="SI",Inicial!F62,"N/A") -> N/A | G64: =IF(Inicial!K62="SI",Inicial!G62,"N/A") -> N/A | H64: =IF(Inicial!K62="SI",Inicial!H62,"N/A") -> N/A | I64: =IF(Inicial!K62="SI",Inicial!I62,"N/A") -> N/A | AD64: =IF(OR(J64="NO",K64="NO",L64="NO",M64="NO",N64="NO",O64="NO",P64="NO",R64="NO",S64="NO",T64="NO",U64="NO", V64="NO",W64="NO",Y64="NO",Z64="NO",AA64="NO",AB64="NO",AC64="NO"),"No aceptable","Aceptable") -> Aceptable | AV64: {=IF(OR(AE64:AU64="SI"),"Critico","No critico")} -> No critico
A65: =Inicial!A63 -> 61 | B65: =Inicial!B63 -> Faenación | C65: =Inicial!C63 -> Empaque - Chiller | D65: =Inicial!D63 -> Jefe de Línea | E65: =IF(Inicial!K63="SI",Inicial!E63,"N/A") -> N/A | F65: =IF(Inicial!K63="SI",Inicial!F63,"N/A") -> N/A | G65: =IF(Inicial!K63="SI",Inicial!G63,"N/A") -> N/A | H65: =IF(Inicial!K63="SI",Inicial!H63,"N/A") -> N/A | I65: =IF(Inicial!K63="SI",Inicial!I63,"N/A") -> N/A | AD65: =IF(OR(J65="NO",K65="NO",L65="NO",M65="NO",N65="NO",O65="NO",P65="NO",R65="NO",S65="NO",T65="NO",U65="NO", V65="NO",W65="NO",Y65="NO",Z65="NO",AA65="NO",AB65="NO",AC65="NO"),"No aceptable","Aceptable") -> Aceptable | AV65: {=IF(OR(AE65:AU65="SI"),"Critico","No critico")} -> No critico
A66: =Inicial!A64 -> 0 | B66: =Inicial!B64 -> 0 | C66: =Inicial!C64 -> 0 | D66: =Inicial!D64 -> 0 | E66: =IF(Inicial!K64="SI",Inicial!E64,"N/A") -> N/A | F66: =IF(Inicial!K64="SI",Inicial!F64,"N/A") -> N/A | G66: =IF(Inicial!K64="SI",Inicial!G64,"N/A") -> N/A | H66: =IF(Inicial!K64="SI",Inicial!H64,"N/A") -> N/A | I66: =IF(Inicial!K64="SI",Inicial!I64,"N/A") -> N/A | AD66: =IF(OR(J66="NO",K66="NO",L66="NO",M66="NO",N66="NO",O66="NO",P66="NO",R66="NO",S66="NO",T66="NO",U66="NO", V66="NO",W66="NO",Y66="NO",Z66="NO",AA66="NO",AB66="NO",AC66="NO"),"No aceptable","Aceptable") -> Aceptable | AV66: {=IF(OR(AE66:AU66="SI"),"Critico","No critico")} -> No critico

Sheet MMC Levantamiento-Descenso
A1: Levantamiento y Descenso | F1: Horas extras | H1: N° Trabajadores Expuestos | J1: IDENTIFICACIÓN AVANZADA – Tarea(s) con MMC: Levantamiento, Descenso y Transporte de cargas de 3kg o más – Condición Aceptable AMBIENTE TRABAJO | M1: IDENTIFICACIÓN AVANZADA – Tarea(s) con MMC: Levantamiento, Descenso y Transporte de cargas de 3kg o más – Condición Aceptable CARACTERITICA DE LA CARGA | Q1: IDENTIFICACIÓN AVANZADA – Tarea(s) con MMC: Levantamiento, Descenso y Transporte de cargas de 3kg o más – Condición Aceptable PESO DE CARGA 3KG A 5 KG | U1: IDENTIFICACIÓN AVANZADA – Tarea(s) con MMC: Levantamiento, Descenso y Transporte de cargas de 3kg o más – Condición Aceptable PESO DE CARGA 5 KG A 10 KG | Y1: IDENTIFICACIÓN AVANZADA – Tarea(s) con MMC: Levantamiento, Descenso y Transporte de cargas de 3kg o más – Condición Aceptable SOBRE 10 KG | Z1: Transporte manual de carga. ¿El peso acumulado transportado* es menor a los valores recomendados? Distancia <= 10 metros | AC1: Transporte manual de carga. ¿El peso acumulado transportado* es menor a los valores recomendados? Distancia > = 10 metros | AF1: Ausencia de posturas inadecuadas durante el transporte de la carga | AG1: RESULTADO | AH1: IDENTIFICACIÓN AVANZADA – Tarea(s) con MMC: Levantamiento, Descenso y Transporte de cargas de 3kg o más – Condición Crítica AMBIENTE TRABAJO | AK1: IDENTIFICACIÓN AVANZADA – Tarea(s) con MMC: Levantamiento, Descenso y Transporte de cargas de 3kg o más – Condición Crítica CARACTERISTICA DE LA CARGA | AO1: IDENTIFICACIÓN AVANZADA – Tarea(s) con MMC: Levantamiento, Descenso y Transporte de cargas de 3kg o más – Condición Crítica HORAS DE TRABAJO | AP1: Presencia de tarea de levantamiento/descenso y transporte de carga con condiciones de diseño y frecuencia que exceden los valores máximos sugeridos | AW1: Condición crítica: presencia de tarea de levantamiento/descenso y transporte con peso de la carga que exceda los siguientes límites | BB1: Levantamiento / descenso y transporte manual de carga | BD1: RESULTADO | BE1: Plan de acción
A2: N° | B2: Área de trabajo | C2: Puesto de trabajo | D2: Tareas del puesto de trabajo | E2: Horario de funcionamiento | F2: Por dia | G2: Por Semana | H2: HOMBRE | I2: MUJER | J2: La temperatura en donde se realiza la tarea está entre los 18° y 26° (grados Celsius). | K2: El piso se encuentra en buenas condiciones (regular, seco y estable) | L2: El espacio de trabajo permite el normal movimiento de los trabajadores (sin generar posturas incómodas) durante el levantamiento/descenso y/o transporte | M2: El tamaño de la carga permite la visibilidad y movimientos normales del trabajador | N2: El centro de gravedad de la carga es estable | O2: La carga permite su agarre sin riesgo de cortes, compresión o quemaduras. | P2: La tarea de levantamiento/descenso o transporte de carga dura menos de 8 horas. | Q2: Se observa ausencia de asimetría (Ej: cuerpo rotado, torsión y/o inclinación de tronco) | R2: La carga es mantenida cerca del cuerpo | S2: El desplazamiento vertical de la carga se realiza entre las caderas y los hombros | T2: Frecuencia máxima de MMC: el levantamiento/descenso es menor a 5 veces por minuto | U2: Se observa ausencia de asimetría (Ej: cuerpo rotado, torsión y/o inclinación de tronco) | V2: La carga es mantenida cerca del cuerpo | W2: El desplazamiento vertical de la carga se realiza entre las caderas y los hombros | X2: Frecuencia máxima de MMC: el levantamiento/descenso es menor a 1 vez por minuto | Y2: Ausencia de cargas mayores a 10 kg | Z2: 8 hr = 10.000 kg | AA2: 1 hora = 1.500 kilos | AB2: 1 minuto = 30 kilos | AC2: 8 hr = 6.000 kg | AD2: 1 hora = 750 kilos | AE2: 1 minuto = 15 kilos | AG2: Condición Aceptable | AH2: Presencia de temperatura extrema (bajo 16° o superior a los 26° grados Celsius) y sin ropa adecuada que proteja de las temperaturas extremas | AI2: Presencia de suelo resbaladizo, irregular o inestable | AJ2: Presencia de espacio insuficiente para el levantamiento/descenso y transporte de carga que genera posturas incómodas o restricción en el movimiento. | AK2: El tamaño de la carga reduce la visión del trabajador y/o dificulta su movimiento | AL2: El centro de gravedad de la carga no es estable (ej.: líquidos, elementos que se mueven dentro de la carga) | AM2: La forma/configuración de la carga presenta bordes, superficies o protuberancias afiladas | AN2: Las superficies de contacto son demasiado frías o demasiado calientes | AO2: La tarea de levantamiento/descenso o transporte de carga dura más de 8 hrs. | AP2: Posición vertical La ubicación de las manos al inicio o final del levantamiento/descenso de una carga es superior a 155 cm o inferior a 20 cm | AQ2: Desplazamiento vertical La distancia vertical entre el origen y el destino del objeto manipulado es mayor a 135 cm | AR2: Distancia horizontal La distancia horizontal entre el cuerpo y las manos (nudillos) es superior a 55 cm correspondiente a la zona de alcance máximo de brazos | AS2: Asimetría Rotación o inclinación extrema del tronco sin movimientos de los pies | AT2: Frecuencia Corta duración: más de 15 levant./desc. por min, en una tarea que no supere los 60 min seguidos en el turno de trabajo y seguida de al menos 60 min de desc. o tarea liviana (que no implique MMC) | AU2: Frecuencia Media duración: + de 12 levant/desc por min, en una tarea que no supere los 120 min seguidos en el turno de trabajo y seguida de al menos 30 min de descanso o tarea liviana (que no implique MMC). | AV2: Frecuencia Larga duración: más de 8 levantamientos/descensos por minuto, en una tarea que supere los 120 minutos seguidos en el turno de trabajo | AW2: Hombres (18-45 años) 25KG | AX2: Mujeres (18-45 años) 20KG | AY2: Hombres (<18 o >45 años) 20KG | AZ2: Mujeres (<18 o >45 años) 15KG | BA2: Mujer embarazada 3KG | BB2: Distancia de transporte de 20 mt o más 6.000 kg en 8 hr | BC2: Distancia de transporte menos de 20 mt 10.000 kg en 8 hr | BD2: Condición Crítica | BE2: Fecha aplicación identificación avanzada | BF2: Medidas de control (administrativas) | BG2: Medidas de control (Ingeniería) | BH2: Responsable aplicación medida | BI2: Fecha de implementación medidas (Max 90 días) | BJ2: Evidencia
A3: =Inicial!A3 -> 1 | B3: =Inicial!B3 -> Faenación | C3: =Inicial!C3 -> Colgado | D3: =Inicial!D3 -> Colgado de aves | E3: =IF(Inicial!L3="SI",Inicial!E3,"N/A") -> N/A | F3: =IF(Inicial!L3="SI",Inicial!F3,"N/A") -> N/A | G3: =IF(Inicial!L3="SI",Inicial!G3,"N/A") -> N/A | H3: =IF(Inicial!L3="SI",Inicial!H3,"N/A") -> N/A | I3: =IF(Inicial!L3="SI",Inicial!I3,"N/A") -> N/A | AG3: {=IF(OR(M3:AF3="NO"),"No aceptable","Aceptable")} -> Aceptable | BD3: {=IF(OR(AK3:BC3="SI"),"Critico","No Critico")} -> No Critico
A4: =Inicial!A4 -> 2 | B4: =Inicial!B4 -> Faenación | C4: =Inicial!C4 -> Colgado | D4: =Inicial!D4 -> Revision de contenedores | E4: =IF(Inicial!L4="SI",Inicial!E4,"N/A") -> N/A | F4: =IF(Inicial!L4="SI",Inicial!F4,"N/A") -> N/A | G4: =IF(Inicial!L4="SI",Inicial!G4,"N/A") -> N/A | H4: =IF(Inicial!L4="SI",Inicial!H4,"N/A") -> N/A | I4: =IF(Inicial!L4="SI",Inicial!I4,"N/A") -> N/A | AG4: {=IF(OR(M4:AF4="NO"),"No aceptable","Aceptable")} -> Aceptable | BD4: {=IF(OR(AK4:BC4="SI"),"Critico","No Critico")} -> No Critico
A5: =Inicial!A5 -> 3 | B5: =Inicial!B5 -> Faenación | C5: =Inicial!C5 -> Colgado | D5: =Inicial!D5 -> Extracción de pollo mortecino | E5: =IF(Inicial!L5="SI",Inicial!E5,"N/A") -> N/A | F5: =IF(Inicial!L5="SI",Inicial!F5,"N/A") -> N/A | G5: =IF(Inicial!L5="SI",Inicial!G5,"N/A") -> N/A | H5: =IF(Inicial!L5="SI",Inicial!H5,"N/A") -> N/A | I5: =IF(Inicial!L5="SI",Inicial!I5,"N/A") -> N/A | AG5: {=IF(OR(M5:AF5="NO"),"No aceptable","Aceptable")} -> Aceptable | BD5: {=IF(OR(AK5:BC5="SI"),"Critico","No Critico")} -> No Critico
A6: =Inicial!A6 -> 4 | B6: =Inicial!B6 -> Faenación | C6: =Inicial!C6 -> Colgado | D6: =Inicial!D6 -> Gruero | E6: =IF(Inicial!L6="SI",Inicial!E6,"N/A") -> N/A | F6: =IF(Inicial!L6="SI",Inicial!F6,"N/A") -> N/A | G6: =IF(Inicial!L6="SI",Inicial!G6,"N/A") -> N/A | H6: =IF(Inicial!L6="SI",Inicial!H6,"N/A") -> N/A | I6: =IF(Inicial!L6="SI",Inicial!I6,"N/A") -> N/A | AG6: {=IF(OR(M6:AF6="NO"),"No aceptable","Aceptable")} -> Aceptable | BD6: {=IF(OR(AK6:BC6="SI"),"Critico","No Critico")} -> No Critico
A7: =Inicial!A7 -> 5 | B7: =Inicial!B7 -> Faenación | C7: =Inicial!C7 -> Colgado | D7: =Inicial!D7 -> Jefe de línea | E7: =IF(Inicial!L7="SI",Inicial!E7,"N/A") -> N/A | F7: =IF(Inicial!L7="SI",Inicial!F7,"N/A") -> N/A | G7: =IF(Inicial!L7="SI",Inicial!G7,"N/A") -> N/A | H7: =IF(Inicial!L7="SI",Inicial!H7,"N/A") -> N/A | I7: =IF(Inicial!L7="SI",Inicial!I7,"N/A") -> N/A | AG7: {=IF(OR(M7:AF7="NO"),"No aceptable","Aceptable")} -> Aceptable | BD7: {=IF(OR(AK7:BC7="SI"),"Critico","No Critico")} -> No Critico
A8: =Inicial!A8 -> 6 | B8: =Inicial!B8 -> Faenación | C8: =Inicial!C8 -> Colgado | D8: =Inicial!D8 -> Secretario | E8: =IF(Inicial!L8="SI",Inicial!E8,"N/A") -> N/A | F8: =IF(Inicial!L8="SI",Inicial!F8,"N/A") -> N/A | G8: =IF(Inicial!L8="SI",Inicial!G8,"N/A") -> N/A | H8: =IF(Inicial!L8="SI",Inicial!H8,"N/A") -> N/A | I8: =IF(Inicial!L8="SI",Inicial!I8,"N/A") -> N/A | AG8: {=IF(OR(M8:AF8="NO"),"No aceptable","Aceptable")} -> Aceptable | BD8: {=IF(OR(AK8:BC8="SI"),"Critico","No Critico")} -> No Critico
A9: =Inicial!A9 -> 7 | B9: =Inicial!B9 -> Faenación | C9: =Inicial!C9 -> Colgado | D9: =Inicial!D9 -> Recepcion de guia | E9: =IF(Inicial!L9="SI",Inicial!E9,"N/A") -> N/A | F9: =IF(Inicial!L9="SI",Inicial!F9,"N/A") -> N/A | G9: =IF(Inicial!L9="SI",Inicial!G9,"N/A") -> N/A | H9: =IF(Inicial!L9="SI",Inicial!H9,"N/A") -> N/A | I9: =IF(Inicial!L9="SI",Inicial!I9,"N/A") -> N/A | AG9: {=IF(OR(M9:AF9="NO"),"No aceptable","Aceptable")} -> Aceptable | BD9: {=IF(OR(AK9:BC9="SI"),"Critico","No Critico")} -> No Critico
A10: =Inicial!A10 -> 8 | B10: =Inicial!B10 -> Faenación | C10: =Inicial!C10 -> Colgado | D10: =Inicial!D10 -> Encargado de PC | E10: =IF(Inicial!L10="SI",Inicial!E10,"N/A") -> N/A | F10: =IF(Inicial!L10="SI",Inicial!F10,"N/A") -> N/A | G10: =IF(Inicial!L10="SI",Inicial!G10,"N/A") -> N/A | H10: =IF(Inicial!L10="SI",Inicial!H10,"N/A") -> N/A | I10: =IF(Inicial!L10="SI",Inicial!I10,"N/A") -> N/A | AG10: {=IF(OR(M10:AF10="NO"),"No aceptable","Aceptable")} -> Aceptable | BD10: {=IF(OR(AK10:BC10="SI"),"Critico","No Critico")} -> No Critico
A11: =Inicial!A11 -> 9 | B11: =Inicial!B11 -> Faenación | C11: =Inicial!C11 -> Sacrificio | D11: =Inicial!D11 -> Pollo Chico | E11: =IF(Inicial!L11="SI",Inicial!E11,"N/A") -> N/A | F11: =IF(Inicial!L11="SI",Inicial!F11,"N/A") -> N/A | G11: =IF(Inicial!L11="SI",Inicial!G11,"N/A") -> N/A | H11: =IF(Inicial!L11="SI",Inicial!H11,"N/A") -> N/A | I11: =IF(Inicial!L11="SI",Inicial!I11,"N/A") -> N/A | AG11: {=IF(OR(M11:AF11="NO"),"No aceptable","Aceptable")} -> Aceptable | BD11: {=IF(OR(AK11:BC11="SI"),"Critico","No Critico")} -> No Critico
A12: =Inicial!A12 -> 10 | B12: =Inicial!B12 -> Faenación | C12: =Inicial!C12 -> Sacrificio | D12: =Inicial!D12 -> Desgollador | E12: =IF(Inicial!L12="SI",Inicial!E12,"N/A") -> N/A | F12: =IF(Inicial!L12="SI",Inicial!F12,"N/A") -> N/A | G12: =IF(Inicial!L12="SI",Inicial!G12,"N/A") -> N/A | H12: =IF(Inicial!L12="SI",Inicial!H12,"N/A") -> N/A | I12: =IF(Inicial!L12="SI",Inicial!I12,"N/A") -> N/A | AG12: {=IF(OR(M12:AF12="NO"),"No aceptable","Aceptable")} -> Aceptable | BD12: {=IF(OR(AK12:BC12="SI"),"Critico","No Critico")} -> No Critico
A13: =Inicial!A13 -> 11 | B13: =Inicial!B13 -> Faenación | C13: =Inicial!C13 -> Sacrificio | D13: =Inicial!D13 -> Repase de pluma | E13: =IF(Inicial!L13="SI",Inicial!E13,"N/A") -> N/A | F13: =IF(Inicial!L13="SI",Inicial!F13,"N/A") -> N/A | G13: =IF(Inicial!L13="SI",Inicial!G13,"N/A") -> N/A | H13: =IF(Inicial!L13="SI",Inicial!H13,"N/A") -> N/A | I13: =IF(Inicial!L13="SI",Inicial!I13,"N/A") -> N/A | AG13: {=IF(OR(M13:AF13="NO"),"No aceptable","Aceptable")} -> Aceptable | BD13: {=IF(OR(AK13:BC13="SI"),"Critico","No Critico")} -> No Critico
A14: =Inicial!A14 -> 12 | B14: =Inicial!B14 -> Faenación | C14: =Inicial!C14 -> Eviscerado | D14: =Inicial!D14 -> Maquinista sacrificio | E14: =IF(Inicial!L14="SI",Inicial!E14,"N/A") -> N/A | F14: =IF(Inicial!L14="SI",Inicial!F14,"N/A") -> N/A | G14: =IF(Inicial!L14="SI",Inicial!G14,"N/A") -> N/A | H14: =IF(Inicial!L14="SI",Inicial!H14,"N/A") -> N/A | I14: =IF(Inicial!L14="SI",Inicial!I14,"N/A") -> N/A | AG14: {=IF(OR(M14:AF14="NO"),"No aceptable","Aceptable")} -> Aceptable | BD14: {=IF(OR(AK14:BC14="SI"),"Critico","No Critico")} -> No Critico
... A27: =Inicial!A27 -> 25 | B27: =Inicial!B27 -> Faenación | C27: =Inicial!C27 -> Eviscerado | D27: =Inicial!D27 -> Recuperacion de peritonitis | E27: =IF(Inicial!L27="SI",Inicial!E27,"N/A") -> N/A | F27: =IF(Inicial!L27="SI",Inicial!F27,"N/A") -> N/A | G27: =IF(Inicial!L27="SI",Inicial!G27,"N/A") -> N/A | H27: =IF(Inicial!L27="SI",Inicial!H27,"N/A") -> N/A | I27: =IF(Inicial!L27="SI",Inicial!I27,"N/A") -> N/A | AG27: {=IF(OR(M27:AF27="NO"),"No aceptable","Aceptable")} -> Aceptable | BD27: {=IF(OR(AK27:BC27="SI"),"Critico","No Critico")} -> No Critico
A28: =Inicial!A28 -> 26 | B28: =Inicial!B28 -> Faenación | C28: =Inicial!C28 -> Eviscerado | D28: =Inicial!D28 -> Decomiso | E28: =IF(Inicial!L28="SI",Inicial!E28,"N/A") -> 03:30 - 11:50 / 11:50 - 21:15 | F28: =IF(Inicial!L28="SI",Inicial!F28,"N/A") -> N/A | G28: =IF(Inicial!L28="SI",Inicial!G28,"N/A") -> 2 | H28: =IF(Inicial!L28="SI",Inicial!H28,"N/A") -> 87 | I28: =IF(Inicial!L28="SI",Inicial!I28,"N/A") -> 0 | J28: NO | K28: SI | L28: SI | M28: SI | N28: SI | O28: SI | P28: SI | Q28: N/A | R28: N/A | S28: N/A | T28: N/A | U28: N/A | V28: N/A | W28: N/A | X28: N/A | Y28: NO | Z28: SI | AA28: SI | AB28: SI | AC28: SI | AD28: SI | AE28: SI | AF28: SI | AG28: {=IF(OR(M28:AF28="NO"),"No aceptable","Aceptable")} -> No aceptable | AH28: NO | AI28: NO | AJ28: NO | AK28: NO | AL28: NO | AM28: NO | AN28: NO | AO28: NO | AP28: NO | AQ28: NO | AR28: NO | AS28: NO | AT28: N/A | AU28: N/A | AV28: N/A | AW28: NO | AX28: N/A | AY28: NO | AZ28: N/A | BA28: N/A | BB28: NO | BC28: NO | BD28: {=IF(OR(AK28:BC28="SI"),"Critico","No Critico")} -> No Critico
A29: =Inicial!A29 -> 27 | B29: =Inicial!B29 -> Faenación | C29: =Inicial!C29 -> Eviscerado | D29: =Inicial!D29 -> Auroceculitis | E29: =IF(Inicial!L29="SI",Inicial!E29,"N/A") -> N/A | F29: =IF(Inicial!L29="SI",Inicial!F29,"N/A") -> N/A | G29: =IF(Inicial!L29="SI",Inicial!G29,"N/A") -> N/A | H29: =IF(Inicial!L29="SI",Inicial!H29,"N/A") -> N/A | I29: =IF(Inicial!L29="SI",Inicial!I29,"N/A") -> N/A | AG29: {=IF(OR(M29:AF29="NO"),"No aceptable","Aceptable")} -> Aceptable | BD29: {=IF(OR(AK29:BC29="SI"),"Critico","No Critico")} -> No Critico
A30: =Inicial!A30 -> 28 | B30: =Inicial!B30 -> Faenación | C30: =Inicial!C30 -> Eviscerado | D30: =Inicial!D30 -> Jefe de línea | E30: =IF(Inicial!L30="SI",Inicial!E30,"N/A") -> N/A | F30: =IF(Inicial!L30="SI",Inicial!F30,"N/A") -> N/A | G30: =IF(Inicial!L30="SI",Inicial!G30,"N/A") -> N/A | H30: =IF(Inicial!L30="SI",Inicial!H30,"N/A") -> N/A | I30: =IF(Inicial!L30="SI",Inicial!I30,"N/A") -> N/A | AG30: {=IF(OR(M30:AF30="NO"),"No aceptable","Aceptable")} -> Aceptable | BD30: {=IF(OR(AK30:BC30="SI"),"Critico","No Critico")} -> No Critico
A31: =Inicial!A31 -> 29 | B31: =Inicial!B31 -> Faenación | C31: =Inicial!C31 -> Eviscerado | D31: =Inicial!D31 -> Supervisor | E31: =IF(Inicial!L31="SI",Inicial!E31,"N/A") -> N/A | F31: =IF(Inicial!L31="SI",Inicial!F31,"N/A") -> N/A | G31: =IF(Inicial!L31="SI",Inicial!G31,"N/A") -> N/A | H31: =IF(Inicial!L31="SI",Inicial!H31,"N/A") -> N/A | I31: =IF(Inicial!L31="SI",Inicial!I31,"N/A") -> N/A | AG31: {=IF(OR(M31:AF31="NO"),"No aceptable","Aceptable")} -> Aceptable | BD31: {=IF(OR(AK31:BC31="SI"),"Critico","No Critico")} -> No Critico
A32: =Inicial!A32 -> 30 | B32: =Inicial!B32 -> Faenación | C32: =Inicial!C32 -> Garras | D32: =Inicial!D32 -> Cinta Decomiso | E32: =IF(Inicial!L32="SI",Inicial!E32,"N/A") -> N/A | F32: =IF(Inicial!L32="SI",Inicial!F32,"N/A") -> N/A | G32: =IF(Inicial!L32="SI",Inicial!G32,"N/A") -> N/A | H32: =IF(Inicial!L32="SI",Inicial!H32,"N/A") -> N/A | I32: =IF(Inicial!L32="SI",Inicial!I32,"N/A") -> N/A | AG32: {=IF(OR(M32:AF32="NO"),"No aceptable","Aceptable")} -> Aceptable | BD32: {=IF(OR(AK32:BC32="SI"),"Critico","No Critico")} -> No Critico
A33: =Inicial!A33 -> 31 | B33: =Inicial!B33 -> Faenación | C33: =Inicial!C33 -> Garras | D33: =Inicial!D33 -> Embolsado Tolva/Seleccionador de Garras en Tolva | E33: =IF(Inicial!L33="SI",Inicial!E33,"N/A") -> N/A | F33: =IF(Inicial!L33="SI",Inicial!F33,"N/A") -> N/A | G33: =IF(Inicial!L33="SI",Inicial!G33,"N/A") -> N/A | H33: =IF(Inicial!L33="SI",Inicial!H33,"N/A") -> N/A | I33: =IF(Inicial!L33="SI",Inicial!I33,"N/A") -> N/A | AG33: {=IF(OR(M33:AF33="NO"),"No aceptable","Aceptable")} -> Aceptable | BD33: {=IF(OR(AK33:BC33="SI"),"Critico","No Critico")} -> No Critico
A34: =Inicial!A34 -> 32 | B34: =Inicial!B34 -> Faenación | C34: =Inicial!C34 -> Garras | D34: =Inicial!D34 -> Pesador de garras | E34: =IF(Inicial!L34="SI",Inicial!E34,"N/A") -> 04:05 - 12:25 / 12:15 A 21:45 | F34: =IF(Inicial!L34="SI",Inicial!F34,"N/A") -> N/A | G34: =IF(Inicial!L34="SI",Inicial!G34,"N/A") -> 2 | H34: =IF(Inicial!L34="SI",Inicial!H34,"N/A") -> 23 | I34: =IF(Inicial!L34="SI",Inicial!I34,"N/A") -> 17 | J34: NO | K34: SI | L34: SI | M34: SI | N34: SI | O34: SI | P34: SI | Q34: N/A | R34: N/A | S34: N/A | T34: N/A | U34: SI | V34: SI | W34: SI | X34: NO | Y34: SI | Z34: SI | AA34: SI | AB34: SI | AC34: SI | AD34: SI | AE34: SI | AF34: SI | AG34: {=IF(OR(M34:AF34="NO"),"No aceptable","Aceptable")} -> No aceptable | AH34: NO | AI34: NO | AJ34: NO | AK34: NO | AL34: NO | AM34: NO | AN34: NO | AO34: NO | AP34: NO | AQ34: NO | AR34: NO | AS34: NO | AT34: NO | AU34: NO | AV34: NO | AW34: NO | AX34: NO | AY34: N/A | AZ34: N/A | BA34: N/A | BB34: NO | BC34: NO | BD34: {=IF(OR(AK34:BC34="SI"),"Critico","No Critico")} -> No Critico
A35: =Inicial!A35 -> 33 | B35: =Inicial!B35 -> Faenación | C35: =Inicial!C35 -> Garras | D35: =Inicial!D35 -> Repaso de callos | E35: =IF(Inicial!L35="SI",Inicial!E35,"N/A") -> N/A | F35: =IF(Inicial!L35="SI",Inicial!F35,"N/A") -> N/A | G35: =IF(Inicial!L35="SI",Inicial!G35,"N/A") -> N/A | H35: =IF(Inicial!L35="SI",Inicial!H35,"N/A") -> N/A | I35: =IF(Inicial!L35="SI",Inicial!I35,"N/A") -> N/A | AG35: {=IF(OR(M35:AF35="NO"),"No aceptable","Aceptable")} -> Aceptable | BD35: {=IF(OR(AK35:BC35="SI"),"Critico","No Critico")} -> No Critico
A36: =Inicial!A36 -> 34 | B36: =Inicial!B36 -> Faenación | C36: =Inicial!C36 -> Garras | D36: =Inicial!D36 -> Traslado de Garra Larga | E36: =IF(Inicial!L36="SI",Inicial!E36,"N/A") -> 04:05 - 12:25 / 12:15 A 21:45 | F36: =IF(Inicial!L36="SI",Inicial!F36,"N/A") -> N/A | G36: =IF(Inicial!L36="SI",Inicial!G36,"N/A") -> 2 | H36: =IF(Inicial!L36="SI",Inicial!H36,"N/A") -> 23 | I36: =IF(Inicial!L36="SI",Inicial!I36,"N/A") -> 17 | J36: NO | K36: SI | L36: SI | M36: SI | N36: SI | O36: SI | P36: SI | Q36: N/A | R36: N/A | S36: N/A | T36: N/A | U36: N/A | V36: N/A | W36: N/A | X36: N/A | Y36: NO | Z36: SI | AA36: SI | AB36: SI | AC36: SI | AD36: SI | AE36: SI | AF36: SI | AG36: {=IF(OR(M36:AF36="NO"),"No aceptable","Aceptable")} -> No aceptable | AH36: NO | AI36: NO | AJ36: NO | AK36: NO | AL36: NO | AM36: NO | AN36: NO | AO36: NO | AP36: NO | AQ36: NO | AR36: NO | AS36: NO | AT36: N/A | AU36: N/A | AV36: N/A | AW36: NO | AX36: NO | AY36: N/A | AZ36: N/A | BA36: N/A | BB36: NO | BC36: NO | BD36: {=IF(OR(AK36:BC36="SI"),"Critico","No Critico")} -> No Critico
A37: =Inicial!A37 -> 35 | B37: =Inicial!B37 -> Faenación | C37: =Inicial!C37 -> Garras | D37: =Inicial!D37 -> Seleccionador de garra | E37: =IF(Inicial!L37="SI",Inicial!E37,"N/A") -> N/A | F37: =IF(Inicial!L37="SI",Inicial!F37,"N/A") -> N/A | G37: =IF(Inicial!L37="SI",Inicial!G37,"N/A") -> N/A | H37: =IF(Inicial!L37="SI",Inicial!H37,"N/A") -> N/A | I37: =IF(Inicial!L37="SI",Inicial!I37,"N/A") -> N/A | AG37: {=IF(OR(M37:AF37="NO"),"No aceptable","Aceptable")} -> Aceptable | BD37: {=IF(OR(AK37:BC37="SI"),"Critico","No Critico")} -> No Critico
A38: =Inicial!A38 -> 36 | B38: =Inicial!B38 -> Faenación | C38: =Inicial!C38 -> Garras | D38: =Inicial!D38 -> Embalando garras | E38: =IF(Inicial!L38="SI",Inicial!E38,"N/A") -> N/A | F38: =IF(Inicial!L38="SI",Inicial!F38,"N/A") -> N/A | G38: =IF(Inicial!L38="SI",Inicial!G38,"N/A") -> N/A | H38: =IF(Inicial!L38="SI",Inicial!H38,"N/A") -> N/A | I38: =IF(Inicial!L38="SI",Inicial!I38,"N/A") -> N/A | AG38: {=IF(OR(M38:AF38="NO"),"No aceptable","Aceptable")} -> Aceptable | BD38: {=IF(OR(AK38:BC38="SI"),"Critico","No Critico")} -> No Critico
A39: =Inicial!A39 -> 37 | B39: =Inicial!B39 -> Faenación | C39: =Inicial!C39 -> Garras | D39: =Inicial!D39 -> Cortadora de garra larga | E39: =IF(Inicial!L39="SI",Inicial!E39,"N/A") -> N/A | F39: =IF(Inicial!L39="SI",Inicial!F39,"N/A") -> N/A | G39: =IF(Inicial!L39="SI",Inicial!G39,"N/A") -> N/A | H39: =IF(Inicial!L39="SI",Inicial!H39,"N/A") -> N/A | I39: =IF(Inicial!L39="SI",Inicial!I39,"N/A") -> N/A | AG39: {=IF(OR(M39:AF39="NO"),"No aceptable","Aceptable")} -> Aceptable | BD39: {=IF(OR(AK39:BC39="SI"),"Critico","No Critico")} -> No Critico
A40: =Inicial!A40 -> 38 | B40: =Inicial!B40 -> Faenación | C40: =Inicial!C40 -> Garras | D40: =Inicial!D40 -> Etiquetado en mesa de embalaje | E40: =IF(Inicial!L40="SI",Inicial!E40,"N/A") -> N/A | F40: =IF(Inicial!L40="SI",Inicial!F40,"N/A") -> N/A | G40: =IF(Inicial!L40="SI",Inicial!G40,"N/A") -> N/A | H40: =IF(Inicial!L40="SI",Inicial!H40,"N/A") -> N/A | I40: =IF(Inicial!L40="SI",Inicial!I40,"N/A") -> N/A | AG40: {=IF(OR(M40:AF40="NO"),"No aceptable","Aceptable")} -> Aceptable | BD40: {=IF(OR(AK40:BC40="SI"),"Critico","No Critico")} -> No Critico
A41: =Inicial!A41 -> 39 | B41: =Inicial!B41 -> Faenación | C41: =Inicial!C41 -> Garras | D41: =Inicial!D41 -> Nudillos | E41: =IF(Inicial!L41="SI",Inicial!E41,"N/A") -> N/A | F41: =IF(Inicial!L41="SI",Inicial!F41,"N/A") -> N/A | G41: =IF(Inicial!L41="SI",Inicial!G41,"N/A") -> N/A | H41: =IF(Inicial!L41="SI",Inicial!H41,"N/A") -> N/A | I41: =IF(Inicial!L41="SI",Inicial!I41,"N/A") -> N/A | AG41: {=IF(OR(M41:AF41="NO"),"No aceptable","Aceptable")} -> Aceptable | BD41: {=IF(OR(AK41:BC41="SI"),"Critico","No Critico")} -> No Critico
A42: =Inicial!A42 -> 40 | B42: =Inicial!B42 -> Faenación | C42: =Inicial!C42 -> Garras | D42: =Inicial!D42 -> Pesador de nudillos | E42: =IF(Inicial!L42="SI",Inicial!E42,"N/A") -> 04:05 - 12:25 / 12:15 A 21:45 | F42: =IF(Inicial!L42="SI",Inicial!F42,"N/A") -> N/A | G42: =IF(Inicial!L42="SI",Inicial!G42,"N/A") -> 2 | H42: =IF(Inicial!L42="SI",Inicial!H42,"N/A") -> 23 | I42: =IF(Inicial!L42="SI",Inicial!I42,"N/A") -> 17 | J42: NO | K42: SI | L42: SI | M42: SI | N42: SI | O42: SI | P42: SI | Q42: N/A | R42: N/A | S42: N/A | T42: N/A | U42: SI | V42: SI | W42: SI | X42: NO | Y42: SI | Z42: SI | AA42: SI | AB42: SI | AC42: SI | AD42: SI | AE42: SI | AF42: SI | AG42: {=IF(OR(M42:AF42="NO"),"No aceptable","Aceptable")} -> No aceptable | AH42: NO | AI42: NO | AJ42: NO | AK42: NO | AL42: NO | AM42: NO | AN42: NO | AO42: NO | AP42: NO | AQ42: NO | AR42: NO | AS42: NO | AT42: NO | AU42: NO | AV42: NO | AW42: NO | AX42: NO | AY42: N/A | AZ42: N/A | BA42: N/A | BB42: NO | BC42: NO | BD42: {=IF(OR(AK42:BC42="SI"),"Critico","No Critico")} -> No Critico
A43: =Inicial!A43 -> 41 | B43: =Inicial!B43 -> Faenación | C43: =Inicial!C43 -> Garras | D43: =Inicial!D43 -> Maquinista Garras | E43: =IF(Inicial!L43="SI",Inicial!E43,"N/A") -> N/A | F43: =IF(Inicial!L43="SI",Inicial!F43,"N/A") -> N/A | G43: =IF(Inicial!L43="SI",Inicial!G43,"N/A") -> N/A | H43: =IF(Inicial!L43="SI",Inicial!H43,"N/A") -> N/A | I43: =IF(Inicial!L43="SI",Inicial!I43,"N/A") -> N/A | AG43: {=IF(OR(M43:AF43="NO"),"No aceptable","Aceptable")} -> Aceptable | BD43: {=IF(OR(AK43:BC43="SI"),"Critico","No Critico")} -> No Critico
A44: =Inicial!A44 -> 42 | B44: =Inicial!B44 -> Faenación | C44: =Inicial!C44 -> Garras | D44: =Inicial!D44 -> Jefe de Línea | E44: =IF(Inicial!L44="SI",Inicial!E44,"N/A") -> N/A | F44: =IF(Inicial!L44="SI",Inicial!F44,"N/A") -> N/A | G44: =IF(Inicial!L44="SI",Inicial!G44,"N/A") -> N/A | H44: =IF(Inicial!L44="SI",Inicial!H44,"N/A") -> N/A | I44: =IF(Inicial!L44="SI",Inicial!I44,"N/A") -> N/A | AG44: {=IF(OR(M44:AF44="NO"),"No aceptable","Aceptable")} -> Aceptable | BD44: {=IF(OR(AK44:BC44="SI"),"Critico","No Critico")} -> No Critico
A45: =Inicial!A45 -> 43 | B45: =Inicial!B45 -> Faenación | C45: =Inicial!C45 -> Empaque - Chiller | D45: =Inicial!D45 -> Colgador aves frias | E45: =IF(Inicial!L45="SI",Inicial!E45,"N/A") -> N/A | F45: =IF(Inicial!L45="SI",Inicial!F45,"N/A") -> N/A | G45: =IF(Inicial!L45="SI",Inicial!G45,"N/A") -> N/A | H45: =IF(Inicial!L45="SI",Inicial!H45,"N/A") -> N/A | I45: =IF(Inicial!L45="SI",Inicial!I45,"N/A") -> N/A | AG45: {=IF(OR(M45:AF45="NO"),"No aceptable","Aceptable")} -> Aceptable | BD45: {=IF(OR(AK45:BC45="SI"),"Critico","No Critico")} -> No Critico
A46: =Inicial!A46 -> 44 | B46: =Inicial!B46 -> Faenación | C46: =Inicial!C46 -> Empaque - Chiller | D46: =Inicial!D46 -> Embolsador de pana | E46: =IF(Inicial!L46="SI",Inicial!E46,"N/A") -> N/A | F46: =IF(Inicial!L46="SI",Inicial!F46,"N/A") -> N/A | G46: =IF(Inicial!L46="SI",Inicial!G46,"N/A") -> N/A | H46: =IF(Inicial!L46="SI",Inicial!H46,"N/A") -> N/A | I46: =IF(Inicial!L46="SI",Inicial!I46,"N/A") -> N/A | AG46: {=IF(OR(M46:AF46="NO"),"No aceptable","Aceptable")} -> Aceptable | BD46: {=IF(OR(AK46:BC46="SI"),"Critico","No Critico")} -> No Critico
A47: =Inicial!A47 -> 45 | B47: =Inicial!B47 -> Faenación | C47: =Inicial!C47 -> Empaque - Chiller | D47: =Inicial!D47 -> Embalador de producto | E47: =IF(Inicial!L47="SI",Inicial!E47,"N/A") -> N/A | F47: =IF(Inicial!L47="SI",Inicial!F47,"N/A") -> N/A | G47: =IF(Inicial!L47="SI",Inicial!G47,"N/A") -> N/A | H47: =IF(Inicial!L47="SI",Inicial!H47,"N/A") -> N/A | I47: =IF(Inicial!L47="SI",Inicial!I47,"N/A") -> N/A | AG47: {=IF(OR(M47:AF47="NO"),"No aceptable","Aceptable")} -> Aceptable | BD47: {=IF(OR(AK47:BC47="SI"),"Critico","No Critico")} -> No Critico
A48: =Inicial!A48 -> 46 | B48: =Inicial!B48 -> Faenación | C48: =Inicial!C48 -> Empaque - Chiller | D48: =Inicial!D48 -> Embolsado de corazon | E48: =IF(Inicial!L48="SI",Inicial!E48,"N/A") -> N/A | F48: =IF(Inicial!L48="SI",Inicial!F48,"N/A") -> N/A | G48: =IF(Inicial!L48="SI",Inicial!G48,"N/A") -> N/A | H48: =IF(Inicial!L48="SI",Inicial!H48,"N/A") -> N/A | I48: =IF(Inicial!L48="SI",Inicial!I48,"N/A") -> N/A | AG48: {=IF(OR(M48:AF48="NO"),"No aceptable","Aceptable")} -> Aceptable | BD48: {=IF(OR(AK48:BC48="SI"),"Critico","No Critico")} -> No Critico
A49: =Inicial!A49 -> 47 | B49: =Inicial!B49 -> Faenación | C49: =Inicial!C49 -> Empaque - Chiller | D49: =Inicial!D49 -> Pesador de corazon | E49: =IF(Inicial!L49="SI",Inicial!E49,"N/A") -> N/A | F49: =IF(Inicial!L49="SI",Inicial!F49,"N/A") -> N/A | G49: =IF(Inicial!L49="SI",Inicial!G49,"N/A") -> N/A | H49: =IF(Inicial!L49="SI",Inicial!H49,"N/A") -> N/A | I49: =IF(Inicial!L49="SI",Inicial!I49,"N/A") -> N/A | AG49: {=IF(OR(M49:AF49="NO"),"No aceptable","Aceptable")} -> Aceptable | BD49: {=IF(OR(AK49:BC49="SI"),"Critico","No Critico")} -> No Critico
A50: =Inicial!A50 -> 48 | B50: =Inicial!B50 -> Faenación | C50: =Inicial!C50 -> Empaque - Chiller | D50: =Inicial!D50 -> Selección de corazon | E50: =IF(Inicial!L50="SI",Inicial!E50,"N/A") -> N/A | F50: =IF(Inicial!L50="SI",Inicial!F50,"N/A") -> N/A | G50: =IF(Inicial!L50="SI",Inicial!G50,"N/A") -> N/A | H50: =IF(Inicial!L50="SI",Inicial!H50,"N/A") -> N/A | I50: =IF(Inicial!L50="SI",Inicial!I50,"N/A") -> N/A | AG50: {=IF(OR(M50:AF50="NO"),"No aceptable","Aceptable")} -> Aceptable | BD50: {=IF(OR(AK50:BC50="SI"),"Critico","No Critico")} -> No Critico
A51: =Inicial!A51 -> 49 | B51: =Inicial!B51 -> Faenación | C51: =Inicial!C51 -> Empaque - Chiller | D51: =Inicial!D51 -> Embalador de contre | E51: =IF(Inicial!L51="SI",Inicial!E51,"N/A") -> N/A | F51: =IF(Inicial!L51="SI",Inicial!F51,"N/A") -> N/A | G51: =IF(Inicial!L51="SI",Inicial!G51,"N/A") -> N/A | H51: =IF(Inicial!L51="SI",Inicial!H51,"N/A") -> N/A | I51: =IF(Inicial!L51="SI",Inicial!I51,"N/A") -> N/A | AG51: {=IF(OR(M51:AF51="NO"),"No aceptable","Aceptable")} -> Aceptable | BD51: {=IF(OR(AK51:BC51="SI"),"Critico","No Critico")} -> No Critico
A52: =Inicial!A52 -> 50 | B52: =Inicial!B52 -> Faenación | C52: =Inicial!C52 -> Empaque - Chiller | D52: =Inicial!D52 -> Limpiador de pana | E52: =IF(Inicial!L52="SI",Inicial!E52,"N/A") -> N/A | F52: =IF(Inicial!L52="SI",Inicial!F52,"N/A") -> N/A | G52: =IF(Inicial!L52="SI",Inicial!G52,"N/A") -> N/A | H52: =IF(Inicial!L52="SI",Inicial!H52,"N/A") -> N/A | I52: =IF(Inicial!L52="SI",Inicial!I52,"N/A") -> N/A | AG52: {=IF(OR(M52:AF52="NO"),"No aceptable","Aceptable")} -> Aceptable | BD52: {=IF(OR(AK52:BC52="SI"),"Critico","No Critico")} -> No Critico
A53: =Inicial!A53 -> 51 | B53: =Inicial!B53 -> Faenación | C53: =Inicial!C53 -> Empaque - Chiller | D53: =Inicial!D53 -> Embolsador de contre | E53: =IF(Inicial!L53="SI",Inicial!E53,"N/A") -> N/A | F53: =IF(Inicial!L53="SI",Inicial!F53,"N/A") -> N/A | G53: =IF(Inicial!L53="SI",Inicial!G53,"N/A") -> N/A | H53: =IF(Inicial!L53="SI",Inicial!H53,"N/A") -> N/A | I53: =IF(Inicial!L53="SI",Inicial!I53,"N/A") -> N/A | AG53: {=IF(OR(M53:AF53="NO"),"No aceptable","Aceptable")} -> Aceptable | BD53: {=IF(OR(AK53:BC53="SI"),"Critico","No Critico")} -> No Critico
A54: =Inicial!A54 -> 52 | B54: =Inicial!B54 -> Faenación | C54: =Inicial!C54 -> Empaque - Chiller | D54: =Inicial!D54 -> Embalador de Pana | E54: =IF(Inicial!L54="SI",Inicial!E54,"N/A") -> N/A | F54: =IF(Inicial!L54="SI",Inicial!F54,"N/A") -> N/A | G54: =IF(Inicial!L54="SI",Inicial!G54,"N/A") -> N/A | H54: =IF(Inicial!L54="SI",Inicial!H54,"N/A") -> N/A | I54: =IF(Inicial!L54="SI",Inicial!I54,"N/A") -> N/A | AG54: {=IF(OR(M54:AF54="NO"),"No aceptable","Aceptable")} -> Aceptable | BD54: {=IF(OR(AK54:BC54="SI"),"Critico","No Critico")} -> No Critico
... A56: =Inicial!A56 -> 54 | B56: =Inicial!B56 -> Faenación | C56: =Inicial!C56 -> Empaque - Chiller | D56: =Inicial!D56 -> Maquinista chiller | E56: =IF(Inicial!L56="SI",Inicial!E56,"N/A") -> N/A | F56: =IF(Inicial!L56="SI",Inicial!F56,"N/A") -> N/A | G56: =IF(Inicial!L56="SI",Inicial!G56,"N/A") -> N/A | H56: =IF(Inicial!L56="SI",Inicial!H56,"N/A") -> N/A | I56: =IF(Inicial!L56="SI",Inicial!I56,"N/A") -> N/A | AG56: {=IF(OR(M56:AF56="NO"),"No aceptable","Aceptable")} -> Aceptable | BD56: {=IF(OR(AK56:BC56="SI"),"Critico","No Critico")} -> No Critico
A57: =Inicial!A57 -> 55 | B57: =Inicial!#REF! -> #REF! | C57: =Inicial!#REF! -> #REF! | D57: =Inicial!#REF! -> #REF! | E57: =IF(Inicial!#REF!="SI",Inicial!#REF!,"N/A") -> #REF! | F57: =IF(Inicial!#REF!="SI",Inicial!#REF!,"N/A") -> #REF! | G57: =IF(Inicial!#REF!="SI",Inicial!#REF!,"N/A") -> #REF! | H57: =IF(Inicial!#REF!="SI",Inicial!#REF!,"N/A") -> #REF! | I57: =IF(Inicial!#REF!="SI",Inicial!#REF!,"N/A") -> #REF! | AG57: {=IF(OR(M57:AF57="NO"),"No aceptable","Aceptable")} -> Aceptable | BD57: {=IF(OR(AK57:BC57="SI"),"Critico","No Critico")} -> No Critico
A58: =Inicial!A58 -> 56 | B58: =Inicial!B57 -> Faenación | C58: =Inicial!C57 -> Empaque - Chiller | D58: =Inicial!D57 -> Corchetera | E58: =IF(Inicial!L57="SI",Inicial!E57,"N/A") -> N/A | F58: =IF(Inicial!L57="SI",Inicial!F57,"N/A") -> N/A | G58: =IF(Inicial!L57="SI",Inicial!G57,"N/A") -> N/A | H58: =IF(Inicial!L57="SI",Inicial!H57,"N/A") -> N/A | I58: =IF(Inicial!L57="SI",Inicial!I57,"N/A") -> N/A | AG58: {=IF(OR(M58:AF58="NO"),"No aceptable","Aceptable")} -> Aceptable | BD58: {=IF(OR(AK58:BC58="SI"),"Critico","No Critico")} -> No Critico
A59: =Inicial!A59 -> 57 | B59: =Inicial!B58 -> Faenación | C59: =Inicial!C58 -> Empaque - Chiller | D59: =Inicial!D58 -> Pesador menudencia | E59: =IF(Inicial!L58="SI",Inicial!E58,"N/A") -> N/A | F59: =IF(Inicial!L58="SI",Inicial!F58,"N/A") -> N/A | G59: =IF(Inicial!L58="SI",Inicial!G58,"N/A") -> N/A | H59: =IF(Inicial!L58="SI",Inicial!H58,"N/A") -> N/A | I59: =IF(Inicial!L58="SI",Inicial!I58,"N/A") -> N/A | AG59: {=IF(OR(M59:AF59="NO"),"No aceptable","Aceptable")} -> Aceptable | BD59: {=IF(OR(AK59:BC59="SI"),"Critico","No Critico")} -> No Critico
A60: =Inicial!A60 -> 58 | B60: =Inicial!#REF! -> #REF! | C60: =Inicial!#REF! -> #REF! | D60: =Inicial!#REF! -> #REF! | E60: =IF(Inicial!#REF!="SI",Inicial!#REF!,"N/A") -> #REF! | F60: =IF(Inicial!#REF!="SI",Inicial!#REF!,"N/A") -> #REF! | G60: =IF(Inicial!#REF!="SI",Inicial!#REF!,"N/A") -> #REF! | H60: =IF(Inicial!#REF!="SI",Inicial!#REF!,"N/A") -> #REF! | I60: =IF(Inicial!#REF!="SI",Inicial!#REF!,"N/A") -> #REF! | AG60: {=IF(OR(M60:AF60="NO"),"No aceptable","Aceptable")} -> Aceptable | BD60: {=IF(OR(AK60:BC60="SI"),"Critico","No Critico")} -> No Critico
A61: =Inicial!A61 -> 59 | B61: =Inicial!B59 -> Faenación | C61: =Inicial!C59 -> Empaque - Chiller | D61: =Inicial!D59 -> Encargado de registro | E61: =IF(Inicial!L59="SI",Inicial!E59,"N/A") -> N/A | F61: =IF(Inicial!L59="SI",Inicial!F59,"N/A") -> N/A | G61: =IF(Inicial!L59="SI",Inicial!G59,"N/A") -> N/A | H61: =IF(Inicial!L59="SI",Inicial!H59,"N/A") -> N/A | I61: =IF(Inicial!L59="SI",Inicial!I59,"N/A") -> N/A | AG61: {=IF(OR(M61:AF61="NO"),"No aceptable","Aceptable")} -> Aceptable | BD61: {=IF(OR(AK61:BC61="SI"),"Critico","No Critico")} -> No Critico
A62: =Inicial!A62 -> 60 | B62: =Inicial!B60 -> Faenación | C62: =Inicial!C60 -> Empaque - Chiller | D62: =Inicial!D60 -> Fechado | E62: =IF(Inicial!L60="SI",Inicial!E60,"N/A") -> N/A | F62: =IF(Inicial!L60="SI",Inicial!F60,"N/A") -> N/A | G62: =IF(Inicial!L60="SI",Inicial!G60,"N/A") -> N/A | H62: =IF(Inicial!L60="SI",Inicial!H60,"N/A") -> N/A | I62: =IF(Inicial!L60="SI",Inicial!I60,"N/A") -> N/A | AG62: {=IF(OR(M62:AF62="NO"),"No aceptable","Aceptable")} -> Aceptable | BD62: {=IF(OR(AK62:BC62="SI"),"Critico","No Critico")} -> No Critico
A63: =Inicial!A63 -> 61 | B63: =Inicial!B61 -> Faenación | C63: =Inicial!C61 -> Empaque - Chiller | D63: =Inicial!D61 -> Paletizador | E63: =IF(Inicial!L61="SI",Inicial!E61,"N/A") -> 05:30-13:50 / 13:50-23:25 | F63: =IF(Inicial!L61="SI",Inicial!F61,"N/A") -> N/A | G63: =IF(Inicial!L61="SI",Inicial!G61,"N/A") -> 2 | H63: =IF(Inicial!L61="SI",Inicial!H61,"N/A") -> 81 | I63: =IF(Inicial!L61="SI",Inicial!I61,"N/A") -> 0 | J63: NO | K63: SI | L63: SI | M63: SI | N63: SI | O63: SI | P63: SI | Q63: SI | R63: SI | S63: SI | T63: SI | U63: SI | V63: SI | W63: SI | X63: SI | Y63: NO | Z63: SI | AA63: SI | AB63: SI | AC63: N/A | AD63: N/A | AE63: N/A | AF63: SI | AG63: {=IF(OR(M63:AF63="NO"),"No aceptable","Aceptable")} -> No aceptable | AH63: NO | AI63: NO | AJ63: NO | AK63: NO | AL63: NO | AM63: NO | AN63: NO | AO63: NO | AP63: NO | AQ63: NO | AR63: NO | AS63: NO | AT63: N/A | AU63: NO | AV63: N/A | AW63: NO | AX63: N/A | AY63: N/A | AZ63: N/A | BA63: N/A | BB63: N/A | BC63: NO | BD63: {=IF(OR(AK63:BC63="SI"),"Critico","No Critico")} -> No Critico
A64: =Inicial!A64 -> 0 | B64: =Inicial!B62 -> Faenación | C64: =Inicial!C62 -> Empaque - Chiller | D64: =Inicial!D62 -> Transpaletero | E64: =IF(Inicial!L62="SI",Inicial!E62,"N/A") -> N/A | F64: =IF(Inicial!L62="SI",Inicial!F62,"N/A") -> N/A | G64: =IF(Inicial!L62="SI",Inicial!G62,"N/A") -> N/A | H64: =IF(Inicial!L62="SI",Inicial!H62,"N/A") -> N/A | I64: =IF(Inicial!L62="SI",Inicial!I62,"N/A") -> N/A | AG64: {=IF(OR(M64:AF64="NO"),"No aceptable","Aceptable")} -> Aceptable | BD64: {=IF(OR(AK64:BC64="SI"),"Critico","No Critico")} -> No Critico
A65: =Inicial!A65 -> 0 | B65: =Inicial!B63 -> Faenación | C65: =Inicial!C63 -> Empaque - Chiller | D65: =Inicial!D63 -> Jefe de Línea | E65: =IF(Inicial!L63="SI",Inicial!E63,"N/A") -> N/A | F65: =IF(Inicial!L63="SI",Inicial!F63,"N/A") -> N/A | G65: =IF(Inicial!L63="SI",Inicial!G63,"N/A") -> N/A | H65: =IF(Inicial!L63="SI",Inicial!H63,"N/A") -> N/A | I65: =IF(Inicial!L63="SI",Inicial!I63,"N/A") -> N/A | AG65: {=IF(OR(M65:AF65="NO"),"No aceptable","Aceptable")} -> Aceptable | BD65: {=IF(OR(AK65:BC65="SI"),"Critico","No Critico")} -> No Critico
A66: =Inicial!A66 -> 0 | B66: =Inicial!B64 -> 0 | C66: =Inicial!C64 -> 0 | D66: =Inicial!D64 -> 0 | E66: =IF(Inicial!L64="SI",Inicial!E64,"N/A") -> N/A | F66: =IF(Inicial!L64="SI",Inicial!F64,"N/A") -> N/A | G66: =IF(Inicial!L64="SI",Inicial!G64,"N/A") -> N/A | H66: =IF(Inicial!L64="SI",Inicial!H64,"N/A") -> N/A | I66: =IF(Inicial!L64="SI",Inicial!I64,"N/A") -> N/A | AG66: {=IF(OR(M66:AF66="NO"),"No aceptable","Aceptable")} -> Aceptable | BD66: {=IF(OR(AK66:BC66="SI"),"Critico","No Critico")} -> No Critico
A67: =Inicial!A67 -> 0 | AG67: {=IF(OR(M67:AF67="NO"),"No aceptable","Aceptable")} -> Aceptable | BD67: {=IF(OR(AK67:BC67="SI"),"Critico","No Critico")} -> No Critico
A68: =Inicial!A68 -> 0 | AG68: {=IF(OR(M68:AF68="NO"),"No aceptable","Aceptable")} -> Aceptable | BD68: {=IF(OR(AK68:BC68="SI"),"Critico","No Critico")} -> No Critico
A69: =Inicial!A69 -> 0 | AG69: {=IF(OR(M69:AF69="NO"),"No aceptable","Aceptable")} -> Aceptable | BD69: {=IF(OR(AK69:BC69="SI"),"Critico","No Critico")} -> No Critico
A70: =Inicial!A70 -> 0 | AG70: {=IF(OR(M70:AF70="NO"),"No aceptable","Aceptable")} -> Aceptable | BD70: {=IF(OR(AK70:BC70="SI"),"Critico","No Critico")} -> No Critico
A71: =Inicial!A71 -> 0 | AG71: {=IF(OR(M71:AF71="NO"),"No aceptable","Aceptable")} -> Aceptable | BD71: {=IF(OR(AK71:BC71="SI"),"Critico","No Critico")} -> No Critico
A72: =Inicial!A72 -> 0 | AG72: {=IF(OR(M72:AF72="NO"),"No aceptable","Aceptable")} -> Aceptable | BD72: {=IF(OR(AK72:BC72="SI"),"Critico","No Critico")} -> No Critico
A73: =Inicial!A73 -> 0 | AG73: {=IF(OR(M73:AF73="NO"),"No aceptable","Aceptable")} -> Aceptable | BD73: {=IF(OR(AK73:BC73="SI"),"Critico","No Critico")} -> No Critico
A74: =Inicial!A74 -> 0 | AG74: {=IF(OR(M74:AF74="NO"),"No aceptable","Aceptable")} -> Aceptable | BD74: {=IF(OR(AK74:BC74="SI"),"Critico","No Critico")} -> No Critico
A75: =Inicial!A75 -> 0 | AG75: {=IF(OR(M75:AF75="NO"),"No aceptable","Aceptable")} -> Aceptable | BD75: {=IF(OR(AK75:BC75="SI"),"Critico","No Critico")} -> No Critico
A76: =Inicial!A76 -> 0 | AG76: {=IF(OR(M76:AF76="NO"),"No aceptable","Aceptable")} -> Aceptable | BD76: {=IF(OR(AK76:BC76="SI"),"Critico","No Critico")} -> No Critico
A77: =Inicial!A77 -> 0 | AG77: {=IF(OR(M77:AF77="NO"),"No aceptable","Aceptable")} -> Aceptable | BD77: {=IF(OR(AK77:BC77="SI"),"Critico","No Critico")} -> No Critico
A78: =Inicial!A78 -> 0 | AG78: {=IF(OR(M78:AF78="NO"),"No aceptable","Aceptable")} -> Aceptable | BD78: {=IF(OR(AK78:BC78="SI"),"Critico","No Critico")} -> No Critico
... A175: =Inicial!A175 -> 0 | AG175: {=IF(OR(M175:AF175="NO"),"No aceptable","Aceptable")} -> Aceptable | BD175: {=IF(OR(AK175:BC175="SI"),"Critico","No Critico")} -> No Critico

Sheet MMC Empuje-Arrastre 
A1: Empuje y Arrastre | F1: Horas extras | H1: N° Trabajadores Expuestos | J1: IDENTIFICACIÓN AVANZADA – Tarea(s) Empuje y arrastre de carga – Condición Aceptable AMBIENTE TRABAJO | M1: IDENTIFICACIÓN AVANZADA – Tarea(s) con MMC: Levantamiento, Descenso y Transporte de cargas de 3kg o más – Condición Aceptable CARACTERISTICA DEL CARRO O TRANSPALETA | R1: IDENTIFICACIÓN AVANZADA – Tarea(s) con MMC: Levantamiento, Descenso y Transporte de cargas de 3kg o más – Condición Aceptable MAGNITUD DE LA FUERZA | S1: IDENTIFICACIÓN AVANZADA – Tarea(s) con MMC: Levantamiento, Descenso y Transporte de cargas de 3kg o más – Condición Aceptable DURACIÓN | T1: IDENTIFICACIÓN AVANZADA – Tarea(s) con MMC: Levantamiento, Descenso y Transporte de cargas de 3kg o más – Condición Aceptable Altura aplicación de la Fuerza | U1: IDENTIFICACIÓN AVANZADA – Tarea(s) con MMC: Levantamiento, Descenso y Transporte de cargas de 3kg o más – Condición Aceptable POSTURA | V1: IDENTIFICACIÓN AVANZADA – Tarea(s) con MMC: Levantamiento, Descenso y Transporte de cargas de 3kg o más – Condición Aceptable ZONA DE AGARRE | W1: RESULTADO | X1: IDENTIFICACIÓN AVANZADA – Tarea(s) Empuje y arrastre de carga -Identificación avanzada – Condición Crítica AMBIENTE TRABAJO | AA1: IDENTIFICACIÓN AVANZADA – Tarea(s) Empuje y arrastre de carga -Identificación avanzada – Condición Crítica CARACTERISTICA DEL CARRO | AF1: IDENTIFICACIÓN AVANZADA – Tarea(s) con MMC: Levantamiento, Descenso y Transporte de cargas de 3kg o más – Condición Crítica HORAS DE TRABAJO | AG1: IDENTIFICACIÓN AVANZADA – Tarea(s) Empuje y arrastre de carga -Identificación avanzada – Condición Crítica MAGNITUD DE LA FUERZA | AH1: IDENTIFICACIÓN AVANZADA – Tarea(s) Empuje y arrastre de carga -Identificación avanzada – Condición Crítica DIRECCION DE LA FUERZA | AI1: IDENTIFICACIÓN AVANZADA – Tarea(s) Empuje y arrastre de carga -Identificación avanzada – Condición Crítica ESFUERZO FISICO | AJ1: IDENTIFICACIÓN AVANZADA – Tarea(s) Empuje y arrastre de carga -Identificación avanzada – Condición Crítica POSTURA | AK1: IDENTIFICACIÓN AVANZADA – Tarea(s) Empuje y arrastre de carga -Identificación avanzada – Condición Crítica ALTURA APLICACIÓN DE FUERZA | AL1: IDENTIFICACIÓN AVANZADA – Tarea(s) Empuje y arrastre de carga -Identificación avanzada – Condición Crítica ALTURA APLICACIÓN DE FUERZA | AM1: IDENTIFICACIÓN AVANZADA – Tarea(s) Empuje y arrastre de carga -Identificación avanzada – Condición Crítica ALTURA APLICACIÓN DE FUERZA | AN1: RESULTADO | AO1: Plan de acción
A2: N° | B2: Área de trabajo | C2: Puesto de trabajo | D2: Tareas del puesto de trabajo | E2: Horario de funcionamiento | F2: Por dia | G2: Por Semana | H2: HOMBRE | I2: MUJER | J2: La temperatura en donde se realiza la tarea está entre los 18° y 26° (grados Celsius). | K2: El piso en buenas condiciones (regular, compacto, seco y estable) y sin pendiente. | L2: Presencia de vías/caminos donde se permite el normal desplazamiento (espacio suficiente para el desplazamiento). | M2: El carro o transpaleta cargada permite la visibilidad y movimientos normales del trabajador. | N2: El centro de gravedad de la carga es estable. | O2: El carro o transpaleta permite su agarre sin riesgo de cortes, compresión o quemaduras. | P2: Presencia de ruedas grandes o pequeñas en buen estado. | Q2: Presencia de ruedas grandes o pequeñas adecuadas al tipo de carro, peso de la carga y vías de desplazamiento. | R2: Método dinamómetro (*): la fuerza inicial no supera los 10 kgs de fuerza y la fuerza de sustentación no supera los 5 kgs de fuerza. Método Escala de Borg: los trabajadores perciben leve esfuerzo físico (valor 2 o menos en escala de Borg) durante la tarea (s) de empuje y arrastre de carga | S2: La(s) tarea(s) de empuje y arrastre de carga duran hasta 8 hrs. diaria. | T2: La fuerza se realiza entre las caderas y la zona media del tronco. | U2: La fuerza de empuje o arrastre es aplicada con el tronco recto (sin flexión o torsión). | V2: Las manos están delante del cuerpo y entre los hombros cuando se realiza la fuerza de empuje o arrastre. | W2: Condición Aceptable | X2: Presencia de temperatura extrema (bajo 16° o superior a los 26° grados Celsius) y sin ropa adecuada que proteja de las temperaturas extremas | Y2: Presencia de suelo resbaladizo, irregular o inestable | Z2: Presencia de espacio insuficiente para el levantamiento/descenso y transporte de carga que genera posturas incómodas o restricción en el movimiento. | AA2: El carro o transpaleta reduce la vista del operador y/o dificulta su movimiento. | AB2: La carga es inestable. | AC2: El carro o transpaleta tienen condiciones peligrosas (bordes, superficies o protuberancias afiladas, etc) que pueden lesionar al trabajador. | AD2: Presencia de ruedas grandes o pequeñas en mal estado, rotas, desgastadas o con poca mantención. | AE2: Presencia de ruedas grandes o pequeñas inadecuadas al tipo de carro, peso de la carga y vías de desplazamiento. | AF2: La tarea de levantamiento/descenso o transporte de carga dura más de 8 hrs. | AG2: Método dinamómetro (*): 1. Fuerza inicial es superior a 36 kgs. (Hombres) o 24 kgs. (Mujeres). 2. Fuerza de sustentación es superior a 25 kgs. (Hombres) y 15 kgs. (Mujeres). Método Escala de Borg: los trabajadores perciben alto nivel de esfuerzo físico (valor 8 o más en escala de Borg) durante la (s) tarea (s) de empuje y arrastre de carga (Para obtener la información debe preguntar a los trabajadores utilizando la escala de Borg al final de este anexo). | AH2: Durante el desplazamiento la carga requiere de un levantamiento parcial, mientras se empuja o arrastra. | AI2: La fuerza de empuje o arrastre es realizada con movimientos bruscos o de manera poco controlada. | AJ2: La fuerza de empuje o arrastre es aplicada con el tronco en flexión o torsión significativa | AK2: Las manos no están delante del cuerpo o fuera del ancho de los hombros cuando se realiza la fuerza de empuje o arrastre. | AL2: La fuerza de empuje o arrastre es aplicada sobre los 150 cm o bajo los 60 cm. | AM2: La(s) tarea(s) de empuje y arrastre de carga duran más de 8 hrs. diaria. | AN2: Condición Crítica | AO2: Fecha aplicación identificación avanzada | AP2: Medidas de control (administrativas) | AQ2: Medidas de control (Ingeniería) | AR2: Responsable aplicación medida | AS2: Fecha de implementación medidas (Max 90 días) | AT2: Evidencia
A3: =Inicial!A3 -> 1 | B3: =Inicial!B3 -> Faenación | C3: =Inicial!C3 -> Colgado | D3: =Inicial!D3 -> Colgado de aves | E3: =IF(Inicial!M3="SI",Inicial!E3,"N/A") -> N/A | F3: =IF(Inicial!M3="SI",Inicial!F3,"N/A") -> N/A | G3: =IF(Inicial!M3="SI",Inicial!G3,"N/A") -> N/A | H3: =IF(Inicial!M3="SI",Inicial!H3,"N/A") -> N/A | I3: =IF(Inicial!M3="SI",Inicial!I3,"N/A") -> N/A | W3: {=IF(OR(M3:V3="NO"),"No aceptable","Aceptable")} -> Aceptable | AN3: {=IF(OR(AA3:AM3="SI"),"Critico","No Critico")} -> No Critico
A4: =Inicial!A4 -> 2 | B4: =Inicial!B4 -> Faenación | C4: =Inicial!C4 -> Colgado | D4: =Inicial!D4 -> Revision de contenedores | E4: =IF(Inicial!M4="SI",Inicial!E4,"N/A") -> N/A | F4: =IF(Inicial!M4="SI",Inicial!F4,"N/A") -> N/A | G4: =IF(Inicial!M4="SI",Inicial!G4,"N/A") -> N/A | H4: =IF(Inicial!M4="SI",Inicial!H4,"N/A") -> N/A | I4: =IF(Inicial!M4="SI",Inicial!I4,"N/A") -> N/A | W4: {=IF(OR(M4:V4="NO"),"No aceptable","Aceptable")} -> Aceptable | AN4: {=IF(OR(AA4:AM4="SI"),"Critico","No Critico")} -> No Critico
A5: =Inicial!A5 -> 3 | B5: =Inicial!B5 -> Faenación | C5: =Inicial!C5 -> Colgado | D5: =Inicial!D5 -> Extracción de pollo mortecino | E5: =IF(Inicial!M5="SI",Inicial!E5,"N/A") -> N/A | F5: =IF(Inicial!M5="SI",Inicial!F5,"N/A") -> N/A | G5: =IF(Inicial!M5="SI",Inicial!G5,"N/A") -> N/A | H5: =IF(Inicial!M5="SI",Inicial!H5,"N/A") -> N/A | I5: =IF(Inicial!M5="SI",Inicial!I5,"N/A") -> N/A | W5: {=IF(OR(M5:V5="NO"),"No aceptable","Aceptable")} -> Aceptable | AN5: {=IF(OR(AA5:AM5="SI"),"Critico","No Critico")} -> No Critico
A6: =Inicial!A6 -> 4 | B6: =Inicial!B6 -> Faenación | C6: =Inicial!C6 -> Colgado | D6: =Inicial!D6 -> Gruero | E6: =IF(Inicial!M6="SI",Inicial!E6,"N/A") -> N/A | F6: =IF(Inicial!M6="SI",Inicial!F6,"N/A") -> N/A | G6: =IF(Inicial!M6="SI",Inicial!G6,"N/A") -> N/A | H6: =IF(Inicial!M6="SI",Inicial!H6,"N/A") -> N/A | I6: =IF(Inicial!M6="SI",Inicial!I6,"N/A") -> N/A | W6: {=IF(OR(M6:V6="NO"),"No aceptable","Aceptable")} -> Aceptable | AN6: {=IF(OR(AA6:AM6="SI"),"Critico","No Critico")} -> No Critico
A7: =Inicial!A7 -> 5 | B7: =Inicial!B7 -> Faenación | C7: =Inicial!C7 -> Colgado | D7: =Inicial!D7 -> Jefe de línea | E7: =IF(Inicial!M7="SI",Inicial!E7,"N/A") -> N/A | F7: =IF(Inicial!M7="SI",Inicial!F7,"N/A") -> N/A | G7: =IF(Inicial!M7="SI",Inicial!G7,"N/A") -> N/A | H7: =IF(Inicial!M7="SI",Inicial!H7,"N/A") -> N/A | I7: =IF(Inicial!M7="SI",Inicial!I7,"N/A") -> N/A | W7: {=IF(OR(M7:V7="NO"),"No aceptable","Aceptable")} -> Aceptable | AN7: {=IF(OR(AA7:AM7="SI"),"Critico","No Critico")} -> No Critico
A8: =Inicial!A8 -> 6 | B8: =Inicial!B8 -> Faenación | C8: =Inicial!C8 -> Colgado | D8: =Inicial!D8 -> Secretario | E8: =IF(Inicial!M8="SI",Inicial!E8,"N/A") -> N/A | F8: =IF(Inicial!M8="SI",Inicial!F8,"N/A") -> N/A | G8: =IF(Inicial!M8="SI",Inicial!G8,"N/A") -> N/A | H8: =IF(Inicial!M8="SI",Inicial!H8,"N/A") -> N/A | I8: =IF(Inicial!M8="SI",Inicial!I8,"N/A") -> N/A | W8: {=IF(OR(M8:V8="NO"),"No aceptable","Aceptable")} -> Aceptable | AN8: {=IF(OR(AA8:AM8="SI"),"Critico","No Critico")} -> No Critico
A9: =Inicial!A9 -> 7 | B9: =Inicial!B9 -> Faenación | C9: =Inicial!C9 -> Colgado | D9: =Inicial!D9 -> Recepcion de guia | E9: =IF(Inicial!M9="SI",Inicial!E9,"N/A") -> N/A | F9: =IF(Inicial!M9="SI",Inicial!F9,"N/A") -> N/A | G9: =IF(Inicial!M9="SI",Inicial!G9,"N/A") -> N/A | H9: =IF(Inicial!M9="SI",Inicial!H9,"N/A") -> N/A | I9: =IF(Inicial!M9="SI",Inicial!I9,"N/A") -> N/A | W9: {=IF(OR(M9:V9="NO"),"No aceptable","Aceptable")} -> Aceptable | AN9: {=IF(OR(AA9:AM9="SI"),"Critico","No Critico")} -> No Critico
A10: =Inicial!A10 -> 8 | B10: =Inicial!B10 -> Faenación | C10: =Inicial!C10 -> Colgado | D10: =Inicial!D10 -> Encargado de PC | E10: =IF(Inicial!M10="SI",Inicial!E10,"N/A") -> N/A | F10: =IF(Inicial!M10="SI",Inicial!F10,"N/A") -> N/A | G10: =IF(Inicial!M10="SI",Inicial!G10,"N/A") -> N/A | H10: =IF(Inicial!M10="SI",Inicial!H10,"N/A") -> N/A | I10: =IF(Inicial!M10="SI",Inicial!I10,"N/A") -> N/A | W10: {=IF(OR(M10:V10="NO"),"No aceptable","Aceptable")} -> Aceptable | AN10: {=IF(OR(AA10:AM10="SI"),"Critico","No Critico")} -> No Critico
A11: =Inicial!A11 -> 9 | B11: =Inicial!B11 -> Faenación | C11: =Inicial!C11 -> Sacrificio | D11: =Inicial!D11 -> Pollo Chico | E11: =IF(Inicial!M11="SI",Inicial!E11,"N/A") -> N/A | F11: =IF(Inicial!M11="SI",Inicial!F11,"N/A") -> N/A | G11: =IF(Inicial!M11="SI",Inicial!G11,"N/A") -> N/A | H11: =IF(Inicial!M11="SI",Inicial!H11,"N/A") -> N/A | I11: =IF(Inicial!M11="SI",Inicial!I11,"N/A") -> N/A | W11: {=IF(OR(M11:V11="NO"),"No aceptable","Aceptable")} -> Aceptable | AN11: {=IF(OR(AA11:AM11="SI"),"Critico","No Critico")} -> No Critico
A12: =Inicial!A12 -> 10 | B12: =Inicial!B12 -> Faenación | C12: =Inicial!C12 -> Sacrificio | D12: =Inicial!D12 -> Desgollador | E12: =IF(Inicial!M12="SI",Inicial!E12,"N/A") -> N/A | F12: =IF(Inicial!M12="SI",Inicial!F12,"N/A") -> N/A | G12: =IF(Inicial!M12="SI",Inicial!G12,"N/A") -> N/A | H12: =IF(Inicial!M12="SI",Inicial!H12,"N/A") -> N/A | I12: =IF(Inicial!M12="SI",Inicial!I12,"N/A") -> N/A | W12: {=IF(OR(M12:V12="NO"),"No aceptable","Aceptable")} -> Aceptable | AN12: {=IF(OR(AA12:AM12="SI"),"Critico","No Critico")} -> No Critico
A13: =Inicial!A13 -> 11 | B13: =Inicial!B13 -> Faenación | C13: =Inicial!C13 -> Sacrificio | D13: =Inicial!D13 -> Repase de pluma | E13: =IF(Inicial!M13="SI",Inicial!E13,"N/A") -> N/A | F13: =IF(Inicial!M13="SI",Inicial!F13,"N/A") -> N/A | G13: =IF(Inicial!M13="SI",Inicial!G13,"N/A") -> N/A | H13: =IF(Inicial!M13="SI",Inicial!H13,"N/A") -> N/A | I13: =IF(Inicial!M13="SI",Inicial!I13,"N/A") -> N/A | W13: {=IF(OR(M13:V13="NO"),"No aceptable","Aceptable")} -> Aceptable | AN13: {=IF(OR(AA13:AM13="SI"),"Critico","No Critico")} -> No Critico
A14: =Inicial!A14 -> 12 | B14: =Inicial!B14 -> Faenación | C14: =Inicial!C14 -> Eviscerado | D14: =Inicial!D14 -> Maquinista sacrificio | E14: =IF(Inicial!M14="SI",Inicial!E14,"N/A") -> N/A | F14: =IF(Inicial!M14="SI",Inicial!F14,"N/A") -> N/A | G14: =IF(Inicial!M14="SI",Inicial!G14,"N/A") -> N/A | H14: =IF(Inicial!M14="SI",Inicial!H14,"N/A") -> N/A | I14: =IF(Inicial!M14="SI",Inicial!I14,"N/A") -> N/A | W14: {=IF(OR(M14:V14="NO"),"No aceptable","Aceptable")} -> Aceptable | AN14: {=IF(OR(AA14:AM14="SI"),"Critico","No Critico")} -> No Critico
... A27: =Inicial!A27 -> 25 | B27: =Inicial!B27 -> Faenación | C27: =Inicial!C27 -> Eviscerado | D27: =Inicial!D27 -> Recuperacion de peritonitis | E27: =IF(Inicial!M27="SI",Inicial!E27,"N/A") -> N/A | F27: =IF(Inicial!M27="SI",Inicial!F27,"N/A") -> N/A | G27: =IF(Inicial!M27="SI",Inicial!G27,"N/A") -> N/A | H27: =IF(Inicial!M27="SI",Inicial!H27,"N/A") -> N/A | I27: =IF(Inicial!M27="SI",Inicial!I27,"N/A") -> N/A | W27: {=IF(OR(M27:V27="NO"),"No aceptable","Aceptable")} -> Aceptable | AN27: {=IF(OR(AA27:AM27="SI"),"Critico","No Critico")} -> No Critico
A28: =Inicial!A28 -> 26 | B28: =Inicial!B28 -> Faenación | C28: =Inicial!C28 -> Eviscerado | D28: =Inicial!D28 -> Decomiso | E28: =IF(Inicial!M28="SI",Inicial!E28,"N/A") -> N/A | F28: =IF(Inicial!M28="SI",Inicial!F28,"N/A") -> N/A | G28: =IF(Inicial!M28="SI",Inicial!G28,"N/A") -> N/A | H28: =IF(Inicial!M28="SI",Inicial!H28,"N/A") -> N/A | I28: =IF(Inicial!M28="SI",Inicial!I28,"N/A") -> N/A | J28: SI | K28: SI | L28: SI | M28: SI | N28: SI | O28: SI | P28: SI | Q28: SI | R28: SI | S28: SI | T28: SI | U28: NO | V28: SI | W28: {=IF(OR(M28:V28="NO"),"No aceptable","Aceptable")} -> No aceptable | X28: NO | Y28: NO | Z28: NO | AA28: NO | AB28: NO | AC28: NO | AD28: NO | AE28: NO | AF28: NO | AG28: NO | AH28: NO | AI28: NO | AJ28: NO | AK28: NO | AL28: NO | AM28: NO | AN28: {=IF(OR(AA28:AM28="SI"),"Critico","No Critico")} -> No Critico
A29: =Inicial!A29 -> 27 | B29: =Inicial!B29 -> Faenación | C29: =Inicial!C29 -> Eviscerado | D29: =Inicial!D29 -> Auroceculitis | E29: =IF(Inicial!M29="SI",Inicial!E29,"N/A") -> N/A | F29: =IF(Inicial!M29="SI",Inicial!F29,"N/A") -> N/A | G29: =IF(Inicial!M29="SI",Inicial!G29,"N/A") -> N/A | H29: =IF(Inicial!M29="SI",Inicial!H29,"N/A") -> N/A | I29: =IF(Inicial!M29="SI",Inicial!I29,"N/A") -> N/A | W29: {=IF(OR(M29:V29="NO"),"No aceptable","Aceptable")} -> Aceptable | AN29: {=IF(OR(AA29:AM29="SI"),"Critico","No Critico")} -> No Critico
A30: =Inicial!A30 -> 28 | B30: =Inicial!B30 -> Faenación | C30: =Inicial!C30 -> Eviscerado | D30: =Inicial!D30 -> Jefe de línea | E30: =IF(Inicial!M30="SI",Inicial!E30,"N/A") -> N/A | F30: =IF(Inicial!M30="SI",Inicial!F30,"N/A") -> N/A | G30: =IF(Inicial!M30="SI",Inicial!G30,"N/A") -> N/A | H30: =IF(Inicial!M30="SI",Inicial!H30,"N/A") -> N/A | I30: =IF(Inicial!M30="SI",Inicial!I30,"N/A") -> N/A | W30: {=IF(OR(M30:V30="NO"),"No aceptable","Aceptable")} -> Aceptable | AN30: {=IF(OR(AA30:AM30="SI"),"Critico","No Critico")} -> No Critico
A31: =Inicial!A31 -> 29 | B31: =Inicial!B31 -> Faenación | C31: =Inicial!C31 -> Eviscerado | D31: =Inicial!D31 -> Supervisor | E31: =IF(Inicial!M31="SI",Inicial!E31,"N/A") -> N/A | F31: =IF(Inicial!M31="SI",Inicial!F31,"N/A") -> N/A | G31: =IF(Inicial!M31="SI",Inicial!G31,"N/A") -> N/A | H31: =IF(Inicial!M31="SI",Inicial!H31,"N/A") -> N/A | I31: =IF(Inicial!M31="SI",Inicial!I31,"N/A") -> N/A | W31: {=IF(OR(M31:V31="NO"),"No aceptable","Aceptable")} -> Aceptable | AN31: {=IF(OR(AA31:AM31="SI"),"Critico","No Critico")} -> No Critico
A32: =Inicial!A32 -> 30 | B32: =Inicial!B32 -> Faenación | C32: =Inicial!C32 -> Garras | D32: =Inicial!D32 -> Cinta Decomiso | E32: =IF(Inicial!M32="SI",Inicial!E32,"N/A") -> N/A | F32: =IF(Inicial!M32="SI",Inicial!F32,"N/A") -> N/A | G32: =IF(Inicial!M32="SI",Inicial!G32,"N/A") -> N/A | H32: =IF(Inicial!M32="SI",Inicial!H32,"N/A") -> N/A | I32: =IF(Inicial!M32="SI",Inicial!I32,"N/A") -> N/A | W32: {=IF(OR(M32:V32="NO"),"No aceptable","Aceptable")} -> Aceptable | AN32: {=IF(OR(AA32:AM32="SI"),"Critico","No Critico")} -> No Critico
A33: =Inicial!A33 -> 31 | B33: =Inicial!B33 -> Faenación | C33: =Inicial!C33 -> Garras | D33: =Inicial!D33 -> Embolsado Tolva/Seleccionador de Garras en Tolva | E33: =IF(Inicial!M33="SI",Inicial!E33,"N/A") -> N/A | F33: =IF(Inicial!M33="SI",Inicial!F33,"N/A") -> N/A | G33: =IF(Inicial!M33="SI",Inicial!G33,"N/A") -> N/A | H33: =IF(Inicial!M33="SI",Inicial!H33,"N/A") -> N/A | I33: =IF(Inicial!M33="SI",Inicial!I33,"N/A") -> N/A | W33: {=IF(OR(M33:V33="NO"),"No aceptable","Aceptable")} -> Aceptable | AN33: {=IF(OR(AA33:AM33="SI"),"Critico","No Critico")} -> No Critico
A34: =Inicial!A34 -> 32 | B34: =Inicial!B34 -> Faenación | C34: =Inicial!C34 -> Garras | D34: =Inicial!D34 -> Pesador de garras | E34: =IF(Inicial!M34="SI",Inicial!E34,"N/A") -> N/A | F34: =IF(Inicial!M34="SI",Inicial!F34,"N/A") -> N/A | G34: =IF(Inicial!M34="SI",Inicial!G34,"N/A") -> N/A | H34: =IF(Inicial!M34="SI",Inicial!H34,"N/A") -> N/A | I34: =IF(Inicial!M34="SI",Inicial!I34,"N/A") -> N/A | W34: {=IF(OR(M34:V34="NO"),"No aceptable","Aceptable")} -> Aceptable | AN34: {=IF(OR(AA34:AM34="SI"),"Critico","No Critico")} -> No Critico
A35: =Inicial!A35 -> 33 | B35: =Inicial!B35 -> Faenación | C35: =Inicial!C35 -> Garras | D35: =Inicial!D35 -> Repaso de callos | E35: =IF(Inicial!M35="SI",Inicial!E35,"N/A") -> N/A | F35: =IF(Inicial!M35="SI",Inicial!F35,"N/A") -> N/A | G35: =IF(Inicial!M35="SI",Inicial!G35,"N/A") -> N/A | H35: =IF(Inicial!M35="SI",Inicial!H35,"N/A") -> N/A | I35: =IF(Inicial!M35="SI",Inicial!I35,"N/A") -> N/A | W35: {=IF(OR(M35:V35="NO"),"No aceptable","Aceptable")} -> Aceptable | AN35: {=IF(OR(AA35:AM35="SI"),"Critico","No Critico")} -> No Critico
A36: =Inicial!A36 -> 34 | B36: =Inicial!B36 -> Faenación | C36: =Inicial!C36 -> Garras | D36: =Inicial!D36 -> Traslado de Garra Larga | E36: =IF(Inicial!M36="SI",Inicial!E36,"N/A") -> N/A | F36: =IF(Inicial!M36="SI",Inicial!F36,"N/A") -> N/A | G36: =IF(Inicial!M36="SI",Inicial!G36,"N/A") -> N/A | H36: =IF(Inicial!M36="SI",Inicial!H36,"N/A") -> N/A | I36: =IF(Inicial!M36="SI",Inicial!I36,"N/A") -> N/A | J36: NO | K36: SI | L36: SI | M36: N/A | N36: SI | O36: N/A | P36: N/A | Q36: N/A | R36: SI | S36: SI | T36: SI | U36: SI | V36: SI | W36: {=IF(OR(M36:V36="NO"),"No aceptable","Aceptable")} -> Aceptable | AN36: {=IF(OR(AA36:AM36="SI"),"Critico","No Critico")} -> No Critico
A37: =Inicial!A37 -> 35 | B37: =Inicial!B37 -> Faenación | C37: =Inicial!C37 -> Garras | D37: =Inicial!D37 -> Seleccionador de garra | E37: =IF(Inicial!M37="SI",Inicial!E37,"N/A") -> N/A | F37: =IF(Inicial!M37="SI",Inicial!F37,"N/A") -> N/A | G37: =IF(Inicial!M37="SI",Inicial!G37,"N/A") -> N/A | H37: =IF(Inicial!M37="SI",Inicial!H37,"N/A") -> N/A | I37: =IF(Inicial!M37="SI",Inicial!I37,"N/A") -> N/A | W37: {=IF(OR(M37:V37="NO"),"No aceptable","Aceptable")} -> Aceptable | AN37: {=IF(OR(AA37:AM37="SI"),"Critico","No Critico")} -> No Critico
A38: =Inicial!A38 -> 36 | B38: =Inicial!B38 -> Faenación | C38: =Inicial!C38 -> Garras | D38: =Inicial!D38 -> Embalando garras | E38: =IF(Inicial!M38="SI",Inicial!E38,"N/A") -> N/A | F38: =IF(Inicial!M38="SI",Inicial!F38,"N/A") -> N/A | G38: =IF(Inicial!M38="SI",Inicial!G38,"N/A") -> N/A | H38: =IF(Inicial!M38="SI",Inicial!H38,"N/A") -> N/A | I38: =IF(Inicial!M38="SI",Inicial!I38,"N/A") -> N/A | W38: {=IF(OR(M38:V38="NO"),"No aceptable","Aceptable")} -> Aceptable | AN38: {=IF(OR(AA38:AM38="SI"),"Critico","No Critico")} -> No Critico
